Mã đơn/điều chỉnh,Loại,Thời gian tạo đơn,Thời gian tất toán đơn,Tiền tệ,Tổng số tiền tất toán,Tổng doanh thu,Tổng sau giảm giá của người bán,Tổng trước giảm giá,Giảm giá của người bán,Tổng hoàn sau giảm giá của người bán,Tổng hoàn trước giảm giá của người bán,Hoàn phần giảm giá của người bán,Tổng phí,Phí giao dịch,Phí hoa hồng TikTok Shop,Phí vận chuyển do người bán trả,Phí vận chuyển thực tế,Ưu đãi phí vận chuyển của sàn,Phí vận chuyển khách trả,Phí hoàn hàng thực tế,Hoàn phí vận chuyển khách,Hoàn tiền SFR,Trợ giá giao hàng thất bại,Trợ giá phí vận chuyển,Hoa hồng affiliate,Hoa hồng affiliate trước PIT,Thuế TNCN khấu trừ từ hoa hồng affiliate,Hoa hồng quảng cáo Shop Ads,Hoa hồng quảng cáo Shop Ads trước PIT,Thuế TNCN khấu trừ từ hoa hồng quảng cáo Shop Ads,Hoa hồng đối tác affiliate,Ký quỹ hoa hồng affiliate,Hoàn hoa hồng affiliate,Phí quảng cáo TAP Shop Ads,Phí dịch vụ SFP,Phí dịch vụ hoàn tiền Bonus,Phí dịch vụ LIVE Specials,Phí dịch vụ Voucher Xtra,Phí xử lý đơn hàng,Phí dịch vụ EAMS,Phí dịch vụ Flash Sale,Thuế VAT khấu trừ bởi TikTok Shop,Thuế TNCN khấu trừ bởi TikTok Shop,Phí chương trình TikTok PayLater,Phí tài nguyên chiến dịch,Phí dịch vụ SFR,Số tiền điều chỉnh,Mã đơn liên quan,Thanh toán của khách,Hoàn tiền cho khách,Giảm giá voucher đồng tài trợ bởi người bán,Hoàn giảm giá voucher đồng tài trợ bởi người bán,Giảm giá từ sàn,Hoàn giảm giá từ sàn,Giảm giá voucher đồng tài trợ bởi sàn,Hoàn giảm giá voucher đồng tài trợ bởi sàn,Giảm phí vận chuyển của người bán,Khối lượng gói ước tính (g),Khối lượng gói thực tế (g)
581004633936791270,Order,2025/11/01,2025/11/07,VND,84291,135000,135000,150000,-15000,0,0,0,-50709,-5940,-11934,0,-26200,26200,0,0,0,0,0,0,-23760,-23760,0,0,0,0,0,0,0,0,0,0,0,-4050,-3000,0,0,-1350,-675,0,0,0,0,581004633936791270,118800,0,0,0,16200,0,0,0,0,210,210
580998997722760895,Order,2025/11/01,2025/11/07,VND,206498,324000,324000,360000,-36000,0,0,0,-117502,-14256,-28642,0,-47600,47600,0,0,0,0,0,0,-57024,-57024,0,0,0,0,0,0,0,0,0,0,0,-9720,-3000,0,0,-3240,-1620,0,0,0,0,580998997722760895,285120,0,0,0,38880,0,0,0,0,510,510
580997769248736795,Order,2025/11/01,2025/11/07,VND,163482,270000,270000,300000,-30000,0,0,0,-106518,-13500,-23868,0,-40000,40000,0,0,0,0,0,0,-54000,-54000,0,0,0,0,0,0,0,0,0,0,0,-8100,-3000,0,0,-2700,-1350,0,0,0,0,580997769248736795,270000,0,0,0,0,0,0,0,0,410,410
580997014375335094,Order,2025/11/01,2025/11/07,VND,87730,150000,150000,150000,0,0,0,0,-62270,-9260,-13260,0,-35200,0,35200,0,0,0,0,0,-30000,-30000,0,0,0,0,0,0,0,0,0,0,0,-4500,-3000,0,0,-1500,-750,0,0,0,0,580997014375335094,185200,0,0,0,0,0,0,0,0,200,200
580996791233709947,Order,2025/11/01,2025/11/07,VND,-40000,0,0,0,0,0,0,0,-40000,0,0,-40000,-40000,0,0,0,0,0,0,0,0,0,0,0,0,0,0,0,0,0,0,0,0,0,0,0,0,0,0,0,0,0,0,580996791233709947,0,0,0,0,0,0,0,0,0,500,500
580996767713035279,Order,2025/11/01,2025/11/07,VND,-40000,0,0,0,0,0,0,0,-40000,0,0,-40000,-40000,0,0,0,0,0,0,0,0,0,0,0,0,0,0,0,0,0,0,0,0,0,0,0,0,0,0,0,0,0,0,580996767713035279,0,0,0,0,0,0,0,0,0,500,500
580992292823795087,Order,2025/10/31,2025/11/07,VND,93741,135000,135000,150000,-15000,0,0,0,-41259,-6750,-11934,0,-30300,30300,0,0,0,0,0,0,0,0,0,-13500,0,0,0,0,0,0,0,0,0,-4050,-3000,0,0,-1350,-675,0,0,0,0,580992292823795087,135000,0,0,0,0,0,0,0,0,210,210
580992159971313352,Order,2025/10/31,2025/11/07,VND,83709,121000,121000,150000,-29000,0,0,0,-37291,-6050,-10696,0,-40000,40000,0,0,0,0,0,0,0,0,0,-12100,0,0,0,0,0,0,0,0,0,-3630,-3000,0,0,-1210,-605,0,0,0,0,580992159971313352,121000,0,0,0,0,0,0,0,0,210,210
580992046652163841,Order,2025/10/31,2025/11/07,VND,80241,135000,135000,150000,-15000,0,0,0,-54759,-6750,-11934,0,-35200,35200,0,0,0,0,0,0,-27000,-27000,0,0,0,0,0,0,0,0,0,0,0,-4050,-3000,0,0,-1350,-675,0,0,0,0,580992046652163841,135000,0,0,0,0,0,0,0,0,210,210
580991749080975046,Order,2025/10/31,2025/11/07,VND,411137,648000,648000,720000,-72000,0,0,0,-236863,-29484,-57283,0,-34000,34000,0,0,0,0,0,0,-117936,-117936,0,0,0,0,0,0,0,0,0,0,0,-19440,-3000,0,0,-6480,-3240,0,0,0,0,580991749080975046,589680,0,0,0,58320,0,0,0,0,1030,1030
580991659762746608,Order,2025/10/31,2025/11/07,VND,93741,135000,135000,150000,-15000,0,0,0,-41259,-6750,-11934,0,-30300,30300,0,0,0,0,0,0,0,0,0,-13500,0,0,0,0,0,0,0,0,0,-4050,-3000,0,0,-1350,-675,0,0,0,0,580991659762746608,135000,0,0,0,0,0,0,0,0,210,210
580991570950718773,Order,2025/10/31,2025/11/07,VND,80241,135000,135000,150000,-15000,0,0,0,-54759,-6750,-11934,0,-35200,35200,0,0,0,0,0,0,-27000,-27000,0,0,0,0,0,0,0,0,0,0,0,-4050,-3000,0,0,-1350,-675,0,0,0,0,580991570950718773,135000,0,0,0,0,0,0,0,0,210,210
580991225114298270,Order,2025/10/31,2025/11/07,VND,233172,324000,324000,360000,-36000,0,0,0,-90828,-15122,-28642,0,-47600,40000,7600,0,0,0,0,0,0,0,0,-29484,0,0,0,0,0,0,0,0,0,-9720,-3000,0,0,-3240,-1620,0,0,0,0,580991225114298270,302440,0,0,0,29160,0,0,0,0,510,510
580990924766938201,Order,2025/10/31,2025/11/07,VND,413205,675000,675000,750000,-75000,0,0,0,-261795,-33750,-59670,0,-55400,55400,0,0,0,0,0,0,-135000,-135000,0,0,0,0,0,0,0,0,0,0,0,-20250,-3000,0,0,-6750,-3375,0,0,0,0,580990924766938201,675000,0,0,0,0,0,0,0,0,1030,1030
580990920233748346,Order,2025/10/31,2025/11/07,VND,93741,135000,135000,150000,-15000,0,0,0,-41259,-6750,-11934,0,-40000,40000,0,0,0,0,0,0,0,0,0,-13500,0,0,0,0,0,0,0,0,0,-4050,-3000,0,0,-1350,-675,0,0,0,0,580990920233748346,135000,0,0,0,0,0,0,0,0,210,210
580990854095668364,Order,2025/10/31,2025/11/07,VND,83209,121000,121000,150000,-29000,0,0,0,-37791,-6550,-10696,0,-40000,30000,10000,0,0,0,0,0,0,0,0,-12100,0,0,0,0,0,0,0,0,0,-3630,-3000,0,0,-1210,-605,0,0,0,0,580990854095668364,131000,0,0,0,0,0,0,0,0,210,210
580990794916856942,Order,2025/10/31,2025/11/07,VND,93741,135000,135000,150000,-15000,0,0,0,-41259,-6750,-11934,0,-40000,40000,0,0,0,0,0,0,0,0,0,-13500,0,0,0,0,0,0,0,0,0,-4050,-3000,0,0,-1350,-675,0,0,0,0,580990794916856942,135000,0,0,0,0,0,0,0,0,210,210
580990732534187718,Order,2025/10/31,2025/11/07,VND,228898,324000,324000,360000,-36000,0,0,0,-95102,-16480,-28642,0,-47600,42000,5600,0,0,0,0,0,0,0,0,-32400,0,0,0,0,0,0,0,0,0,-9720,-3000,0,0,-3240,-1620,0,0,0,0,580990732534187718,329600,0,0,0,0,0,0,0,0,510,510
580990676412761589,Order,2025/10/31,2025/11/07,VND,55478,83000,83000,110000,-27000,0,0,0,-27522,-5150,-7337,0,-40000,20000,20000,0,0,0,0,0,0,0,0,-8300,0,0,0,0,0,0,0,0,0,-2490,-3000,0,0,-830,-415,0,0,0,0,580990676412761589,103000,0,0,0,0,0,0,0,0,110,110
580990725215782610,Order,2025/10/31,2025/11/07,VND,83709,121000,121000,150000,-29000,0,0,0,-37291,-6050,-10696,0,-35200,35200,0,0,0,0,0,0,0,0,0,-12100,0,0,0,0,0,0,0,0,0,-3630,-3000,0,0,-1210,-605,0,0,0,0,580990725215782610,121000,0,0,0,0,0,0,0,0,210,210
580990717536273935,Order,2025/10/31,2025/11/07,VND,56478,83000,83000,110000,-27000,0,0,0,-26522,-4150,-7337,0,-30300,30300,0,0,0,0,0,0,0,0,0,-8300,0,0,0,0,0,0,0,0,0,-2490,-3000,0,0,-830,-415,0,0,0,0,580990717536273935,83000,0,0,0,0,0,0,0,0,110,110
580990498863351444,Order,2025/10/31,2025/11/07,VND,80241,135000,135000,150000,-15000,0,0,0,-54759,-6750,-11934,0,-40000,40000,0,0,0,0,0,0,-27000,-27000,0,0,0,0,0,0,0,0,0,0,0,-4050,-3000,0,0,-1350,-675,0,0,0,0,580990498863351444,135000,0,0,0,0,0,0,0,0,210,210
580990418736415964,Order,2025/10/31,2025/11/07,VND,119951,176400,176400,294000,-117600,0,0,0,-56449,-8820,-19051,0,-40000,40000,0,0,0,0,0,0,-17640,-17640,0,0,0,0,0,0,0,0,0,0,0,-5292,-3000,0,0,-1764,-882,0,0,0,0,580990418736415964,176400,0,0,0,0,0,0,0,0,60,60
580990378067002588,Order,2025/10/31,2025/11/07,VND,80241,135000,135000,150000,-15000,0,0,0,-54759,-6750,-11934,0,-40000,40000,0,0,0,0,0,0,-27000,-27000,0,0,0,0,0,0,0,0,0,0,0,-4050,-3000,0,0,-1350,-675,0,0,0,0,580990378067002588,135000,0,0,0,0,0,0,0,0,210,210
580986485456668497,Order,2025/10/31,2025/11/07,VND,863160,1350000,1350000,1500000,-150000,0,0,0,-486840,-60750,-119340,0,-38100,38100,0,0,0,0,0,0,-243000,-243000,0,0,0,0,0,0,0,0,0,0,0,-40500,-3000,0,0,-13500,-6750,0,0,0,0,580986485456668497,1215000,0,0,0,135000,0,0,0,0,2030,2030
580978522156467944,Order,2025/10/30,2025/11/07,VND,80241,135000,135000,150000,-15000,0,0,0,-54759,-6750,-11934,0,-40000,40000,0,0,0,0,0,0,-27000,-27000,0,0,0,0,0,0,0,0,0,0,0,-4050,-3000,0,0,-1350,-675,0,0,0,0,580978522156467944,135000,0,0,0,0,0,0,0,0,210,210
580977456428320189,Order,2025/10/30,2025/11/07,VND,711031,972000,972000,1080000,-108000,0,0,0,-260969,-42768,-85925,0,-61700,61700,0,0,0,0,0,0,0,0,0,-85536,0,0,0,0,0,0,0,0,0,-29160,-3000,0,0,-9720,-4860,0,0,0,0,580977456428320189,855360,0,0,0,116640,0,0,0,0,1530,1530
580963947025434497,Order,2025/10/29,2025/11/07,VND,252889,415000,415000,550000,-135000,0,0,0,-162111,-20750,-36686,0,-35100,35100,0,0,0,0,0,0,-83000,-83000,0,0,0,0,0,0,0,0,0,0,0,-12450,-3000,0,0,-4150,-2075,0,0,0,0,580963947025434497,415000,0,0,0,0,0,0,0,0,510,510
580962435277555401,Order,2025/10/29,2025/11/07,VND,357162,576000,576000,720000,-144000,0,0,0,-218838,-27800,-50918,0,-34000,34000,0,0,0,0,0,0,-111200,-111200,0,0,0,0,0,0,0,0,0,0,0,-17280,-3000,0,0,-5760,-2880,0,0,0,0,580962435277555401,556000,0,0,0,20000,0,0,0,0,1030,1030
580950204979185518,Order,2025/10/28,2025/11/07,VND,203381,288000,288000,360000,-72000,0,0,0,-84619,-14400,-25459,0,-35100,35100,0,0,0,0,0,0,0,0,0,-28800,0,0,0,0,0,0,0,0,0,-8640,-3000,0,0,-2880,-1440,0,0,0,0,580950204979185518,288000,0,0,0,0,0,0,0,0,510,510
580950146324268910,Order,2025/10/28,2025/11/07,VND,47663,83000,83000,110000,-27000,0,0,0,-35337,-4665,-7337,0,-30300,20000,10300,0,0,0,0,0,-16600,-16600,0,0,0,0,0,0,0,0,0,0,0,-2490,-3000,0,0,-830,-415,0,0,0,0,580950146324268910,93300,0,0,0,0,0,0,0,0,110,110
580949936442803978,Order,2025/10/28,2025/11/07,VND,-40000,0,0,0,0,0,0,0,-40000,0,0,-40000,-40000,0,0,0,0,0,0,0,0,0,0,0,0,0,0,0,0,0,0,0,0,0,0,0,0,0,0,0,0,0,0,580949936442803978,0,0,0,0,0,0,0,0,0,210,210
580908637602088696,Order,2025/10/25,2025/11/07,VND,-40000,0,0,0,0,0,0,0,-40000,0,0,-40000,-48600,0,0,0,0,0,8600,0,0,0,0,0,0,0,0,0,0,0,0,0,0,0,0,0,0,0,0,0,0,0,0,580908637602088696,0,0,0,0,0,0,0,0,0,1030,1030
7569317581918963463,Logistics reimbursement,2025/11/06,2025/11/06,VND,123000,0,0,0,0,0,0,0,0,0,0,0,0,0,0,0,0,0,0,0,0,0,0,0,0,0,0,0,0,0,0,0,0,0,0,0,0,0,0,0,0,0,123000,580769530588661121,0,0,0,0,0,0,0,0,0,0,0
580993198678574867,Order,2025/10/31,2025/11/06,VND,146217,242000,242000,300000,-58000,0,0,0,-95783,-12100,-21393,0,-30300,30300,0,0,0,0,0,0,-48400,-48400,0,0,0,0,0,0,0,0,0,0,0,-7260,-3000,0,0,-2420,-1210,0,0,0,0,580993198678574867,242000,0,0,0,0,0,0,0,0,400,400
580991873431340886,Order,2025/10/31,2025/11/06,VND,80241,135000,135000,150000,-15000,0,0,0,-54759,-6750,-11934,0,-26200,26200,0,0,0,0,0,0,-27000,-27000,0,0,0,0,0,0,0,0,0,0,0,-4050,-3000,0,0,-1350,-675,0,0,0,0,580991873431340886,135000,0,0,0,0,0,0,0,0,210,210
580991178583475575,Order,2025/10/31,2025/11/06,VND,229178,324000,324000,360000,-36000,0,0,0,-94822,-16200,-28642,0,-47600,47600,0,0,0,0,0,0,0,0,0,-32400,0,0,0,0,0,0,0,0,0,-9720,-3000,0,0,-3240,-1620,0,0,0,0,580991178583475575,324000,0,0,0,0,0,0,0,0,510,510
580991021896860949,Order,2025/10/31,2025/11/06,VND,417617,648000,648000,720000,-72000,0,0,0,-230383,-28188,-57283,0,-39400,39400,0,0,0,0,0,0,-112752,-112752,0,0,0,0,0,0,0,0,0,0,0,-19440,-3000,0,0,-6480,-3240,0,0,0,0,580991021896860949,563760,0,0,0,84240,0,0,0,0,1030,1030
580990901348239179,Order,2025/10/31,2025/11/06,VND,83709,121000,121000,150000,-29000,0,0,0,-37291,-6050,-10696,0,-30300,30300,0,0,0,0,0,0,0,0,0,-12100,0,0,0,0,0,0,0,0,0,-3630,-3000,0,0,-1210,-605,0,0,0,0,580990901348239179,121000,0,0,0,0,0,0,0,0,210,210
580990826415163059,Order,2025/10/31,2025/11/06,VND,80241,135000,135000,150000,-15000,0,0,0,-54759,-6750,-11934,0,-35200,35200,0,0,0,0,0,0,-27000,-27000,0,0,0,0,0,0,0,0,0,0,0,-4050,-3000,0,0,-1350,-675,0,0,0,0,580990826415163059,135000,0,0,0,0,0,0,0,0,210,210
580990729811952894,Order,2025/10/31,2025/11/06,VND,80241,135000,135000,150000,-15000,0,0,0,-54759,-6750,-11934,0,-32000,32000,0,0,0,0,0,0,-27000,-27000,0,0,0,0,0,0,0,0,0,0,0,-4050,-3000,0,0,-1350,-675,0,0,0,0,580990729811952894,135000,0,0,0,0,0,0,0,0,210,210
580990693425251982,Order,2025/10/31,2025/11/06,VND,93241,135000,135000,150000,-15000,0,0,0,-41759,-7250,-11934,0,-40000,30000,10000,0,0,0,0,0,0,0,0,-13500,0,0,0,0,0,0,0,0,0,-4050,-3000,0,0,-1350,-675,0,0,0,0,580990693425251982,145000,0,0,0,0,0,0,0,0,210,210
580990672265381515,Order,2025/10/31,2025/11/06,VND,67943,99000,99000,110000,-11000,0,0,0,-31057,-4950,-8752,0,-30300,30300,0,0,0,0,0,0,0,0,0,-9900,0,0,0,0,0,0,0,0,0,-2970,-3000,0,0,-990,-495,0,0,0,0,580990672265381515,99000,0,0,0,0,0,0,0,0,110,110
580990565924505336,Order,2025/10/31,2025/11/06,VND,71609,121000,121000,150000,-29000,0,0,0,-49391,-6050,-10696,0,-35200,35200,0,0,0,0,0,0,-24200,-24200,0,0,0,0,0,0,0,0,0,0,0,-3630,-3000,0,0,-1210,-605,0,0,0,0,580990565924505336,121000,0,0,0,0,0,0,0,0,210,210
580990410462758808,Order,2025/10/31,2025/11/06,VND,172201,288000,288000,360000,-72000,0,0,0,-115799,-16780,-25459,0,-47600,0,47600,0,0,0,0,0,-57600,-57600,0,0,0,0,0,0,0,0,0,0,0,-8640,-3000,0,0,-2880,-1440,0,0,0,0,580990410462758808,335600,0,0,0,0,0,0,0,0,510,510
580987330297038544,Order,2025/10/31,2025/11/06,VND,-40000,0,0,0,0,0,0,0,-40000,0,0,-40000,-40000,0,0,0,0,0,0,0,0,0,0,0,0,0,0,0,0,0,0,0,0,0,0,0,0,0,0,0,0,0,0,580987330297038544,0,0,0,0,0,0,0,0,0,200,200
580984622426850537,Order,2025/10/31,2025/11/06,VND,80241,135000,135000,150000,-15000,0,0,0,-54759,-6750,-11934,0,-30300,30300,0,0,0,0,0,0,-27000,-27000,0,0,0,0,0,0,0,0,0,0,0,-4050,-3000,0,0,-1350,-675,0,0,0,0,580984622426850537,135000,0,0,0,0,0,0,0,0,210,210
580983281108616290,Order,2025/10/31,2025/11/06,VND,80241,135000,135000,150000,-15000,0,0,0,-54759,-6750,-11934,0,-40000,40000,0,0,0,0,0,0,-27000,-27000,0,0,0,0,0,0,0,0,0,0,0,-4050,-3000,0,0,-1350,-675,0,0,0,0,580983281108616290,135000,0,0,0,0,0,0,0,0,210,210
580979194702889986,Order,2025/10/30,2025/11/06,VND,80241,135000,135000,150000,-15000,0,0,0,-54759,-6750,-11934,0,-35200,35200,0,0,0,0,0,0,-27000,-27000,0,0,0,0,0,0,0,0,0,0,0,-4050,-3000,0,0,-1350,-675,0,0,0,0,580979194702889986,135000,0,0,0,0,0,0,0,0,210,210
580978931589743920,Order,2025/10/30,2025/11/06,VND,107998,159250,159250,245000,-85750,0,0,0,-51252,-7962,-17199,0,-30300,30300,0,0,0,0,0,0,-15925,-15925,0,0,0,0,0,0,0,0,0,0,0,-4778,-3000,0,0,-1592,-796,0,0,0,0,580978931589743920,159250,0,0,0,0,0,0,0,0,30,50
580978263960684443,Order,2025/10/30,2025/11/06,VND,80241,135000,135000,150000,-15000,0,0,0,-54759,-6750,-11934,0,-40000,40000,0,0,0,0,0,0,-27000,-27000,0,0,0,0,0,0,0,0,0,0,0,-4050,-3000,0,0,-1350,-675,0,0,0,0,580978263960684443,135000,0,0,0,0,0,0,0,0,210,210
580978276522035177,Order,2025/10/30,2025/11/06,VND,80241,135000,135000,150000,-15000,0,0,0,-54759,-6750,-11934,0,-40000,40000,0,0,0,0,0,0,-27000,-27000,0,0,0,0,0,0,0,0,0,0,0,-4050,-3000,0,0,-1350,-675,0,0,0,0,580978276522035177,135000,0,0,0,0,0,0,0,0,210,210
580978003062654834,Order,2025/10/30,2025/11/06,VND,80241,135000,135000,150000,-15000,0,0,0,-54759,-6750,-11934,0,-40000,40000,0,0,0,0,0,0,-27000,-27000,0,0,0,0,0,0,0,0,0,0,0,-4050,-3000,0,0,-1350,-675,0,0,0,0,580978003062654834,135000,0,0,0,0,0,0,0,0,210,210
580977562777388915,Order,2025/10/30,2025/11/06,VND,205308,324000,324000,360000,-36000,0,0,0,-118692,-14798,-28642,0,-47600,40000,7600,0,0,0,0,0,-57672,-57672,0,0,0,0,0,0,0,0,0,0,0,-9720,-3000,0,0,-3240,-1620,0,0,0,0,580977562777388915,295960,0,0,0,35640,0,0,0,0,510,510
580977350406472790,Order,2025/10/30,2025/11/06,VND,93741,135000,135000,150000,-15000,0,0,0,-41259,-6750,-11934,0,-40000,40000,0,0,0,0,0,0,0,0,0,-13500,0,0,0,0,0,0,0,0,0,-4050,-3000,0,0,-1350,-675,0,0,0,0,580977350406472790,135000,0,0,0,0,0,0,0,0,210,210
580977284956325218,Order,2025/10/30,2025/11/06,VND,93741,135000,135000,150000,-15000,0,0,0,-41259,-6750,-11934,0,-40000,40000,0,0,0,0,0,0,0,0,0,-13500,0,0,0,0,0,0,0,0,0,-4050,-3000,0,0,-1350,-675,0,0,0,0,580977284956325218,135000,0,0,0,0,0,0,0,0,210,210
580977308170355746,Order,2025/10/30,2025/11/06,VND,93741,135000,135000,150000,-15000,0,0,0,-41259,-6750,-11934,0,-26200,26200,0,0,0,0,0,0,0,0,0,-13500,0,0,0,0,0,0,0,0,0,-4050,-3000,0,0,-1350,-675,0,0,0,0,580977308170355746,135000,0,0,0,0,0,0,0,0,210,210
580977280161515282,Order,2025/10/30,2025/11/06,VND,58043,99000,99000,110000,-11000,0,0,0,-40957,-4950,-8752,0,-40000,40000,0,0,0,0,0,0,-19800,-19800,0,0,0,0,0,0,0,0,0,0,0,-2970,-3000,0,0,-990,-495,0,0,0,0,580977280161515282,99000,0,0,0,0,0,0,0,0,110,110
580977248337168215,Order,2025/10/30,2025/11/06,VND,93741,135000,135000,150000,-15000,0,0,0,-41259,-6750,-11934,0,-35200,35200,0,0,0,0,0,0,0,0,0,-13500,0,0,0,0,0,0,0,0,0,-4050,-3000,0,0,-1350,-675,0,0,0,0,580977248337168215,135000,0,0,0,0,0,0,0,0,210,210
580977183785190672,Order,2025/10/30,2025/11/06,VND,93741,135000,135000,150000,-15000,0,0,0,-41259,-6750,-11934,0,-35200,35200,0,0,0,0,0,0,0,0,0,-13500,0,0,0,0,0,0,0,0,0,-4050,-3000,0,0,-1350,-675,0,0,0,0,580977183785190672,135000,0,0,0,0,0,0,0,0,210,210
580977167312193250,Order,2025/10/30,2025/11/06,VND,83616,135000,135000,150000,-15000,0,0,0,-51384,-6075,-11934,0,-40000,40000,0,0,0,0,0,0,-24300,-24300,0,0,0,0,0,0,0,0,0,0,0,-4050,-3000,0,0,-1350,-675,0,0,0,0,580977167312193250,121500,0,0,0,13500,0,0,0,0,210,210
580977138104501805,Order,2025/10/30,2025/11/06,VND,80241,135000,135000,150000,-15000,0,0,0,-54759,-6750,-11934,0,-40000,40000,0,0,0,0,0,0,-27000,-27000,0,0,0,0,0,0,0,0,0,0,0,-4050,-3000,0,0,-1350,-675,0,0,0,0,580977138104501805,135000,0,0,0,0,0,0,0,0,210,210
580977131054073501,Order,2025/10/30,2025/11/06,VND,93741,135000,135000,150000,-15000,0,0,0,-41259,-6750,-11934,0,-40000,40000,0,0,0,0,0,0,0,0,0,-13500,0,0,0,0,0,0,0,0,0,-4050,-3000,0,0,-1350,-675,0,0,0,0,580977131054073501,135000,0,0,0,0,0,0,0,0,210,210
580977092832626262,Order,2025/10/30,2025/11/06,VND,98241,135000,135000,150000,-15000,0,0,0,-36759,-5250,-11934,0,-40000,40000,0,0,0,0,0,0,0,0,0,-10500,0,0,0,0,0,0,0,0,0,-4050,-3000,0,0,-1350,-675,0,0,0,0,580977092832626262,105000,0,0,0,30000,0,0,0,0,210,210
580977112289543637,Order,2025/10/30,2025/11/06,VND,206118,324000,324000,360000,-36000,0,0,0,-117882,-14636,-28642,0,-47600,40000,7600,0,0,0,0,0,-57024,-57024,0,0,0,0,0,0,0,0,0,0,0,-9720,-3000,0,0,-3240,-1620,0,0,0,0,580977112289543637,292720,0,0,0,38880,0,0,0,0,510,510
580977126168495133,Order,2025/10/30,2025/11/06,VND,80241,135000,135000,150000,-15000,0,0,0,-54759,-6750,-11934,0,-40000,40000,0,0,0,0,0,0,-27000,-27000,0,0,0,0,0,0,0,0,0,0,0,-4050,-3000,0,0,-1350,-675,0,0,0,0,580977126168495133,135000,0,0,0,0,0,0,0,0,210,210
580977011104122530,Order,2025/10/30,2025/11/06,VND,206498,324000,324000,360000,-36000,0,0,0,-117502,-14256,-28642,0,-47600,47600,0,0,0,0,0,0,-57024,-57024,0,0,0,0,0,0,0,0,0,0,0,-9720,-3000,0,0,-3240,-1620,0,0,0,0,580977011104122530,285120,0,0,0,38880,0,0,0,0,510,510
580977055074518584,Order,2025/10/30,2025/11/06,VND,80241,135000,135000,150000,-15000,0,0,0,-54759,-6750,-11934,0,-40000,40000,0,0,0,0,0,0,-27000,-27000,0,0,0,0,0,0,0,0,0,0,0,-4050,-3000,0,0,-1350,-675,0,0,0,0,580977055074518584,135000,0,0,0,0,0,0,0,0,210,210
580975219375703055,Order,2025/10/30,2025/11/06,VND,80241,135000,135000,150000,-15000,0,0,0,-54759,-6750,-11934,0,-40000,40000,0,0,0,0,0,0,-27000,-27000,0,0,0,0,0,0,0,0,0,0,0,-4050,-3000,0,0,-1350,-675,0,0,0,0,580975219375703055,135000,0,0,0,0,0,0,0,0,210,210
580963725593445994,Order,2025/10/29,2025/11/06,VND,174581,288000,288000,360000,-72000,0,0,0,-113419,-14400,-25459,0,-35100,35100,0,0,0,0,0,0,-57600,-57600,0,0,0,0,0,0,0,0,0,0,0,-8640,-3000,0,0,-2880,-1440,0,0,0,0,580963725593445994,288000,0,0,0,0,0,0,0,0,510,510
580963537721132735,Order,2025/10/29,2025/11/06,VND,48178,83000,83000,110000,-27000,0,0,0,-34822,-4150,-7337,0,-35200,35200,0,0,0,0,0,0,-16600,-16600,0,0,0,0,0,0,0,0,0,0,0,-2490,-3000,0,0,-830,-415,0,0,0,0,580963537721132735,83000,0,0,0,0,0,0,0,0,110,110
580963329981777700,Order,2025/10/29,2025/11/06,VND,170417,242000,242000,300000,-58000,0,0,0,-71583,-12100,-21393,0,-40000,40000,0,0,0,0,0,0,0,0,0,-24200,0,0,0,0,0,0,0,0,0,-7260,-3000,0,0,-2420,-1210,0,0,0,0,580963329981777700,242000,0,0,0,0,0,0,0,0,410,410
580912898888206335,Order,2025/10/26,2025/11/06,VND,225900,360000,360000,360000,0,0,0,0,-134100,-16020,-37800,0,-47600,47600,0,0,0,0,0,0,-64080,-64080,0,0,0,0,0,0,0,0,0,0,0,-10800,0,0,0,-3600,-1800,0,0,0,0,580912898888206335,320400,0,0,0,39600,0,0,0,0,510,510
580846397415851298,Order,2025/10/20,2025/11/06,VND,-40000,0,0,0,0,0,0,0,-40000,0,0,-40000,-40000,0,0,0,0,0,0,0,0,0,0,0,0,0,0,0,0,0,0,0,0,0,0,0,0,0,0,0,0,0,0,580846397415851298,0,0,0,0,0,0,0,0,0,200,200
580990502043157985,Order,2025/10/31,2025/11/05,VND,80241,135000,135000,150000,-15000,0,0,0,-54759,-6750,-11934,0,-26200,26200,0,0,0,0,0,0,-27000,-27000,0,0,0,0,0,0,0,0,0,0,0,-4050,-3000,0,0,-1350,-675,0,0,0,0,580990502043157985,135000,0,0,0,0,0,0,0,0,210,210
580990103246832763,Order,2025/10/31,2025/11/05,VND,71609,121000,121000,150000,-29000,0,0,0,-49391,-6050,-10696,0,-19700,19700,0,0,0,0,0,0,-24200,-24200,0,0,0,0,0,0,0,0,0,0,0,-3630,-3000,0,0,-1210,-605,0,0,0,0,580990103246832763,121000,0,0,0,0,0,0,0,0,210,210
580987331584034267,Order,2025/10/31,2025/11/05,VND,-30300,0,0,0,0,0,0,0,-30300,0,0,-30300,-30300,0,0,0,0,0,0,0,0,0,0,0,0,0,0,0,0,0,0,0,0,0,0,0,0,0,0,0,0,0,0,580987331584034267,0,0,0,0,0,0,0,0,0,100,100
580986206006576847,Order,2025/10/31,2025/11/05,VND,71609,121000,121000,150000,-29000,0,0,0,-49391,-6050,-10696,0,-40000,40000,0,0,0,0,0,0,-24200,-24200,0,0,0,0,0,0,0,0,0,0,0,-3630,-3000,0,0,-1210,-605,0,0,0,0,580986206006576847,121000,0,0,0,0,0,0,0,0,210,210
580979724353308075,Order,2025/10/30,2025/11/05,VND,58043,99000,99000,110000,-11000,0,0,0,-40957,-4950,-8752,0,-40000,40000,0,0,0,0,0,0,-19800,-19800,0,0,0,0,0,0,0,0,0,0,0,-2970,-3000,0,0,-990,-495,0,0,0,0,580979724353308075,99000,0,0,0,0,0,0,0,0,110,110
580978203781596419,Order,2025/10/30,2025/11/05,VND,80241,135000,135000,150000,-15000,0,0,0,-54759,-6750,-11934,0,-40000,40000,0,0,0,0,0,0,-27000,-27000,0,0,0,0,0,0,0,0,0,0,0,-4050,-3000,0,0,-1350,-675,0,0,0,0,580978203781596419,135000,0,0,0,0,0,0,0,0,210,210
580978111444125481,Order,2025/10/30,2025/11/05,VND,206498,324000,324000,360000,-36000,0,0,0,-117502,-14256,-28642,0,-47600,47600,0,0,0,0,0,0,-57024,-57024,0,0,0,0,0,0,0,0,0,0,0,-9720,-3000,0,0,-3240,-1620,0,0,0,0,580978111444125481,285120,0,0,0,38880,0,0,0,0,510,510
580977916015708131,Order,2025/10/30,2025/11/05,VND,80241,135000,135000,150000,-15000,0,0,0,-54759,-6750,-11934,0,-40000,40000,0,0,0,0,0,0,-27000,-27000,0,0,0,0,0,0,0,0,0,0,0,-4050,-3000,0,0,-1350,-675,0,0,0,0,580977916015708131,135000,0,0,0,0,0,0,0,0,210,210
580977214781360117,Order,2025/10/30,2025/11/05,VND,67683,99000,99000,110000,-11000,0,0,0,-31317,-5210,-8752,0,-35200,30000,5200,0,0,0,0,0,0,0,0,-9900,0,0,0,0,0,0,0,0,0,-2970,-3000,0,0,-990,-495,0,0,0,0,580977214781360117,104200,0,0,0,0,0,0,0,0,110,110
580977065560605827,Order,2025/10/30,2025/11/05,VND,80241,135000,135000,150000,-15000,0,0,0,-54759,-6750,-11934,0,-35200,35200,0,0,0,0,0,0,-27000,-27000,0,0,0,0,0,0,0,0,0,0,0,-4050,-3000,0,0,-1350,-675,0,0,0,0,580977065560605827,135000,0,0,0,0,0,0,0,0,210,210
580969941878736600,Order,2025/10/30,2025/11/05,VND,80241,135000,135000,150000,-15000,0,0,0,-54759,-6750,-11934,0,-40000,40000,0,0,0,0,0,0,-27000,-27000,0,0,0,0,0,0,0,0,0,0,0,-4050,-3000,0,0,-1350,-675,0,0,0,0,580969941878736600,135000,0,0,0,0,0,0,0,0,210,210
580967648607373272,Order,2025/10/30,2025/11/05,VND,66943,99000,99000,110000,-11000,0,0,0,-32057,-5950,-8752,0,-40000,20000,20000,0,0,0,0,0,0,0,0,-9900,0,0,0,0,0,0,0,0,0,-2970,-3000,0,0,-990,-495,0,0,0,0,580967648607373272,119000,0,0,0,0,0,0,0,0,110,110
580965154787853550,Order,2025/10/29,2025/11/05,VND,71609,121000,121000,150000,-29000,0,0,0,-49391,-6050,-10696,0,-40000,40000,0,0,0,0,0,0,-24200,-24200,0,0,0,0,0,0,0,0,0,0,0,-3630,-3000,0,0,-1210,-605,0,0,0,0,580965154787853550,121000,0,0,0,0,0,0,0,0,210,210
580964424726054431,Order,2025/10/29,2025/11/05,VND,174581,288000,288000,360000,-72000,0,0,0,-113419,-14400,-25459,0,-35100,35100,0,0,0,0,0,0,-57600,-57600,0,0,0,0,0,0,0,0,0,0,0,-8640,-3000,0,0,-2880,-1440,0,0,0,0,580964424726054431,288000,0,0,0,0,0,0,0,0,510,510
580964217761268894,Order,2025/10/29,2025/11/05,VND,352162,576000,576000,720000,-144000,0,0,0,-223838,-28800,-50918,0,-55400,55400,0,0,0,0,0,0,-115200,-115200,0,0,0,0,0,0,0,0,0,0,0,-17280,-3000,0,0,-5760,-2880,0,0,0,0,580964217761268894,576000,0,0,0,0,0,0,0,0,1030,1030
580963831181838152,Order,2025/10/29,2025/11/05,VND,388193,605000,605000,750000,-145000,0,0,0,-216807,-26620,-53482,0,-39400,39400,0,0,0,0,0,0,-106480,-106480,0,0,0,0,0,0,0,0,0,0,0,-18150,-3000,0,0,-6050,-3025,0,0,0,0,580963831181838152,532400,0,0,0,72600,0,0,0,0,1030,1030
580963758255801653,Order,2025/10/29,2025/11/05,VND,181061,288000,288000,360000,-72000,0,0,0,-106939,-13104,-25459,0,-47600,47600,0,0,0,0,0,0,-52416,-52416,0,0,0,0,0,0,0,0,0,0,0,-8640,-3000,0,0,-2880,-1440,0,0,0,0,580963758255801653,262080,0,0,0,25920,0,0,0,0,510,510
580963731394626896,Order,2025/10/29,2025/11/05,VND,181781,288000,288000,360000,-72000,0,0,0,-106219,-12960,-25459,0,-47600,47600,0,0,0,0,0,0,-51840,-51840,0,0,0,0,0,0,0,0,0,0,0,-8640,-3000,0,0,-2880,-1440,0,0,0,0,580963731394626896,259200,0,0,0,28800,0,0,0,0,510,510
580963735068902977,Order,2025/10/29,2025/11/05,VND,47178,83000,83000,110000,-27000,0,0,0,-35822,-5150,-7337,0,-40000,20000,20000,0,0,0,0,0,-16600,-16600,0,0,0,0,0,0,0,0,0,0,0,-2490,-3000,0,0,-830,-415,0,0,0,0,580963735068902977,103000,0,0,0,0,0,0,0,0,110,110
580963559032784376,Order,2025/10/29,2025/11/05,VND,56478,83000,83000,110000,-27000,0,0,0,-26522,-4150,-7337,0,-40000,40000,0,0,0,0,0,0,0,0,0,-8300,0,0,0,0,0,0,0,0,0,-2490,-3000,0,0,-830,-415,0,0,0,0,580963559032784376,83000,0,0,0,0,0,0,0,0,110,110
580963588992894496,Order,2025/10/29,2025/11/05,VND,55978,83000,83000,110000,-27000,0,0,0,-27022,-4650,-7337,0,-40000,30000,10000,0,0,0,0,0,0,0,0,-8300,0,0,0,0,0,0,0,0,0,-2490,-3000,0,0,-830,-415,0,0,0,0,580963588992894496,93000,0,0,0,0,0,0,0,0,110,110
580963495922074645,Order,2025/10/29,2025/11/05,VND,55978,83000,83000,110000,-27000,0,0,0,-27022,-4650,-7337,0,-40000,30000,10000,0,0,0,0,0,0,0,0,-8300,0,0,0,0,0,0,0,0,0,-2490,-3000,0,0,-830,-415,0,0,0,0,580963495922074645,93000,0,0,0,0,0,0,0,0,110,110
580963494311135053,Order,2025/10/29,2025/11/05,VND,82959,121000,121000,150000,-29000,0,0,0,-38041,-6800,-10696,0,-40000,25000,15000,0,0,0,0,0,0,0,0,-12100,0,0,0,0,0,0,0,0,0,-3630,-3000,0,0,-1210,-605,0,0,0,0,580963494311135053,136000,0,0,0,0,0,0,0,0,210,210
580963505058776186,Order,2025/10/29,2025/11/05,VND,83709,121000,121000,150000,-29000,0,0,0,-37291,-6050,-10696,0,-40000,40000,0,0,0,0,0,0,0,0,0,-12100,0,0,0,0,0,0,0,0,0,-3630,-3000,0,0,-1210,-605,0,0,0,0,580963505058776186,121000,0,0,0,0,0,0,0,0,210,210
580963354492962457,Order,2025/10/29,2025/11/05,VND,70609,121000,121000,150000,-29000,0,0,0,-50391,-7050,-10696,0,-40000,20000,20000,0,0,0,0,0,-24200,-24200,0,0,0,0,0,0,0,0,0,0,0,-3630,-3000,0,0,-1210,-605,0,0,0,0,580963354492962457,141000,0,0,0,0,0,0,0,0,210,210
580963236334110435,Order,2025/10/29,2025/11/05,VND,409762,576000,576000,720000,-144000,0,0,0,-166238,-28800,-50918,0,-39400,39400,0,0,0,0,0,0,0,0,0,-57600,0,0,0,0,0,0,0,0,0,-17280,-3000,0,0,-5760,-2880,0,0,0,0,580963236334110435,576000,0,0,0,0,0,0,0,0,1030,1030
580963039734433195,Order,2025/10/29,2025/11/05,VND,231801,288000,288000,360000,-72000,0,0,0,-56199,-14780,-25459,0,-47600,40000,7600,0,0,0,0,0,0,0,0,0,0,0,0,0,0,0,0,0,0,-8640,-3000,0,0,-2880,-1440,0,0,0,0,580963039734433195,295600,0,0,0,0,0,0,0,0,510,510
580963064484365622,Order,2025/10/29,2025/11/05,VND,56478,83000,83000,110000,-27000,0,0,0,-26522,-4150,-7337,0,-40000,40000,0,0,0,0,0,0,0,0,0,-8300,0,0,0,0,0,0,0,0,0,-2490,-3000,0,0,-830,-415,0,0,0,0,580963064484365622,83000,0,0,0,0,0,0,0,0,110,110
580962377744352725,Order,2025/10/29,2025/11/05,VND,174301,288000,288000,360000,-72000,0,0,0,-113699,-14680,-25459,0,-47600,42000,5600,0,0,0,0,0,-57600,-57600,0,0,0,0,0,0,0,0,0,0,0,-8640,-3000,0,0,-2880,-1440,0,0,0,0,580962377744352725,293600,0,0,0,0,0,0,0,0,510,510
580960166946440704,Order,2025/10/29,2025/11/05,VND,71609,121000,121000,150000,-29000,0,0,0,-49391,-6050,-10696,0,-40000,40000,0,0,0,0,0,0,-24200,-24200,0,0,0,0,0,0,0,0,0,0,0,-3630,-3000,0,0,-1210,-605,0,0,0,0,580960166946440704,121000,0,0,0,0,0,0,0,0,210,210
580953208764336025,Order,2025/10/28,2025/11/05,VND,181061,288000,288000,360000,-72000,0,0,0,-106939,-13104,-25459,0,-47600,47600,0,0,0,0,0,0,-52416,-52416,0,0,0,0,0,0,0,0,0,0,0,-8640,-3000,0,0,-2880,-1440,0,0,0,0,580953208764336025,262080,0,0,0,25920,0,0,0,0,510,510
580951113455077131,Order,2025/10/28,2025/11/05,VND,48178,83000,83000,110000,-27000,0,0,0,-34822,-4150,-7337,0,-19700,19700,0,0,0,0,0,0,-16600,-16600,0,0,0,0,0,0,0,0,0,0,0,-2490,-3000,0,0,-830,-415,0,0,0,0,580951113455077131,83000,0,0,0,0,0,0,0,0,110,110
580950022760334377,Order,2025/10/28,2025/11/05,VND,71609,121000,121000,150000,-29000,0,0,0,-49391,-6050,-10696,0,-40000,40000,0,0,0,0,0,0,-24200,-24200,0,0,0,0,0,0,0,0,0,0,0,-3630,-3000,0,0,-1210,-605,0,0,0,0,580950022760334377,121000,0,0,0,0,0,0,0,0,210,210
580949290152396551,Order,2025/10/28,2025/11/05,VND,83709,121000,121000,150000,-29000,0,0,0,-37291,-6050,-10696,0,-30300,30300,0,0,0,0,0,0,0,0,0,-12100,0,0,0,0,0,0,0,0,0,-3630,-3000,0,0,-1210,-605,0,0,0,0,580949290152396551,121000,0,0,0,0,0,0,0,0,210,210
580937284954588318,Order,2025/10/27,2025/11/05,VND,993896,1560000,1560000,1800000,-240000,0,0,0,-566104,-71000,-137904,0,-48100,48100,0,0,0,0,0,0,-284000,-284000,0,0,0,0,0,0,0,0,0,0,0,-46800,-3000,0,0,-15600,-7800,0,0,0,0,580937284954588318,1420000,0,-60000,0,140000,0,140000,0,0,2530,2530
580936835828385606,Order,2025/10/27,2025/11/05,VND,80241,135000,135000,150000,-15000,0,0,0,-54759,-6750,-11934,0,-40000,40000,0,0,0,0,0,0,-27000,-27000,0,0,0,0,0,0,0,0,0,0,0,-4050,-3000,0,0,-1350,-675,0,0,0,0,580936835828385606,135000,0,0,0,0,0,0,0,0,210,210
580923393388610587,Order,2025/10/26,2025/11/05,VND,58100,83000,83000,110000,-27000,0,0,0,-24900,-4150,-8715,0,-40000,40000,0,0,0,0,0,0,0,0,0,-8300,0,0,0,0,0,0,0,0,0,-2490,0,0,0,-830,-415,0,0,0,0,580923393388610587,83000,0,0,0,0,0,0,0,0,110,110
580915603861112310,Order,2025/10/26,2025/11/05,VND,-40000,0,0,0,0,0,0,0,-40000,0,0,-40000,-40000,0,0,0,0,0,0,0,0,0,0,0,0,0,0,0,0,0,0,0,0,0,0,0,0,0,0,0,0,0,0,580915603861112310,0,0,0,0,0,0,0,0,0,110,110
580913599465293622,Order,2025/10/26,2025/11/05,VND,76000,110000,110000,110000,0,0,0,0,-34000,-6500,-11550,0,-40000,20000,20000,0,0,0,0,0,0,0,0,-11000,0,0,0,0,0,0,0,0,0,-3300,0,0,0,-1100,-550,0,0,0,0,580913599465293622,130000,0,0,0,0,0,0,0,0,110,110
580896248239129767,Order,2025/10/24,2025/11/05,VND,58100,83000,83000,110000,-27000,0,0,0,-24900,-4150,-8715,0,-30300,30300,0,0,0,0,0,0,0,0,0,-8300,0,0,0,0,0,0,0,0,0,-2490,0,0,0,-830,-415,0,0,0,0,580896248239129767,83000,0,0,0,0,0,0,0,0,110,110
580895873184270149,Order,2025/10/24,2025/11/05,VND,-35200,0,0,0,0,0,0,0,-35200,0,0,-35200,-35200,0,0,0,0,0,0,0,0,0,0,0,0,0,0,0,0,0,0,0,0,0,0,0,0,0,0,0,0,0,0,580895873184270149,0,0,0,0,0,0,0,0,0,110,110
580848249718604897,Order,2025/10/21,2025/11/05,VND,-98759,0,1152000,1440000,-288000,-1152000,-1440000,288000,-98759,0,0,-98759,-68500,591,28500,-30850,-28500,0,0,0,0,0,0,0,0,0,0,0,0,0,0,0,0,0,0,0,0,0,0,0,0,0,0,580848249718604897,1180500,-1180500,0,0,0,0,0,0,0,2030,2030
580972488306426887,Order,2025/10/30,2025/11/04,VND,204878,324000,324000,360000,-36000,0,0,0,-119122,-14580,-28642,0,-41400,41400,0,0,0,0,0,0,-58320,-58320,0,0,0,0,0,0,0,0,0,0,0,-9720,-3000,0,0,-3240,-1620,0,0,0,0,580972488306426887,291600,0,0,0,32400,0,0,0,0,510,510
580966329256281296,Order,2025/10/29,2025/11/04,VND,80241,135000,135000,150000,-15000,0,0,0,-54759,-6750,-11934,0,-40000,40000,0,0,0,0,0,0,-27000,-27000,0,0,0,0,0,0,0,0,0,0,0,-4050,-3000,0,0,-1350,-675,0,0,0,0,580966329256281296,135000,0,0,0,0,0,0,0,0,210,210
580966064640722294,Order,2025/10/29,2025/11/04,VND,80241,135000,135000,150000,-15000,0,0,0,-54759,-6750,-11934,0,-30300,30300,0,0,0,0,0,0,-27000,-27000,0,0,0,0,0,0,0,0,0,0,0,-4050,-3000,0,0,-1350,-675,0,0,0,0,580966064640722294,135000,0,0,0,0,0,0,0,0,210,210
580965116514829655,Order,2025/10/29,2025/11/04,VND,360162,576000,576000,720000,-144000,0,0,0,-215838,-27200,-50918,0,-48600,48600,0,0,0,0,0,0,-108800,-108800,0,0,0,0,0,0,0,0,0,0,0,-17280,-3000,0,0,-5760,-2880,0,0,0,0,580965116514829655,544000,0,0,0,32000,0,0,0,0,1030,1030
580965047768090143,Order,2025/10/29,2025/11/04,VND,71609,121000,121000,150000,-29000,0,0,0,-49391,-6050,-10696,0,-30300,30300,0,0,0,0,0,0,-24200,-24200,0,0,0,0,0,0,0,0,0,0,0,-3630,-3000,0,0,-1210,-605,0,0,0,0,580965047768090143,121000,0,0,0,0,0,0,0,0,210,210
580964607727666334,Order,2025/10/29,2025/11/04,VND,87961,130500,130500,225000,-94500,0,0,0,-42539,-6525,-14094,0,-40000,40000,0,0,0,0,0,0,-13050,-13050,0,0,0,0,0,0,0,0,0,0,0,-3915,-3000,0,0,-1305,-650,0,0,0,0,580964607727666334,130500,0,0,0,0,0,0,0,0,50,50
580963822320518738,Order,2025/10/29,2025/11/04,VND,48178,83000,83000,110000,-27000,0,0,0,-34822,-4150,-7337,0,-35200,35200,0,0,0,0,0,0,-16600,-16600,0,0,0,0,0,0,0,0,0,0,0,-2490,-3000,0,0,-830,-415,0,0,0,0,580963822320518738,83000,0,0,0,0,0,0,0,0,110,110
580963778598634935,Order,2025/10/29,2025/11/04,VND,83709,121000,121000,150000,-29000,0,0,0,-37291,-6050,-10696,0,-26200,26200,0,0,0,0,0,0,0,0,0,-12100,0,0,0,0,0,0,0,0,0,-3630,-3000,0,0,-1210,-605,0,0,0,0,580963778598634935,121000,0,0,0,0,0,0,0,0,210,210
580963549547431128,Order,2025/10/29,2025/11/04,VND,55978,83000,83000,110000,-27000,0,0,0,-27022,-4650,-7337,0,-40000,30000,10000,0,0,0,0,0,0,0,0,-8300,0,0,0,0,0,0,0,0,0,-2490,-3000,0,0,-830,-415,0,0,0,0,580963549547431128,93000,0,0,0,0,0,0,0,0,110,110
580963350432417612,Order,2025/10/29,2025/11/04,VND,70609,121000,121000,150000,-29000,0,0,0,-50391,-7050,-10696,0,-40000,20000,20000,0,0,0,0,0,-24200,-24200,0,0,0,0,0,0,0,0,0,0,0,-3630,-3000,0,0,-1210,-605,0,0,0,0,580963350432417612,141000,0,0,0,0,0,0,0,0,210,210
580963204052846179,Order,2025/10/29,2025/11/04,VND,56478,83000,83000,110000,-27000,0,0,0,-26522,-4150,-7337,0,-30300,30300,0,0,0,0,0,0,0,0,0,-8300,0,0,0,0,0,0,0,0,0,-2490,-3000,0,0,-830,-415,0,0,0,0,580963204052846179,83000,0,0,0,0,0,0,0,0,110,110
580962983061587874,Order,2025/10/29,2025/11/04,VND,81949,121000,121000,150000,-29000,0,0,0,-39051,-7810,-10696,0,-35200,0,35200,0,0,0,0,0,0,0,0,-12100,0,0,0,0,0,0,0,0,0,-3630,-3000,0,0,-1210,-605,0,0,0,0,580962983061587874,156200,0,0,0,0,0,0,0,0,210,210
580962852676666824,Order,2025/10/29,2025/11/04,VND,203101,288000,288000,360000,-72000,0,0,0,-84899,-14680,-25459,0,-47600,42000,5600,0,0,0,0,0,0,0,0,-28800,0,0,0,0,0,0,0,0,0,-8640,-3000,0,0,-2880,-1440,0,0,0,0,580962852676666824,293600,0,0,0,0,0,0,0,0,510,510
580962657382205038,Order,2025/10/29,2025/11/04,VND,203381,288000,288000,360000,-72000,0,0,0,-84619,-14400,-25459,0,-35100,35100,0,0,0,0,0,0,0,0,0,-28800,0,0,0,0,0,0,0,0,0,-8640,-3000,0,0,-2880,-1440,0,0,0,0,580962657382205038,288000,0,0,0,0,0,0,0,0,510,510
580958772630357097,Order,2025/10/29,2025/11/04,VND,181061,288000,288000,360000,-72000,0,0,0,-106939,-13104,-25459,0,-47600,47600,0,0,0,0,0,0,-52416,-52416,0,0,0,0,0,0,0,0,0,0,0,-8640,-3000,0,0,-2880,-1440,0,0,0,0,580958772630357097,262080,0,0,0,25920,0,0,0,0,510,510
580956578404926833,Order,2025/10/29,2025/11/04,VND,-40000,0,0,0,0,0,0,0,-40000,0,0,-40000,-40000,0,0,0,0,0,0,0,0,0,0,0,0,0,0,0,0,0,0,0,0,0,0,0,0,0,0,0,0,0,0,580956578404926833,0,0,0,0,0,0,0,0,0,500,500
580953197033653384,Order,2025/10/28,2025/11/04,VND,71609,121000,121000,150000,-29000,0,0,0,-49391,-6050,-10696,0,-30300,30300,0,0,0,0,0,0,-24200,-24200,0,0,0,0,0,0,0,0,0,0,0,-3630,-3000,0,0,-1210,-605,0,0,0,0,580953197033653384,121000,0,0,0,0,0,0,0,0,210,210
580952637191587290,Order,2025/10/28,2025/11/04,VND,203381,288000,288000,360000,-72000,0,0,0,-84619,-14400,-25459,0,-41400,41400,0,0,0,0,0,0,0,0,0,-28800,0,0,0,0,0,0,0,0,0,-8640,-3000,0,0,-2880,-1440,0,0,0,0,580952637191587290,288000,0,0,0,0,0,0,0,0,510,510
580952077050938713,Order,2025/10/28,2025/11/04,VND,220826,363000,363000,450000,-87000,0,0,0,-142174,-18150,-32089,0,-35100,35100,0,0,0,0,0,0,-72600,-72600,0,0,0,0,0,0,0,0,0,0,0,-10890,-3000,0,0,-3630,-1815,0,0,0,0,580952077050938713,363000,0,0,0,0,0,0,0,0,610,610
580951452981298365,Order,2025/10/28,2025/11/04,VND,352162,576000,576000,720000,-144000,0,0,0,-223838,-28800,-50918,0,-39400,39400,0,0,0,0,0,0,-115200,-115200,0,0,0,0,0,0,0,0,0,0,0,-17280,-3000,0,0,-5760,-2880,0,0,0,0,580951452981298365,576000,0,0,0,0,0,0,0,0,1030,1030
580951373676053712,Order,2025/10/28,2025/11/04,VND,174581,288000,288000,360000,-72000,0,0,0,-113419,-14400,-25459,0,-35100,35100,0,0,0,0,0,0,-57600,-57600,0,0,0,0,0,0,0,0,0,0,0,-8640,-3000,0,0,-2880,-1440,0,0,0,0,580951373676053712,288000,0,0,0,0,0,0,0,0,510,510
580951102575511203,Order,2025/10/28,2025/11/04,VND,75826,110000,110000,110000,0,0,0,0,-34174,-5500,-9724,0,-30300,30300,0,0,0,0,0,0,0,0,0,-11000,0,0,0,0,0,0,0,0,0,-3300,-3000,0,0,-1100,-550,0,0,0,0,580951102575511203,110000,0,0,0,0,0,0,0,0,110,110
580950453253080094,Order,2025/10/28,2025/11/04,VND,48178,83000,83000,110000,-27000,0,0,0,-34822,-4150,-7337,0,-35200,35200,0,0,0,0,0,0,-16600,-16600,0,0,0,0,0,0,0,0,0,0,0,-2490,-3000,0,0,-830,-415,0,0,0,0,580950453253080094,83000,0,0,0,0,0,0,0,0,110,110
580950258814387550,Order,2025/10/28,2025/11/04,VND,49546,83000,83000,110000,-27000,0,0,0,-33454,-4276,-7337,0,-40000,30000,10000,0,0,0,0,0,-15106,-15106,0,0,0,0,0,0,0,0,0,0,0,-2490,-3000,0,0,-830,-415,0,0,0,0,580950258814387550,85530,0,0,0,7470,0,0,0,0,110,110
580950264681498008,Order,2025/10/28,2025/11/04,VND,55678,83000,83000,110000,-27000,0,0,0,-27322,-4950,-7337,0,-40000,24000,16000,0,0,0,0,0,0,0,0,-8300,0,0,0,0,0,0,0,0,0,-2490,-3000,0,0,-830,-415,0,0,0,0,580950264681498008,99000,0,0,0,0,0,0,0,0,110,110
580950209743979739,Order,2025/10/28,2025/11/04,VND,55478,83000,83000,110000,-27000,0,0,0,-27522,-5150,-7337,0,-40000,20000,20000,0,0,0,0,0,0,0,0,-8300,0,0,0,0,0,0,0,0,0,-2490,-3000,0,0,-830,-415,0,0,0,0,580950209743979739,103000,0,0,0,0,0,0,0,0,110,110
580950234865240013,Order,2025/10/28,2025/11/04,VND,55478,83000,83000,110000,-27000,0,0,0,-27522,-5150,-7337,0,-40000,20000,20000,0,0,0,0,0,0,0,0,-8300,0,0,0,0,0,0,0,0,0,-2490,-3000,0,0,-830,-415,0,0,0,0,580950234865240013,103000,0,0,0,0,0,0,0,0,110,110
580949939162875446,Order,2025/10/28,2025/11/04,VND,47678,83000,83000,110000,-27000,0,0,0,-35322,-4650,-7337,0,-40000,30000,10000,0,0,0,0,0,-16600,-16600,0,0,0,0,0,0,0,0,0,0,0,-2490,-3000,0,0,-830,-415,0,0,0,0,580949939162875446,93000,0,0,0,0,0,0,0,0,110,110
580949806622803102,Order,2025/10/28,2025/11/04,VND,174581,288000,288000,360000,-72000,0,0,0,-113419,-14400,-25459,0,-47600,47600,0,0,0,0,0,0,-57600,-57600,0,0,0,0,0,0,0,0,0,0,0,-8640,-3000,0,0,-2880,-1440,0,0,0,0,580949806622803102,288000,0,0,0,0,0,0,0,0,510,510
580949597356000265,Order,2025/10/28,2025/11/04,VND,56478,83000,83000,110000,-27000,0,0,0,-26522,-4150,-7337,0,-30300,30300,0,0,0,0,0,0,0,0,0,-8300,0,0,0,0,0,0,0,0,0,-2490,-3000,0,0,-830,-415,0,0,0,0,580949597356000265,83000,0,0,0,0,0,0,0,0,110,110
580877373274162526,Order,2025/10/23,2025/11/04,VND,-40000,0,0,0,0,0,0,0,-40000,0,0,-40000,-40000,0,0,0,0,0,0,0,0,0,0,0,0,0,0,0,0,0,0,0,0,0,0,0,0,0,0,0,0,0,0,580877373274162526,0,0,0,0,0,0,0,0,0,110,110
580865081786336839,Order,2025/10/22,2025/11/04,VND,-35200,0,0,0,0,0,0,0,-35200,0,0,-35200,-35200,0,0,0,0,0,0,0,0,0,0,0,0,0,0,0,0,0,0,0,0,0,0,0,0,0,0,0,0,0,0,580865081786336839,0,0,0,0,0,0,0,0,0,210,210
580962712154572690,Order,2025/10/29,2025/11/03,VND,48178,83000,83000,110000,-27000,0,0,0,-34822,-4150,-7337,0,-30300,30300,0,0,0,0,0,0,-16600,-16600,0,0,0,0,0,0,0,0,0,0,0,-2490,-3000,0,0,-830,-415,0,0,0,0,580962712154572690,83000,0,0,0,0,0,0,0,0,110,110
580959788801229856,Order,2025/10/29,2025/11/03,VND,-40000,0,0,0,0,0,0,0,-40000,0,0,-40000,-40000,0,0,0,0,0,0,0,0,0,0,0,0,0,0,0,0,0,0,0,0,0,0,0,0,0,0,0,0,0,0,580959788801229856,0,0,0,0,0,0,0,0,0,100,100
580957096934475713,Order,2025/10/29,2025/11/03,VND,71609,121000,121000,150000,-29000,0,0,0,-49391,-6050,-10696,0,-40000,40000,0,0,0,0,0,0,-24200,-24200,0,0,0,0,0,0,0,0,0,0,0,-3630,-3000,0,0,-1210,-605,0,0,0,0,580957096934475713,121000,0,0,0,0,0,0,0,0,210,210
580956542563681991,Order,2025/10/29,2025/11/03,VND,-30300,0,0,0,0,0,0,0,-30300,0,0,-30300,-30300,0,0,0,0,0,0,0,0,0,0,0,0,0,0,0,0,0,0,0,0,0,0,0,0,0,0,0,0,0,0,580956542563681991,0,0,0,0,0,0,0,0,0,200,200
580953487927969491,Order,2025/10/29,2025/11/03,VND,56478,83000,83000,110000,-27000,0,0,0,-26522,-4150,-7337,0,-30300,30300,0,0,0,0,0,0,0,0,0,-8300,0,0,0,0,0,0,0,0,0,-2490,-3000,0,0,-830,-415,0,0,0,0,580953487927969491,83000,0,0,0,0,0,0,0,0,110,110
580953428766787470,Order,2025/10/28,2025/11/03,VND,48178,83000,83000,110000,-27000,0,0,0,-34822,-4150,-7337,0,-30300,30300,0,0,0,0,0,0,-16600,-16600,0,0,0,0,0,0,0,0,0,0,0,-2490,-3000,0,0,-830,-415,0,0,0,0,580953428766787470,83000,0,0,0,0,0,0,0,0,110,110
580952394252190778,Order,2025/10/28,2025/11/03,VND,71109,121000,121000,150000,-29000,0,0,0,-49891,-6550,-10696,0,-40000,30000,10000,0,0,0,0,0,-24200,-24200,0,0,0,0,0,0,0,0,0,0,0,-3630,-3000,0,0,-1210,-605,0,0,0,0,580952394252190778,131000,0,0,0,0,0,0,0,0,210,210
580951747265988302,Order,2025/10/28,2025/11/03,VND,146217,242000,242000,300000,-58000,0,0,0,-95783,-12100,-21393,0,-40000,40000,0,0,0,0,0,0,-48400,-48400,0,0,0,0,0,0,0,0,0,0,0,-7260,-3000,0,0,-2420,-1210,0,0,0,0,580951747265988302,242000,0,0,0,0,0,0,0,0,410,410
580951344203728131,Order,2025/10/28,2025/11/03,VND,56478,83000,83000,110000,-27000,0,0,0,-26522,-4150,-7337,0,-40000,40000,0,0,0,0,0,0,0,0,0,-8300,0,0,0,0,0,0,0,0,0,-2490,-3000,0,0,-830,-415,0,0,0,0,580951344203728131,83000,0,0,0,0,0,0,0,0,110,110
580951288202495009,Order,2025/10/28,2025/11/03,VND,83709,121000,121000,150000,-29000,0,0,0,-37291,-6050,-10696,0,-40000,40000,0,0,0,0,0,0,0,0,0,-12100,0,0,0,0,0,0,0,0,0,-3630,-3000,0,0,-1210,-605,0,0,0,0,580951288202495009,121000,0,0,0,0,0,0,0,0,210,210
580950821491672477,Order,2025/10/28,2025/11/03,VND,48163,83000,83000,110000,-27000,0,0,0,-34837,-4165,-7337,0,-30300,30000,300,0,0,0,0,0,-16600,-16600,0,0,0,0,0,0,0,0,0,0,0,-2490,-3000,0,0,-830,-415,0,0,0,0,580950821491672477,83300,0,0,0,0,0,0,0,0,110,110
580950443076847346,Order,2025/10/28,2025/11/03,VND,83709,121000,121000,150000,-29000,0,0,0,-37291,-6050,-10696,0,-40000,40000,0,0,0,0,0,0,0,0,0,-12100,0,0,0,0,0,0,0,0,0,-3630,-3000,0,0,-1210,-605,0,0,0,0,580950443076847346,121000,0,0,0,0,0,0,0,0,210,210
580950309103502769,Order,2025/10/28,2025/11/03,VND,207701,288000,288000,360000,-72000,0,0,0,-80299,-12960,-25459,0,-47600,47600,0,0,0,0,0,0,0,0,0,-25920,0,0,0,0,0,0,0,0,0,-8640,-3000,0,0,-2880,-1440,0,0,0,0,580950309103502769,259200,0,0,0,28800,0,0,0,0,510,510
580950242372454039,Order,2025/10/28,2025/11/03,VND,174581,288000,288000,360000,-72000,0,0,0,-113419,-14400,-25459,0,-47600,47600,0,0,0,0,0,0,-57600,-57600,0,0,0,0,0,0,0,0,0,0,0,-8640,-3000,0,0,-2880,-1440,0,0,0,0,580950242372454039,288000,0,0,0,0,0,0,0,0,510,510
580950277131569051,Order,2025/10/28,2025/11/03,VND,83449,121000,121000,150000,-29000,0,0,0,-37551,-6310,-10696,0,-35200,30000,5200,0,0,0,0,0,0,0,0,-12100,0,0,0,0,0,0,0,0,0,-3630,-3000,0,0,-1210,-605,0,0,0,0,580950277131569051,126200,0,0,0,0,0,0,0,0,210,210
580950236009564033,Order,2025/10/28,2025/11/03,VND,83209,121000,121000,150000,-29000,0,0,0,-37791,-6550,-10696,0,-40000,30000,10000,0,0,0,0,0,0,0,0,-12100,0,0,0,0,0,0,0,0,0,-3630,-3000,0,0,-1210,-605,0,0,0,0,580950236009564033,131000,0,0,0,0,0,0,0,0,210,210
580950211007186875,Order,2025/10/28,2025/11/03,VND,56478,83000,83000,110000,-27000,0,0,0,-26522,-4150,-7337,0,-35200,35200,0,0,0,0,0,0,0,0,0,-8300,0,0,0,0,0,0,0,0,0,-2490,-3000,0,0,-830,-415,0,0,0,0,580950211007186875,83000,0,0,0,0,0,0,0,0,110,110
580950247609698297,Order,2025/10/28,2025/11/03,VND,83709,121000,121000,150000,-29000,0,0,0,-37291,-6050,-10696,0,-35200,35200,0,0,0,0,0,0,0,0,0,-12100,0,0,0,0,0,0,0,0,0,-3630,-3000,0,0,-1210,-605,0,0,0,0,580950247609698297,121000,0,0,0,0,0,0,0,0,210,210
580950262719153326,Order,2025/10/28,2025/11/03,VND,70849,121000,121000,150000,-29000,0,0,0,-50151,-6810,-10696,0,-35200,20000,15200,0,0,0,0,0,-24200,-24200,0,0,0,0,0,0,0,0,0,0,0,-3630,-3000,0,0,-1210,-605,0,0,0,0,580950262719153326,136200,0,0,0,0,0,0,0,0,210,210
580950193301587803,Order,2025/10/28,2025/11/03,VND,83709,121000,121000,150000,-29000,0,0,0,-37291,-6050,-10696,0,-40000,40000,0,0,0,0,0,0,0,0,0,-12100,0,0,0,0,0,0,0,0,0,-3630,-3000,0,0,-1210,-605,0,0,0,0,580950193301587803,121000,0,0,0,0,0,0,0,0,210,210
580950200886527150,Order,2025/10/28,2025/11/03,VND,179621,288000,288000,360000,-72000,0,0,0,-108379,-13392,-25459,0,-41400,41400,0,0,0,0,0,0,-53568,-53568,0,0,0,0,0,0,0,0,0,0,0,-8640,-3000,0,0,-2880,-1440,0,0,0,0,580950200886527150,267840,0,0,0,20160,0,0,0,0,510,510
580949752451729027,Order,2025/10/28,2025/11/03,VND,72831,121000,121000,150000,-29000,0,0,0,-48169,-7006,-10696,0,-40000,10000,30000,0,0,0,0,0,-22022,-22022,0,0,0,0,0,0,0,0,0,0,0,-3630,-3000,0,0,-1210,-605,0,0,0,0,580949752451729027,140110,0,0,0,10890,0,0,0,0,210,210
580949501431940245,Order,2025/10/28,2025/11/03,VND,83709,121000,121000,150000,-29000,0,0,0,-37291,-6050,-10696,0,-40000,40000,0,0,0,0,0,0,0,0,0,-12100,0,0,0,0,0,0,0,0,0,-3630,-3000,0,0,-1210,-605,0,0,0,0,580949501431940245,121000,0,0,0,0,0,0,0,0,210,210
580949425593484466,Order,2025/10/28,2025/11/03,VND,83709,121000,121000,150000,-29000,0,0,0,-37291,-6050,-10696,0,-30300,30300,0,0,0,0,0,0,0,0,0,-12100,0,0,0,0,0,0,0,0,0,-3630,-3000,0,0,-1210,-605,0,0,0,0,580949425593484466,121000,0,0,0,0,0,0,0,0,210,210
580946445882328419,Order,2025/10/28,2025/11/03,VND,71609,121000,121000,150000,-29000,0,0,0,-49391,-6050,-10696,0,-35200,35200,0,0,0,0,0,0,-24200,-24200,0,0,0,0,0,0,0,0,0,0,0,-3630,-3000,0,0,-1210,-605,0,0,0,0,580946445882328419,121000,0,0,0,0,0,0,0,0,210,210
580944450421295013,Order,2025/10/28,2025/11/03,VND,71109,121000,121000,150000,-29000,0,0,0,-49891,-6550,-10696,0,-40000,30000,10000,0,0,0,0,0,-24200,-24200,0,0,0,0,0,0,0,0,0,0,0,-3630,-3000,0,0,-1210,-605,0,0,0,0,580944450421295013,131000,0,0,0,0,0,0,0,0,210,210
580942597392926364,Order,2025/10/28,2025/11/03,VND,409092,576000,576000,720000,-144000,0,0,0,-166908,-29470,-50918,0,-55400,42000,13400,0,0,0,0,0,0,0,0,-57600,0,0,0,0,0,0,0,0,0,-17280,-3000,0,0,-5760,-2880,0,0,0,0,580942597392926364,589400,0,0,0,0,0,0,0,0,1030,1030
580938867184731887,Order,2025/10/27,2025/11/03,VND,80241,135000,135000,150000,-15000,0,0,0,-54759,-6750,-11934,0,-40000,40000,0,0,0,0,0,0,-27000,-27000,0,0,0,0,0,0,0,0,0,0,0,-4050,-3000,0,0,-1350,-675,0,0,0,0,580938867184731887,135000,0,0,0,0,0,0,0,0,210,210
580938115579610636,Order,2025/10/27,2025/11/03,VND,196293,309420,309420,360000,-50580,0,0,0,-113127,-13770,-27353,0,-35100,35100,0,0,0,0,0,0,-55080,-55080,0,0,0,0,0,0,0,0,0,0,0,-9283,-3000,0,0,-3094,-1547,0,0,0,0,580938115579610636,275400,0,-14580,0,34020,0,34020,0,0,510,510
580936808585200665,Order,2025/10/27,2025/11/03,VND,196293,309420,309420,360000,-50580,0,0,0,-113127,-13770,-27353,0,-47600,47600,0,0,0,0,0,0,-55080,-55080,0,0,0,0,0,0,0,0,0,0,0,-9283,-3000,0,0,-3094,-1547,0,0,0,0,580936808585200665,275400,0,-14580,0,34020,0,34020,0,0,510,510
580936789402354875,Order,2025/10/27,2025/11/03,VND,95766,135000,135000,150000,-15000,0,0,0,-39234,-6075,-11934,0,-35200,35200,0,0,0,0,0,0,0,0,0,-12150,0,0,0,0,0,0,0,0,0,-4050,-3000,0,0,-1350,-675,0,0,0,0,580936789402354875,121500,0,0,0,13500,0,0,0,0,210,210
580936788179388073,Order,2025/10/27,2025/11/03,VND,194982,270000,270000,300000,-30000,0,0,0,-75018,-12000,-23868,0,-30300,30300,0,0,0,0,0,0,0,0,0,-24000,0,0,0,0,0,0,0,0,0,-8100,-3000,0,0,-2700,-1350,0,0,0,0,580936788179388073,240000,0,0,0,30000,0,0,0,0,410,410
580936676311139444,Order,2025/10/27,2025/11/03,VND,453107,625500,625500,720000,-94500,0,0,0,-172393,-28650,-55294,0,-55400,55400,0,0,0,0,0,0,0,0,0,-57300,0,0,0,0,0,0,0,0,0,-18765,-3000,0,0,-6256,-3128,0,0,0,0,580936676311139444,573000,0,-22500,0,52500,0,52500,0,0,1030,1030
580936721826481714,Order,2025/10/27,2025/11/03,VND,83709,121000,121000,150000,-29000,0,0,0,-37291,-6050,-10696,0,-40000,40000,0,0,0,0,0,0,0,0,0,-12100,0,0,0,0,0,0,0,0,0,-3630,-3000,0,0,-1210,-605,0,0,0,0,580936721826481714,121000,0,0,0,0,0,0,0,0,210,210
580936629913617437,Order,2025/10/27,2025/11/03,VND,80241,135000,135000,150000,-15000,0,0,0,-54759,-6750,-11934,0,-40000,40000,0,0,0,0,0,0,-27000,-27000,0,0,0,0,0,0,0,0,0,0,0,-4050,-3000,0,0,-1350,-675,0,0,0,0,580936629913617437,135000,0,0,0,0,0,0,0,0,210,210
580936449499760033,Order,2025/10/27,2025/11/03,VND,80241,135000,135000,150000,-15000,0,0,0,-54759,-6750,-11934,0,-40000,40000,0,0,0,0,0,0,-27000,-27000,0,0,0,0,0,0,0,0,0,0,0,-4050,-3000,0,0,-1350,-675,0,0,0,0,580936449499760033,135000,0,0,0,0,0,0,0,0,210,210
580936077317998316,Order,2025/10/27,2025/11/03,VND,80241,135000,135000,150000,-15000,0,0,0,-54759,-6750,-11934,0,-35200,35200,0,0,0,0,0,0,-27000,-27000,0,0,0,0,0,0,0,0,0,0,0,-4050,-3000,0,0,-1350,-675,0,0,0,0,580936077317998316,135000,0,0,0,0,0,0,0,0,210,210
580935448781096338,Order,2025/10/27,2025/11/03,VND,163482,270000,270000,300000,-30000,0,0,0,-106518,-13500,-23868,0,-40000,40000,0,0,0,0,0,0,-54000,-54000,0,0,0,0,0,0,0,0,0,0,0,-8100,-3000,0,0,-2700,-1350,0,0,0,0,580935448781096338,270000,0,0,0,0,0,0,0,0,410,410
580930082791130603,Order,2025/10/27,2025/11/03,VND,71109,121000,121000,150000,-29000,0,0,0,-49891,-6550,-10696,0,-40000,30000,10000,0,0,0,0,0,-24200,-24200,0,0,0,0,0,0,0,0,0,0,0,-3630,-3000,0,0,-1210,-605,0,0,0,0,580930082791130603,131000,0,0,0,0,0,0,0,0,210,210
580927566708442880,Order,2025/10/27,2025/11/03,VND,71109,121000,121000,150000,-29000,0,0,0,-49891,-6550,-10696,0,-40000,30000,10000,0,0,0,0,0,-24200,-24200,0,0,0,0,0,0,0,0,0,0,0,-3630,-3000,0,0,-1210,-605,0,0,0,0,580927566708442880,131000,0,0,0,0,0,0,0,0,210,210
580927556063954497,Order,2025/10/27,2025/11/03,VND,99356,166000,166000,220000,-54000,0,0,0,-66644,-8300,-14674,0,-40000,40000,0,0,0,0,0,0,-33200,-33200,0,0,0,0,0,0,0,0,0,0,0,-4980,-3000,0,0,-1660,-830,0,0,0,0,580927556063954497,166000,0,0,0,0,0,0,0,0,210,210
580924524162614633,Order,2025/10/26,2025/11/03,VND,172420,288000,288000,360000,-72000,0,0,0,-115580,-14780,-30240,0,-47600,40000,7600,0,0,0,0,0,-57600,-57600,0,0,0,0,0,0,0,0,0,0,0,-8640,0,0,0,-2880,-1440,0,0,0,0,580924524162614633,295600,0,0,0,0,0,0,0,0,510,510
580924446152689422,Order,2025/10/26,2025/11/03,VND,172800,288000,288000,360000,-72000,0,0,0,-115200,-14400,-30240,0,-41400,41400,0,0,0,0,0,0,-57600,-57600,0,0,0,0,0,0,0,0,0,0,0,-8640,0,0,0,-2880,-1440,0,0,0,0,580924446152689422,288000,0,0,0,0,0,0,0,0,510,510
580924106748102505,Order,2025/10/26,2025/11/03,VND,49540,83000,83000,110000,-27000,0,0,0,-33460,-4410,-8715,0,-35200,30000,5200,0,0,0,0,0,-16600,-16600,0,0,0,0,0,0,0,0,0,0,0,-2490,0,0,0,-830,-415,0,0,0,0,580924106748102505,88200,0,0,0,0,0,0,0,0,110,110
580920641144587700,Order,2025/10/26,2025/11/03,VND,72600,121000,121000,150000,-29000,0,0,0,-48400,-6050,-12705,0,-30300,30300,0,0,0,0,0,0,-24200,-24200,0,0,0,0,0,0,0,0,0,0,0,-3630,0,0,0,-1210,-605,0,0,0,0,580920641144587700,121000,0,0,0,0,0,0,0,0,210,210
580912334981138287,Order,2025/10/25,2025/11/03,VND,224100,360000,360000,360000,0,0,0,0,-135900,-16380,-37800,0,-35100,35100,0,0,0,0,0,0,-65520,-65520,0,0,0,0,0,0,0,0,0,0,0,-10800,0,0,0,-3600,-1800,0,0,0,0,580912334981138287,327600,0,0,0,32400,0,0,0,0,510,510
580911333422892712,Order,2025/10/25,2025/11/03,VND,57600,83000,83000,110000,-27000,0,0,0,-25400,-4650,-8715,0,-40000,30000,10000,0,0,0,0,0,0,0,0,-8300,0,0,0,0,0,0,0,0,0,-2490,0,0,0,-830,-415,0,0,0,0,580911333422892712,93000,0,0,0,0,0,0,0,0,110,110
580910184104100871,Order,2025/10/25,2025/11/03,VND,49785,83000,83000,110000,-27000,0,0,0,-33215,-4165,-8715,0,-30300,30000,300,0,0,0,0,0,-16600,-16600,0,0,0,0,0,0,0,0,0,0,0,-2490,0,0,0,-830,-415,0,0,0,0,580910184104100871,83300,0,0,0,0,0,0,0,0,110,110
580909622907864271,Order,2025/10/25,2025/11/03,VND,201600,288000,288000,360000,-72000,0,0,0,-86400,-14400,-30240,0,-35100,35100,0,0,0,0,0,0,0,0,0,-28800,0,0,0,0,0,0,0,0,0,-8640,0,0,0,-2880,-1440,0,0,0,0,580909622907864271,288000,0,0,0,0,0,0,0,0,510,510
580896299873044260,Order,2025/10/24,2025/11/03,VND,-30300,0,0,0,0,0,0,0,-30300,0,0,-30300,-30300,0,0,0,0,0,0,0,0,0,0,0,0,0,0,0,0,0,0,0,0,0,0,0,0,0,0,0,0,0,0,580896299873044260,0,0,0,0,0,0,0,0,0,110,110
580820126757717240,Order,2025/10/18,2025/11/03,VND,-40000,0,0,0,0,0,0,0,-40000,0,0,-40000,-40000,0,0,0,0,0,0,0,0,0,0,0,0,0,0,0,0,0,0,0,0,0,0,0,0,0,0,0,0,0,0,580820126757717240,0,0,0,0,0,0,0,0,0,210,210
580941184871793848,Order,2025/10/28,2025/11/02,VND,80241,135000,135000,150000,-15000,0,0,0,-54759,-6750,-11934,0,-30300,30300,0,0,0,0,0,0,-27000,-27000,0,0,0,0,0,0,0,0,0,0,0,-4050,-3000,0,0,-1350,-675,0,0,0,0,580941184871793848,135000,0,0,0,0,0,0,0,0,210,210
580939858296473224,Order,2025/10/28,2025/11/02,VND,93741,135000,135000,150000,-15000,0,0,0,-41259,-6750,-11934,0,-30300,30300,0,0,0,0,0,0,0,0,0,-13500,0,0,0,0,0,0,0,0,0,-4050,-3000,0,0,-1350,-675,0,0,0,0,580939858296473224,135000,0,0,0,0,0,0,0,0,210,210
580936682181593083,Order,2025/10/27,2025/11/02,VND,93741,135000,135000,150000,-15000,0,0,0,-41259,-6750,-11934,0,-40000,40000,0,0,0,0,0,0,0,0,0,-13500,0,0,0,0,0,0,0,0,0,-4050,-3000,0,0,-1350,-675,0,0,0,0,580936682181593083,135000,0,0,0,0,0,0,0,0,200,200
580936491829397145,Order,2025/10/27,2025/11/02,VND,395807,625500,625500,720000,-94500,0,0,0,-229693,-28650,-55294,0,-39400,39400,0,0,0,0,0,0,-114600,-114600,0,0,0,0,0,0,0,0,0,0,0,-18765,-3000,0,0,-6256,-3128,0,0,0,0,580936491829397145,573000,0,-22500,0,52500,0,52500,0,0,1030,1030
580931549643835108,Order,2025/10/27,2025/11/02,VND,71609,121000,121000,150000,-29000,0,0,0,-49391,-6050,-10696,0,-40000,40000,0,0,0,0,0,0,-24200,-24200,0,0,0,0,0,0,0,0,0,0,0,-3630,-3000,0,0,-1210,-605,0,0,0,0,580931549643835108,121000,0,0,0,0,0,0,0,0,210,210
580930333308519667,Order,2025/10/27,2025/11/02,VND,71609,121000,121000,150000,-29000,0,0,0,-49391,-6050,-10696,0,-40000,40000,0,0,0,0,0,0,-24200,-24200,0,0,0,0,0,0,0,0,0,0,0,-3630,-3000,0,0,-1210,-605,0,0,0,0,580930333308519667,121000,0,0,0,0,0,0,0,0,210,210
580925160176911743,Order,2025/10/26,2025/11/02,VND,49300,83000,83000,110000,-27000,0,0,0,-33700,-4650,-8715,0,-40000,30000,10000,0,0,0,0,0,-16600,-16600,0,0,0,0,0,0,0,0,0,0,0,-2490,0,0,0,-830,-415,0,0,0,0,580925160176911743,93000,0,0,0,0,0,0,0,0,110,110
580924927315314623,Order,2025/10/26,2025/11/02,VND,178900,288000,288000,360000,-72000,0,0,0,-109100,-13484,-30240,0,-47600,40000,7600,0,0,0,0,0,-52416,-52416,0,0,0,0,0,0,0,0,0,0,0,-8640,0,0,0,-2880,-1440,0,0,0,0,580924927315314623,269680,0,0,0,25920,0,0,0,0,510,510
580924710344033879,Order,2025/10/26,2025/11/02,VND,72600,121000,121000,150000,-29000,0,0,0,-48400,-6050,-12705,0,-40000,40000,0,0,0,0,0,0,-24200,-24200,0,0,0,0,0,0,0,0,0,0,0,-3630,0,0,0,-1210,-605,0,0,0,0,580924710344033879,121000,0,0,0,0,0,0,0,0,210,210
580924517277861083,Order,2025/10/26,2025/11/02,VND,72600,121000,121000,150000,-29000,0,0,0,-48400,-6050,-12705,0,-40000,40000,0,0,0,0,0,0,-24200,-24200,0,0,0,0,0,0,0,0,0,0,0,-3630,0,0,0,-1210,-605,0,0,0,0,580924517277861083,121000,0,0,0,0,0,0,0,0,210,210
580924032835355652,Order,2025/10/26,2025/11/02,VND,172800,288000,288000,360000,-72000,0,0,0,-115200,-14400,-30240,0,-47600,47600,0,0,0,0,0,0,-57600,-57600,0,0,0,0,0,0,0,0,0,0,0,-8640,0,0,0,-2880,-1440,0,0,0,0,580924032835355652,288000,0,0,0,0,0,0,0,0,510,510
580923977294579589,Order,2025/10/26,2025/11/02,VND,49285,83000,83000,110000,-27000,0,0,0,-33715,-4665,-8715,0,-30300,20000,10300,0,0,0,0,0,-16600,-16600,0,0,0,0,0,0,0,0,0,0,0,-2490,0,0,0,-830,-415,0,0,0,0,580923977294579589,93300,0,0,0,0,0,0,0,0,110,110
580923713582695820,Order,2025/10/26,2025/11/02,VND,178710,288000,288000,360000,-72000,0,0,0,-109290,-13674,-30240,0,-41400,30000,11400,0,0,0,0,0,-52416,-52416,0,0,0,0,0,0,0,0,0,0,0,-8640,0,0,0,-2880,-1440,0,0,0,0,580923713582695820,273480,0,0,0,25920,0,0,0,0,510,510
580923577975211705,Order,2025/10/26,2025/11/02,VND,179280,288000,288000,360000,-72000,0,0,0,-108720,-13104,-30240,0,-47600,47600,0,0,0,0,0,0,-52416,-52416,0,0,0,0,0,0,0,0,0,0,0,-8640,0,0,0,-2880,-1440,0,0,0,0,580923577975211705,262080,0,0,0,25920,0,0,0,0,510,510
580923576716789074,Order,2025/10/26,2025/11/02,VND,84700,121000,121000,150000,-29000,0,0,0,-36300,-6050,-12705,0,-40000,40000,0,0,0,0,0,0,0,0,0,-12100,0,0,0,0,0,0,0,0,0,-3630,0,0,0,-1210,-605,0,0,0,0,580923576716789074,121000,0,0,0,0,0,0,0,0,210,210
580923598611186911,Order,2025/10/26,2025/11/02,VND,205488,288000,288000,360000,-72000,0,0,0,-82512,-13104,-30240,0,-47600,47600,0,0,0,0,0,0,0,0,0,-26208,0,0,0,0,0,0,0,0,0,-8640,0,0,0,-2880,-1440,0,0,0,0,580923598611186911,262080,0,0,0,25920,0,0,0,0,510,510
580923558332631003,Order,2025/10/26,2025/11/02,VND,172800,288000,288000,360000,-72000,0,0,0,-115200,-14400,-30240,0,-47600,47600,0,0,0,0,0,0,-57600,-57600,0,0,0,0,0,0,0,0,0,0,0,-8640,0,0,0,-2880,-1440,0,0,0,0,580923558332631003,288000,0,0,0,0,0,0,0,0,510,510
580923547574372255,Order,2025/10/26,2025/11/02,VND,172800,288000,288000,360000,-72000,0,0,0,-115200,-14400,-30240,0,-47600,47600,0,0,0,0,0,0,-57600,-57600,0,0,0,0,0,0,0,0,0,0,0,-8640,0,0,0,-2880,-1440,0,0,0,0,580923547574372255,288000,0,0,0,0,0,0,0,0,510,510
580923530484418130,Order,2025/10/26,2025/11/02,VND,84700,121000,121000,150000,-29000,0,0,0,-36300,-6050,-12705,0,-35200,35200,0,0,0,0,0,0,0,0,0,-12100,0,0,0,0,0,0,0,0,0,-3630,0,0,0,-1210,-605,0,0,0,0,580923530484418130,121000,0,0,0,0,0,0,0,0,210,210
580923480702813429,Order,2025/10/26,2025/11/02,VND,403200,576000,576000,720000,-144000,0,0,0,-172800,-28800,-60480,0,-55400,55400,0,0,0,0,0,0,0,0,0,-57600,0,0,0,0,0,0,0,0,0,-17280,0,0,0,-5760,-2880,0,0,0,0,580923480702813429,576000,0,0,0,0,0,0,0,0,1030,1030
580923384267900065,Order,2025/10/26,2025/11/02,VND,172800,288000,288000,360000,-72000,0,0,0,-115200,-14400,-30240,0,-47600,47600,0,0,0,0,0,0,-57600,-57600,0,0,0,0,0,0,0,0,0,0,0,-8640,0,0,0,-2880,-1440,0,0,0,0,580923384267900065,288000,0,0,0,0,0,0,0,0,510,510
580923421421241430,Order,2025/10/26,2025/11/02,VND,84700,121000,121000,150000,-29000,0,0,0,-36300,-6050,-12705,0,-40000,40000,0,0,0,0,0,0,0,0,0,-12100,0,0,0,0,0,0,0,0,0,-3630,0,0,0,-1210,-605,0,0,0,0,580923421421241430,121000,0,0,0,0,0,0,0,0,210,210
580923388951496470,Order,2025/10/26,2025/11/02,VND,83700,121000,121000,150000,-29000,0,0,0,-37300,-7050,-12705,0,-40000,20000,20000,0,0,0,0,0,0,0,0,-12100,0,0,0,0,0,0,0,0,0,-3630,0,0,0,-1210,-605,0,0,0,0,580923388951496470,141000,0,0,0,0,0,0,0,0,210,210
580923357509027678,Order,2025/10/26,2025/11/02,VND,172520,288000,288000,360000,-72000,0,0,0,-115480,-14680,-30240,0,-47600,42000,5600,0,0,0,0,0,-57600,-57600,0,0,0,0,0,0,0,0,0,0,0,-8640,0,0,0,-2880,-1440,0,0,0,0,580923357509027678,293600,0,0,0,0,0,0,0,0,510,510
580923364225483964,Order,2025/10/26,2025/11/02,VND,205488,288000,288000,360000,-72000,0,0,0,-82512,-13104,-30240,0,-41400,41400,0,0,0,0,0,0,0,0,0,-26208,0,0,0,0,0,0,0,0,0,-8640,0,0,0,-2880,-1440,0,0,0,0,580923364225483964,262080,0,0,0,25920,0,0,0,0,510,510
580923289324652016,Order,2025/10/26,2025/11/02,VND,72600,121000,121000,150000,-29000,0,0,0,-48400,-6050,-12705,0,-40000,40000,0,0,0,0,0,0,-24200,-24200,0,0,0,0,0,0,0,0,0,0,0,-3630,0,0,0,-1210,-605,0,0,0,0,580923289324652016,121000,0,0,0,0,0,0,0,0,210,210
580923327916967389,Order,2025/10/26,2025/11/02,VND,72100,121000,121000,150000,-29000,0,0,0,-48900,-6550,-12705,0,-40000,30000,10000,0,0,0,0,0,-24200,-24200,0,0,0,0,0,0,0,0,0,0,0,-3630,0,0,0,-1210,-605,0,0,0,0,580923327916967389,131000,0,0,0,0,0,0,0,0,210,210
580923223887742777,Order,2025/10/26,2025/11/02,VND,48800,83000,83000,110000,-27000,0,0,0,-34200,-5150,-8715,0,-40000,20000,20000,0,0,0,0,0,-16600,-16600,0,0,0,0,0,0,0,0,0,0,0,-2490,0,0,0,-830,-415,0,0,0,0,580923223887742777,103000,0,0,0,0,0,0,0,0,110,110
580923116540233024,Order,2025/10/26,2025/11/02,VND,72600,121000,121000,150000,-29000,0,0,0,-48400,-6050,-12705,0,-30300,30300,0,0,0,0,0,0,-24200,-24200,0,0,0,0,0,0,0,0,0,0,0,-3630,0,0,0,-1210,-605,0,0,0,0,580923116540233024,121000,0,0,0,0,0,0,0,0,210,210
580923143426180310,Order,2025/10/26,2025/11/02,VND,49800,83000,83000,110000,-27000,0,0,0,-33200,-4150,-8715,0,-40000,40000,0,0,0,0,0,0,-16600,-16600,0,0,0,0,0,0,0,0,0,0,0,-2490,0,0,0,-830,-415,0,0,0,0,580923143426180310,83000,0,0,0,0,0,0,0,0,110,110
580922495263868523,Order,2025/10/26,2025/11/02,VND,84685,121000,121000,150000,-29000,0,0,0,-36315,-6065,-12705,0,-30300,30000,300,0,0,0,0,0,0,0,0,-12100,0,0,0,0,0,0,0,0,0,-3630,0,0,0,-1210,-605,0,0,0,0,580922495263868523,121300,0,0,0,0,0,0,0,0,210,210
580922444770674287,Order,2025/10/26,2025/11/02,VND,72600,121000,121000,150000,-29000,0,0,0,-48400,-6050,-12705,0,-40000,40000,0,0,0,0,0,0,-24200,-24200,0,0,0,0,0,0,0,0,0,0,0,-3630,0,0,0,-1210,-605,0,0,0,0,580922444770674287,121000,0,0,0,0,0,0,0,0,210,210
580922222232110634,Order,2025/10/26,2025/11/02,VND,49785,83000,83000,110000,-27000,0,0,0,-33215,-4165,-8715,0,-30300,30000,300,0,0,0,0,0,-16600,-16600,0,0,0,0,0,0,0,0,0,0,0,-2490,0,0,0,-830,-415,0,0,0,0,580922222232110634,83300,0,0,0,0,0,0,0,0,110,110
580921372988703990,Order,2025/10/26,2025/11/02,VND,66140,83000,83000,110000,-27000,0,0,0,-16860,-4410,-8715,0,-35200,30000,5200,0,0,0,0,0,0,0,0,0,0,0,0,0,0,0,0,0,0,-2490,0,0,0,-830,-415,0,0,0,0,580921372988703990,88200,0,0,0,0,0,0,0,0,110,110
580921222341166827,Order,2025/10/26,2025/11/02,VND,84700,121000,121000,150000,-29000,0,0,0,-36300,-6050,-12705,0,-40000,40000,0,0,0,0,0,0,0,0,0,-12100,0,0,0,0,0,0,0,0,0,-3630,0,0,0,-1210,-605,0,0,0,0,580921222341166827,121000,0,0,0,0,0,0,0,0,210,210
580921012928218271,Order,2025/10/26,2025/11/02,VND,72100,121000,121000,150000,-29000,0,0,0,-48900,-6550,-12705,0,-40000,30000,10000,0,0,0,0,0,-24200,-24200,0,0,0,0,0,0,0,0,0,0,0,-3630,0,0,0,-1210,-605,0,0,0,0,580921012928218271,131000,0,0,0,0,0,0,0,0,210,210
580919259446216118,Order,2025/10/26,2025/11/02,VND,344830,576000,576000,720000,-144000,0,0,0,-231170,-29570,-60480,0,-55400,40000,15400,0,0,0,0,0,-115200,-115200,0,0,0,0,0,0,0,0,0,0,0,-17280,0,0,0,-5760,-2880,0,0,0,0,580919259446216118,591400,0,0,0,0,0,0,0,0,1030,1030
580918014898701426,Order,2025/10/26,2025/11/02,VND,177840,288000,288000,360000,-72000,0,0,0,-110160,-13392,-30240,0,-47600,47600,0,0,0,0,0,0,-53568,-53568,0,0,0,0,0,0,0,0,0,0,0,-8640,0,0,0,-2880,-1440,0,0,0,0,580918014898701426,267840,0,0,0,20160,0,0,0,0,510,510
580916339060541239,Order,2025/10/26,2025/11/02,VND,251620,360000,360000,360000,0,0,0,0,-108380,-18380,-37800,0,-47600,40000,7600,0,0,0,0,0,0,0,0,-36000,0,0,0,0,0,0,0,0,0,-10800,0,0,0,-3600,-1800,0,0,0,0,580916339060541239,367600,0,0,0,0,0,0,0,0,510,510
580915035223000517,Order,2025/10/26,2025/11/02,VND,75000,110000,110000,110000,0,0,0,0,-35000,-7500,-11550,0,-40000,0,40000,0,0,0,0,0,0,0,0,-11000,0,0,0,0,0,0,0,0,0,-3300,0,0,0,-1100,-550,0,0,0,0,580915035223000517,150000,0,0,0,0,0,0,0,0,110,110
580914110622041259,Order,2025/10/26,2025/11/02,VND,66000,110000,110000,110000,0,0,0,0,-44000,-5500,-11550,0,-40000,40000,0,0,0,0,0,0,-22000,-22000,0,0,0,0,0,0,0,0,0,0,0,-3300,0,0,0,-1100,-550,0,0,0,0,580914110622041259,110000,0,0,0,0,0,0,0,0,110,110
580913804174132929,Order,2025/10/26,2025/11/02,VND,66000,110000,110000,110000,0,0,0,0,-44000,-5500,-11550,0,-40000,40000,0,0,0,0,0,0,-22000,-22000,0,0,0,0,0,0,0,0,0,0,0,-3300,0,0,0,-1100,-550,0,0,0,0,580913804174132929,110000,0,0,0,0,0,0,0,0,110,110
580913685632681325,Order,2025/10/26,2025/11/02,VND,257145,360000,360000,360000,0,0,0,0,-102855,-16455,-37800,0,-35100,30000,5100,0,0,0,0,0,0,0,0,-32400,0,0,0,0,0,0,0,0,0,-10800,0,0,0,-3600,-1800,0,0,0,0,580913685632681325,329100,0,0,0,36000,0,0,0,0,510,510
580910651223934756,Order,2025/10/25,2025/11/02,VND,49000,83000,83000,110000,-27000,0,0,0,-34000,-4950,-8715,0,-40000,24000,16000,0,0,0,0,0,-16600,-16600,0,0,0,0,0,0,0,0,0,0,0,-2490,0,0,0,-830,-415,0,0,0,0,580910651223934756,99000,0,0,0,0,0,0,0,0,110,110
580910639899772684,Order,2025/10/25,2025/11/02,VND,48800,83000,83000,110000,-27000,0,0,0,-34200,-5150,-8715,0,-40000,20000,20000,0,0,0,0,0,-16600,-16600,0,0,0,0,0,0,0,0,0,0,0,-2490,0,0,0,-830,-415,0,0,0,0,580910639899772684,103000,0,0,0,0,0,0,0,0,110,110
580910459185824994,Order,2025/10/25,2025/11/02,VND,49800,83000,83000,110000,-27000,0,0,0,-33200,-4150,-8715,0,-40000,40000,0,0,0,0,0,0,-16600,-16600,0,0,0,0,0,0,0,0,0,0,0,-2490,0,0,0,-830,-415,0,0,0,0,580910459185824994,83000,0,0,0,0,0,0,0,0,110,110
580909586112874026,Order,2025/10/25,2025/11/02,VND,172800,288000,288000,360000,-72000,0,0,0,-115200,-14400,-30240,0,-35100,35100,0,0,0,0,0,0,-57600,-57600,0,0,0,0,0,0,0,0,0,0,0,-8640,0,0,0,-2880,-1440,0,0,0,0,580909586112874026,288000,0,0,0,0,0,0,0,0,510,510
580897072644720113,Order,2025/10/24,2025/11/02,VND,201600,288000,288000,360000,-72000,0,0,0,-86400,-14400,-30240,0,-47600,47600,0,0,0,0,0,0,0,0,0,-28800,0,0,0,0,0,0,0,0,0,-8640,0,0,0,-2880,-1440,0,0,0,0,580897072644720113,288000,0,0,0,0,0,0,0,0,510,510
580822688711280041,Order,2025/10/19,2025/11/02,VND,-40000,0,0,0,0,0,0,0,-40000,0,0,-40000,-40000,0,0,0,0,0,0,0,0,0,0,0,0,0,0,0,0,0,0,0,0,0,0,0,0,0,0,0,0,0,0,580822688711280041,0,0,0,0,0,0,0,0,0,210,210
580942690636957319,Order,2025/10/28,2025/11/01,VND,-30300,0,0,0,0,0,0,0,-30300,0,0,-30300,-30300,0,0,0,0,0,0,0,0,0,0,0,0,0,0,0,0,0,0,0,0,0,0,0,0,0,0,0,0,0,0,580942690636957319,0,0,0,0,0,0,0,0,0,100,100
580936938730129213,Order,2025/10/27,2025/11/01,VND,93741,135000,135000,150000,-15000,0,0,0,-41259,-6750,-11934,0,-19700,19700,0,0,0,0,0,0,0,0,0,-13500,0,0,0,0,0,0,0,0,0,-4050,-3000,0,0,-1350,-675,0,0,0,0,580936938730129213,135000,0,0,0,0,0,0,0,0,210,210
580936506250462449,Order,2025/10/27,2025/11/01,VND,251373,309420,309420,360000,-50580,0,0,0,-58047,-13770,-27353,0,-35100,35100,0,0,0,0,0,0,0,0,0,0,0,0,0,0,0,0,0,0,0,-9283,-3000,0,0,-3094,-1547,0,0,0,0,580936506250462449,275400,0,-14580,0,34020,0,34020,0,0,510,510
580930153978300237,Order,2025/10/27,2025/11/01,VND,174581,288000,288000,360000,-72000,0,0,0,-113419,-14400,-25459,0,-41400,41400,0,0,0,0,0,0,-57600,-57600,0,0,0,0,0,0,0,0,0,0,0,-8640,-3000,0,0,-2880,-1440,0,0,0,0,580930153978300237,288000,0,0,0,0,0,0,0,0,510,510
580925678996128769,Order,2025/10/26,2025/11/01,VND,172800,288000,288000,360000,-72000,0,0,0,-115200,-14400,-30240,0,-47600,47600,0,0,0,0,0,0,-57600,-57600,0,0,0,0,0,0,0,0,0,0,0,-8640,0,0,0,-2880,-1440,0,0,0,0,580925678996128769,288000,0,0,0,0,0,0,0,0,510,510
580925269466646255,Order,2025/10/26,2025/11/01,VND,172800,288000,288000,360000,-72000,0,0,0,-115200,-14400,-30240,0,-47600,47600,0,0,0,0,0,0,-57600,-57600,0,0,0,0,0,0,0,0,0,0,0,-8640,0,0,0,-2880,-1440,0,0,0,0,580925269466646255,288000,0,0,0,0,0,0,0,0,510,510
580925053662234089,Order,2025/10/26,2025/11/01,VND,172420,288000,288000,360000,-72000,0,0,0,-115580,-14780,-30240,0,-47600,40000,7600,0,0,0,0,0,-57600,-57600,0,0,0,0,0,0,0,0,0,0,0,-8640,0,0,0,-2880,-1440,0,0,0,0,580925053662234089,295600,0,0,0,0,0,0,0,0,510,510
580924844818401148,Order,2025/10/26,2025/11/01,VND,201600,288000,288000,360000,-72000,0,0,0,-86400,-14400,-30240,0,-29700,29700,0,0,0,0,0,0,0,0,0,-28800,0,0,0,0,0,0,0,0,0,-8640,0,0,0,-2880,-1440,0,0,0,0,580924844818401148,288000,0,0,0,0,0,0,0,0,510,510
580924200775681492,Order,2025/10/26,2025/11/01,VND,172800,288000,288000,360000,-72000,0,0,0,-115200,-14400,-30240,0,-35100,35100,0,0,0,0,0,0,-57600,-57600,0,0,0,0,0,0,0,0,0,0,0,-8640,0,0,0,-2880,-1440,0,0,0,0,580924200775681492,288000,0,0,0,0,0,0,0,0,510,510
580923569748215709,Order,2025/10/26,2025/11/01,VND,72600,121000,121000,150000,-29000,0,0,0,-48400,-6050,-12705,0,-40000,40000,0,0,0,0,0,0,-24200,-24200,0,0,0,0,0,0,0,0,0,0,0,-3630,0,0,0,-1210,-605,0,0,0,0,580923569748215709,121000,0,0,0,0,0,0,0,0,210,210
580923428639704350,Order,2025/10/26,2025/11/01,VND,57300,83000,83000,110000,-27000,0,0,0,-25700,-4950,-8715,0,-40000,24000,16000,0,0,0,0,0,0,0,0,-8300,0,0,0,0,0,0,0,0,0,-2490,0,0,0,-830,-415,0,0,0,0,580923428639704350,99000,0,0,0,0,0,0,0,0,110,110
580923385252972068,Order,2025/10/26,2025/11/01,VND,72600,121000,121000,150000,-29000,0,0,0,-48400,-6050,-12705,0,-35200,35200,0,0,0,0,0,0,-24200,-24200,0,0,0,0,0,0,0,0,0,0,0,-3630,0,0,0,-1210,-605,0,0,0,0,580923385252972068,121000,0,0,0,0,0,0,0,0,210,210
580923308031837811,Order,2025/10/26,2025/11/01,VND,84700,121000,121000,150000,-29000,0,0,0,-36300,-6050,-12705,0,-35200,35200,0,0,0,0,0,0,0,0,0,-12100,0,0,0,0,0,0,0,0,0,-3630,0,0,0,-1210,-605,0,0,0,0,580923308031837811,121000,0,0,0,0,0,0,0,0,210,210
580923304529593921,Order,2025/10/26,2025/11/01,VND,72100,121000,121000,150000,-29000,0,0,0,-48900,-6550,-12705,0,-40000,30000,10000,0,0,0,0,0,-24200,-24200,0,0,0,0,0,0,0,0,0,0,0,-3630,0,0,0,-1210,-605,0,0,0,0,580923304529593921,131000,0,0,0,0,0,0,0,0,210,210
580923201019020934,Order,2025/10/26,2025/11/01,VND,353100,576000,576000,720000,-144000,0,0,0,-222900,-27300,-60480,0,-39400,39400,0,0,0,0,0,0,-109200,-109200,0,0,0,0,0,0,0,0,0,0,0,-17280,0,0,0,-5760,-2880,0,0,0,0,580923201019020934,546000,0,0,0,30000,0,0,0,0,1030,1030
580923113029141864,Order,2025/10/26,2025/11/01,VND,84700,121000,121000,150000,-29000,0,0,0,-36300,-6050,-12705,0,-30300,30300,0,0,0,0,0,0,0,0,0,-12100,0,0,0,0,0,0,0,0,0,-3630,0,0,0,-1210,-605,0,0,0,0,580923113029141864,121000,0,0,0,0,0,0,0,0,210,210
580922894369260717,Order,2025/10/26,2025/11/01,VND,84685,121000,121000,150000,-29000,0,0,0,-36315,-6065,-12705,0,-30300,30000,300,0,0,0,0,0,0,0,0,-12100,0,0,0,0,0,0,0,0,0,-3630,0,0,0,-1210,-605,0,0,0,0,580922894369260717,121300,0,0,0,0,0,0,0,0,210,210
580922403893380692,Order,2025/10/26,2025/11/01,VND,72600,121000,121000,150000,-29000,0,0,0,-48400,-6050,-12705,0,-30300,30300,0,0,0,0,0,0,-24200,-24200,0,0,0,0,0,0,0,0,0,0,0,-3630,0,0,0,-1210,-605,0,0,0,0,580922403893380692,121000,0,0,0,0,0,0,0,0,210,210
580922321205299028,Order,2025/10/26,2025/11/01,VND,201220,288000,288000,360000,-72000,0,0,0,-86780,-14780,-30240,0,-47600,40000,7600,0,0,0,0,0,0,0,0,-28800,0,0,0,0,0,0,0,0,0,-8640,0,0,0,-2880,-1440,0,0,0,0,580922321205299028,295600,0,0,0,0,0,0,0,0,510,510
580922019734979842,Order,2025/10/26,2025/11/01,VND,57100,83000,83000,110000,-27000,0,0,0,-25900,-5150,-8715,0,-40000,20000,20000,0,0,0,0,0,0,0,0,-8300,0,0,0,0,0,0,0,0,0,-2490,0,0,0,-830,-415,0,0,0,0,580922019734979842,103000,0,0,0,0,0,0,0,0,110,110
580921062482413310,Order,2025/10/26,2025/11/01,VND,72600,121000,121000,150000,-29000,0,0,0,-48400,-6050,-12705,0,-30300,30300,0,0,0,0,0,0,-24200,-24200,0,0,0,0,0,0,0,0,0,0,0,-3630,0,0,0,-1210,-605,0,0,0,0,580921062482413310,121000,0,0,0,0,0,0,0,0,210,210
580920828833007114,Order,2025/10/26,2025/11/01,VND,57835,83000,83000,110000,-27000,0,0,0,-25165,-4415,-8715,0,-30300,25000,5300,0,0,0,0,0,0,0,0,-8300,0,0,0,0,0,0,0,0,0,-2490,0,0,0,-830,-415,0,0,0,0,580920828833007114,88300,0,0,0,0,0,0,0,0,110,110
580918565438392146,Order,2025/10/26,2025/11/01,VND,116200,166000,166000,220000,-54000,0,0,0,-49800,-8300,-17430,0,-40000,40000,0,0,0,0,0,0,0,0,0,-16600,0,0,0,0,0,0,0,0,0,-4980,0,0,0,-1660,-830,0,0,0,0,580918565438392146,166000,0,0,0,0,0,0,0,0,210,210
580918425446024722,Order,2025/10/26,2025/11/01,VND,172420,288000,288000,360000,-72000,0,0,0,-115580,-14780,-30240,0,-47600,40000,7600,0,0,0,0,0,-57600,-57600,0,0,0,0,0,0,0,0,0,0,0,-8640,0,0,0,-2880,-1440,0,0,0,0,580918425446024722,295600,0,0,0,0,0,0,0,0,510,510
580910572097144271,Order,2025/10/25,2025/11/01,VND,201600,288000,288000,360000,-72000,0,0,0,-86400,-14400,-30240,0,-41400,41400,0,0,0,0,0,0,0,0,0,-28800,0,0,0,0,0,0,0,0,0,-8640,0,0,0,-2880,-1440,0,0,0,0,580910572097144271,288000,0,0,0,0,0,0,0,0,510,510
580906660775822985,Order,2025/10/25,2025/11/01,VND,48800,83000,83000,110000,-27000,0,0,0,-34200,-5150,-8715,0,-40000,20000,20000,0,0,0,0,0,-16600,-16600,0,0,0,0,0,0,0,0,0,0,0,-2490,0,0,0,-830,-415,0,0,0,0,580906660775822985,103000,0,0,0,0,0,0,0,0,110,110
580896662373434902,Order,2025/10/24,2025/11/01,VND,49300,83000,83000,110000,-27000,0,0,0,-33700,-4650,-8715,0,-40000,30000,10000,0,0,0,0,0,-16600,-16600,0,0,0,0,0,0,0,0,0,0,0,-2490,0,0,0,-830,-415,0,0,0,0,580896662373434902,93000,0,0,0,0,0,0,0,0,110,110
580896420681057562,Order,2025/10/24,2025/11/01,VND,345600,576000,576000,720000,-144000,0,0,0,-230400,-28800,-60480,0,-55400,55400,0,0,0,0,0,0,-115200,-115200,0,0,0,0,0,0,0,0,0,0,0,-17280,0,0,0,-5760,-2880,0,0,0,0,580896420681057562,576000,0,0,0,0,0,0,0,0,1030,1030
580896349329262045,Order,2025/10/24,2025/11/01,VND,862575,1440000,1440000,1800000,-360000,0,0,0,-577425,-73425,-151200,0,-68500,40000,28500,0,0,0,0,0,-288000,-288000,0,0,0,0,0,0,0,0,0,0,0,-43200,0,0,0,-14400,-7200,0,0,0,0,580896349329262045,1468500,0,0,0,0,0,0,0,0,2530,2530
580895222924739952,Order,2025/10/24,2025/11/01,VND,66400,83000,83000,110000,-27000,0,0,0,-16600,-4150,-8715,0,-30300,30300,0,0,0,0,0,0,0,0,0,0,0,0,0,0,0,0,0,0,0,-2490,0,0,0,-830,-415,0,0,0,0,580895222924739952,83000,0,0,0,0,0,0,0,0,110,110
580883570673288952,Order,2025/10/23,2025/11/01,VND,49800,83000,83000,110000,-27000,0,0,0,-33200,-4150,-8715,0,-40000,40000,0,0,0,0,0,0,-16600,-16600,0,0,0,0,0,0,0,0,0,0,0,-2490,0,0,0,-830,-415,0,0,0,0,580883570673288952,83000,0,0,0,0,0,0,0,0,110,110
580883455386092919,Order,2025/10/23,2025/11/01,VND,176740,288000,288000,360000,-72000,0,0,0,-111260,-13916,-30240,0,-47600,40000,7600,0,0,0,0,0,-54144,-54144,0,0,0,0,0,0,0,0,0,0,0,-8640,0,0,0,-2880,-1440,0,0,0,0,580883455386092919,278320,0,0,0,17280,0,0,0,0,510,510
580881819179386041,Order,2025/10/23,2025/11/01,VND,287620,360000,360000,360000,0,0,0,0,-72380,-18380,-37800,0,-47600,40000,7600,0,0,0,0,0,0,0,0,0,0,0,0,0,0,0,0,0,0,-10800,0,0,0,-3600,-1800,0,0,0,0,580881819179386041,367600,0,0,0,0,0,0,0,0,510,510
580847305651488735,Order,2025/10/20,2025/11/01,VND,-40000,0,0,0,0,0,0,0,-40000,0,0,-40000,-41400,0,0,0,0,0,1400,0,0,0,0,0,0,0,0,0,0,0,0,0,0,0,0,0,0,0,0,0,0,0,0,580847305651488735,0,0,0,0,0,0,0,0,0,510,510
580845147884783039,Order,2025/10/20,2025/11/01,VND,-40000,0,0,0,0,0,0,0,-40000,0,0,-40000,-68500,0,0,0,0,0,28500,0,0,0,0,0,0,0,0,0,0,0,0,0,0,0,0,0,0,0,0,0,0,0,0,580845147884783039,0,0,0,0,0,0,0,0,0,2530,2530
580844373009598106,Order,2025/10/20,2025/11/01,VND,-35200,0,0,0,0,0,0,0,-35200,0,0,-35200,-35200,0,0,0,0,0,0,0,0,0,0,0,0,0,0,0,0,0,0,0,0,0,0,0,0,0,0,0,0,0,0,580844373009598106,0,0,0,0,0,0,0,0,0,210,210
580905984404457154,Order,2025/10/25,2025/10/31,VND,49300,83000,83000,110000,-27000,0,0,0,-33700,-4650,-8715,0,-40000,30000,10000,0,0,0,0,0,-16600,-16600,0,0,0,0,0,0,0,0,0,0,0,-2490,0,0,0,-830,-415,0,0,0,0,580905984404457154,93000,0,0,0,0,0,0,0,0,110,110
580902111823955429,Order,2025/10/25,2025/10/31,VND,-40000,0,0,0,0,0,0,0,-40000,0,0,-40000,-40000,0,0,0,0,0,0,0,0,0,0,0,0,0,0,0,0,0,0,0,0,0,0,0,0,0,0,0,0,0,0,580902111823955429,0,0,0,0,0,0,0,0,0,500,500
580902114330249014,Order,2025/10/25,2025/10/31,VND,-40000,0,0,0,0,0,0,0,-40000,0,0,-40000,-40000,0,0,0,0,0,0,0,0,0,0,0,0,0,0,0,0,0,0,0,0,0,0,0,0,0,0,0,0,0,0,580902114330249014,0,0,0,0,0,0,0,0,0,100,100
580898579022119951,Order,2025/10/24,2025/10/31,VND,49800,83000,83000,110000,-27000,0,0,0,-33200,-4150,-8715,0,-26200,26200,0,0,0,0,0,0,-16600,-16600,0,0,0,0,0,0,0,0,0,0,0,-2490,0,0,0,-830,-415,0,0,0,0,580898579022119951,83000,0,0,0,0,0,0,0,0,110,110
580896596386612984,Order,2025/10/24,2025/10/31,VND,179280,288000,288000,360000,-72000,0,0,0,-108720,-13104,-30240,0,-29700,29700,0,0,0,0,0,0,-52416,-52416,0,0,0,0,0,0,0,0,0,0,0,-8640,0,0,0,-2880,-1440,0,0,0,0,580896596386612984,262080,0,0,0,25920,0,0,0,0,510,510
580896577058997378,Order,2025/10/24,2025/10/31,VND,57340,83000,83000,110000,-27000,0,0,0,-25660,-4910,-8715,0,-35200,20000,15200,0,0,0,0,0,0,0,0,-8300,0,0,0,0,0,0,0,0,0,-2490,0,0,0,-830,-415,0,0,0,0,580896577058997378,98200,0,0,0,0,0,0,0,0,110,110
580896522584884323,Order,2025/10/24,2025/10/31,VND,49785,83000,83000,110000,-27000,0,0,0,-33215,-4165,-8715,0,-30300,30000,300,0,0,0,0,0,-16600,-16600,0,0,0,0,0,0,0,0,0,0,0,-2490,0,0,0,-830,-415,0,0,0,0,580896522584884323,83300,0,0,0,0,0,0,0,0,110,110
580896507887388012,Order,2025/10/24,2025/10/31,VND,172420,288000,288000,360000,-72000,0,0,0,-115580,-14780,-30240,0,-47600,40000,7600,0,0,0,0,0,-57600,-57600,0,0,0,0,0,0,0,0,0,0,0,-8640,0,0,0,-2880,-1440,0,0,0,0,580896507887388012,295600,0,0,0,0,0,0,0,0,510,510
580896501209794459,Order,2025/10/24,2025/10/31,VND,172800,288000,288000,360000,-72000,0,0,0,-115200,-14400,-30240,0,-35100,35100,0,0,0,0,0,0,-57600,-57600,0,0,0,0,0,0,0,0,0,0,0,-8640,0,0,0,-2880,-1440,0,0,0,0,580896501209794459,288000,0,0,0,0,0,0,0,0,510,510
580896423955105333,Order,2025/10/24,2025/10/31,VND,58100,83000,83000,110000,-27000,0,0,0,-24900,-4150,-8715,0,-40000,40000,0,0,0,0,0,0,0,0,0,-8300,0,0,0,0,0,0,0,0,0,-2490,0,0,0,-830,-415,0,0,0,0,580896423955105333,83000,0,0,0,0,0,0,0,0,110,110
580896356659333022,Order,2025/10/24,2025/10/31,VND,201600,288000,288000,360000,-72000,0,0,0,-86400,-14400,-30240,0,-35100,35100,0,0,0,0,0,0,0,0,0,-28800,0,0,0,0,0,0,0,0,0,-8640,0,0,0,-2880,-1440,0,0,0,0,580896356659333022,288000,0,0,0,0,0,0,0,0,510,510
580896116338361977,Order,2025/10/24,2025/10/31,VND,102505,166000,166000,220000,-54000,0,0,0,-63495,-7719,-17430,0,-40000,40000,0,0,0,0,0,0,-30876,-30876,0,0,0,0,0,0,0,0,0,0,0,-4980,0,0,0,-1660,-830,0,0,0,0,580896116338361977,154380,0,0,0,11620,0,0,0,0,210,210
580896130165802823,Order,2025/10/24,2025/10/31,VND,353100,576000,576000,720000,-144000,0,0,0,-222900,-27300,-60480,0,-55400,55400,0,0,0,0,0,0,-109200,-109200,0,0,0,0,0,0,0,0,0,0,0,-17280,0,0,0,-5760,-2880,0,0,0,0,580896130165802823,546000,0,0,0,30000,0,0,0,0,1030,1030
580895939848537230,Order,2025/10/24,2025/10/31,VND,179280,288000,288000,360000,-72000,0,0,0,-108720,-13104,-30240,0,-47600,47600,0,0,0,0,0,0,-52416,-52416,0,0,0,0,0,0,0,0,0,0,0,-8640,0,0,0,-2880,-1440,0,0,0,0,580895939848537230,262080,0,0,0,25920,0,0,0,0,510,510
580895683625322137,Order,2025/10/24,2025/10/31,VND,201220,288000,288000,360000,-72000,0,0,0,-86780,-14780,-30240,0,-47600,40000,7600,0,0,0,0,0,0,0,0,-28800,0,0,0,0,0,0,0,0,0,-8640,0,0,0,-2880,-1440,0,0,0,0,580895683625322137,295600,0,0,0,0,0,0,0,0,510,510
580895674109429246,Order,2025/10/24,2025/10/31,VND,201470,288000,288000,360000,-72000,0,0,0,-86530,-14530,-30240,0,-47600,45000,2600,0,0,0,0,0,0,0,0,-28800,0,0,0,0,0,0,0,0,0,-8640,0,0,0,-2880,-1440,0,0,0,0,580895674109429246,290600,0,0,0,0,0,0,0,0,510,510
580895563873944667,Order,2025/10/24,2025/10/31,VND,604800,864000,864000,1080000,-216000,0,0,0,-259200,-43200,-90720,0,-61700,61700,0,0,0,0,0,0,0,0,0,-86400,0,0,0,0,0,0,0,0,0,-25920,0,0,0,-8640,-4320,0,0,0,0,580895563873944667,864000,0,0,0,0,0,0,0,0,1530,1530
580893630643209756,Order,2025/10/24,2025/10/31,VND,99600,166000,166000,220000,-54000,0,0,0,-66400,-8300,-17430,0,-30300,30300,0,0,0,0,0,0,-33200,-33200,0,0,0,0,0,0,0,0,0,0,0,-4980,0,0,0,-1660,-830,0,0,0,0,580893630643209756,166000,0,0,0,0,0,0,0,0,210,210
580886831112292126,Order,2025/10/24,2025/10/31,VND,172800,288000,288000,360000,-72000,0,0,0,-115200,-14400,-30240,0,-47600,47600,0,0,0,0,0,0,-57600,-57600,0,0,0,0,0,0,0,0,0,0,0,-8640,0,0,0,-2880,-1440,0,0,0,0,580886831112292126,288000,0,0,0,0,0,0,0,0,510,510
580883112023066318,Order,2025/10/23,2025/10/31,VND,179280,288000,288000,360000,-72000,0,0,0,-108720,-13104,-30240,0,-47600,47600,0,0,0,0,0,0,-52416,-52416,0,0,0,0,0,0,0,0,0,0,0,-8640,0,0,0,-2880,-1440,0,0,0,0,580883112023066318,262080,0,0,0,25920,0,0,0,0,510,510
580870564011214167,Order,2025/10/22,2025/10/31,VND,172800,288000,288000,360000,-72000,0,0,0,-115200,-14400,-30240,0,-35100,35100,0,0,0,0,0,0,-57600,-57600,0,0,0,0,0,0,0,0,0,0,0,-8640,0,0,0,-2880,-1440,0,0,0,0,580870564011214167,288000,0,0,0,0,0,0,0,0,510,510
580899295249335881,Order,2025/10/25,2025/10/30,VND,49800,83000,83000,110000,-27000,0,0,0,-33200,-4150,-8715,0,-26200,26200,0,0,0,0,0,0,-16600,-16600,0,0,0,0,0,0,0,0,0,0,0,-2490,0,0,0,-830,-415,0,0,0,0,580899295249335881,83000,0,0,0,0,0,0,0,0,110,110
580896762783958277,Order,2025/10/24,2025/10/30,VND,49285,83000,83000,110000,-27000,0,0,0,-33715,-4665,-8715,0,-30300,20000,10300,0,0,0,0,0,-16600,-16600,0,0,0,0,0,0,0,0,0,0,0,-2490,0,0,0,-830,-415,0,0,0,0,580896762783958277,93300,0,0,0,0,0,0,0,0,110,110
580896536750360420,Order,2025/10/24,2025/10/30,VND,49540,83000,83000,110000,-27000,0,0,0,-33460,-4410,-8715,0,-35200,30000,5200,0,0,0,0,0,-16600,-16600,0,0,0,0,0,0,0,0,0,0,0,-2490,0,0,0,-830,-415,0,0,0,0,580896536750360420,88200,0,0,0,0,0,0,0,0,110,110
580896526197884149,Order,2025/10/24,2025/10/30,VND,49300,83000,83000,110000,-27000,0,0,0,-33700,-4650,-8715,0,-40000,30000,10000,0,0,0,0,0,-16600,-16600,0,0,0,0,0,0,0,0,0,0,0,-2490,0,0,0,-830,-415,0,0,0,0,580896526197884149,93000,0,0,0,0,0,0,0,0,110,110
580896538269287558,Order,2025/10/24,2025/10/30,VND,57585,83000,83000,110000,-27000,0,0,0,-25415,-4665,-8715,0,-30300,20000,10300,0,0,0,0,0,0,0,0,-8300,0,0,0,0,0,0,0,0,0,-2490,0,0,0,-830,-415,0,0,0,0,580896538269287558,93300,0,0,0,0,0,0,0,0,110,110
580896022344075227,Order,2025/10/24,2025/10/30,VND,870075,1440000,1440000,1800000,-360000,0,0,0,-569925,-71925,-151200,0,-68500,40000,28500,0,0,0,0,0,-282000,-282000,0,0,0,0,0,0,0,0,0,0,0,-43200,0,0,0,-14400,-7200,0,0,0,0,580896022344075227,1438500,0,0,0,30000,0,0,0,0,2530,2530
580896058447660585,Order,2025/10/24,2025/10/30,VND,201220,288000,288000,360000,-72000,0,0,0,-86780,-14780,-30240,0,-47600,40000,7600,0,0,0,0,0,0,0,0,-28800,0,0,0,0,0,0,0,0,0,-8640,0,0,0,-2880,-1440,0,0,0,0,580896058447660585,295600,0,0,0,0,0,0,0,0,510,510
580895624048313787,Order,2025/10/24,2025/10/30,VND,58100,83000,83000,110000,-27000,0,0,0,-24900,-4150,-8715,0,-19700,19700,0,0,0,0,0,0,0,0,0,-8300,0,0,0,0,0,0,0,0,0,-2490,0,0,0,-830,-415,0,0,0,0,580895624048313787,83000,0,0,0,0,0,0,0,0,110,110
580891130886325726,Order,2025/10/24,2025/10/30,VND,49800,83000,83000,110000,-27000,0,0,0,-33200,-4150,-8715,0,-26200,26200,0,0,0,0,0,0,-16600,-16600,0,0,0,0,0,0,0,0,0,0,0,-2490,0,0,0,-830,-415,0,0,0,0,580891130886325726,83000,0,0,0,0,0,0,0,0,110,110
580891126370043495,Order,2025/10/24,2025/10/30,VND,49540,83000,83000,110000,-27000,0,0,0,-33460,-4410,-8715,0,-35200,30000,5200,0,0,0,0,0,-16600,-16600,0,0,0,0,0,0,0,0,0,0,0,-2490,0,0,0,-830,-415,0,0,0,0,580891126370043495,88200,0,0,0,0,0,0,0,0,110,110
580890997783037479,Order,2025/10/24,2025/10/30,VND,49800,83000,83000,110000,-27000,0,0,0,-33200,-4150,-8715,0,-40000,40000,0,0,0,0,0,0,-16600,-16600,0,0,0,0,0,0,0,0,0,0,0,-2490,0,0,0,-830,-415,0,0,0,0,580890997783037479,83000,0,0,0,0,0,0,0,0,110,110
580887967054398881,Order,2025/10/24,2025/10/30,VND,48800,83000,83000,110000,-27000,0,0,0,-34200,-5150,-8715,0,-40000,20000,20000,0,0,0,0,0,-16600,-16600,0,0,0,0,0,0,0,0,0,0,0,-2490,0,0,0,-830,-415,0,0,0,0,580887967054398881,103000,0,0,0,0,0,0,0,0,110,110
580884352050562574,Order,2025/10/23,2025/10/30,VND,48285,83000,83000,110000,-27000,0,0,0,-34715,-5665,-8715,0,-30300,0,30300,0,0,0,0,0,-16600,-16600,0,0,0,0,0,0,0,0,0,0,0,-2490,0,0,0,-830,-415,0,0,0,0,580884352050562574,113300,0,0,0,0,0,0,0,0,110,110
580883864419140837,Order,2025/10/23,2025/10/30,VND,48800,83000,83000,110000,-27000,0,0,0,-34200,-5150,-8715,0,-40000,20000,20000,0,0,0,0,0,-16600,-16600,0,0,0,0,0,0,0,0,0,0,0,-2490,0,0,0,-830,-415,0,0,0,0,580883864419140837,103000,0,0,0,0,0,0,0,0,110,110
580883849222653300,Order,2025/10/23,2025/10/30,VND,172800,288000,288000,360000,-72000,0,0,0,-115200,-14400,-30240,0,-47600,47600,0,0,0,0,0,0,-57600,-57600,0,0,0,0,0,0,0,0,0,0,0,-8640,0,0,0,-2880,-1440,0,0,0,0,580883849222653300,288000,0,0,0,0,0,0,0,0,510,510
580883597096158931,Order,2025/10/23,2025/10/30,VND,57100,83000,83000,110000,-27000,0,0,0,-25900,-5150,-8715,0,-40000,20000,20000,0,0,0,0,0,0,0,0,-8300,0,0,0,0,0,0,0,0,0,-2490,0,0,0,-830,-415,0,0,0,0,580883597096158931,103000,0,0,0,0,0,0,0,0,110,110
580883586839250238,Order,2025/10/23,2025/10/30,VND,172800,288000,288000,360000,-72000,0,0,0,-115200,-14400,-30240,0,-47600,47600,0,0,0,0,0,0,-57600,-57600,0,0,0,0,0,0,0,0,0,0,0,-8640,0,0,0,-2880,-1440,0,0,0,0,580883586839250238,288000,0,0,0,0,0,0,0,0,510,510
580883368951645556,Order,2025/10/23,2025/10/30,VND,177800,288000,288000,360000,-72000,0,0,0,-110200,-13400,-30240,0,-47600,47600,0,0,0,0,0,0,-53600,-53600,0,0,0,0,0,0,0,0,0,0,0,-8640,0,0,0,-2880,-1440,0,0,0,0,580883368951645556,268000,0,0,0,20000,0,0,0,0,510,510
580883227798111669,Order,2025/10/23,2025/10/30,VND,49800,83000,83000,110000,-27000,0,0,0,-33200,-4150,-8715,0,-40000,40000,0,0,0,0,0,0,-16600,-16600,0,0,0,0,0,0,0,0,0,0,0,-2490,0,0,0,-830,-415,0,0,0,0,580883227798111669,83000,0,0,0,0,0,0,0,0,110,110
580883142518736495,Order,2025/10/23,2025/10/30,VND,172420,288000,288000,360000,-72000,0,0,0,-115580,-14780,-30240,0,-47600,40000,7600,0,0,0,0,0,-57600,-57600,0,0,0,0,0,0,0,0,0,0,0,-8640,0,0,0,-2880,-1440,0,0,0,0,580883142518736495,295600,0,0,0,0,0,0,0,0,510,510
580883163225163317,Order,2025/10/23,2025/10/30,VND,58085,83000,83000,110000,-27000,0,0,0,-24915,-4165,-8715,0,-30300,30000,300,0,0,0,0,0,0,0,0,-8300,0,0,0,0,0,0,0,0,0,-2490,0,0,0,-830,-415,0,0,0,0,580883163225163317,83300,0,0,0,0,0,0,0,0,110,110
580883014144853050,Order,2025/10/23,2025/10/30,VND,172800,288000,288000,360000,-72000,0,0,0,-115200,-14400,-30240,0,-41400,41400,0,0,0,0,0,0,-57600,-57600,0,0,0,0,0,0,0,0,0,0,0,-8640,0,0,0,-2880,-1440,0,0,0,0,580883014144853050,288000,0,0,0,0,0,0,0,0,510,510
580882958620067274,Order,2025/10/23,2025/10/30,VND,172800,288000,288000,360000,-72000,0,0,0,-115200,-14400,-30240,0,-35100,35100,0,0,0,0,0,0,-57600,-57600,0,0,0,0,0,0,0,0,0,0,0,-8640,0,0,0,-2880,-1440,0,0,0,0,580882958620067274,288000,0,0,0,0,0,0,0,0,510,510
580882856302838884,Order,2025/10/23,2025/10/30,VND,66400,83000,83000,110000,-27000,0,0,0,-16600,-4150,-8715,0,-19700,19700,0,0,0,0,0,0,0,0,0,0,0,0,0,0,0,0,0,0,0,-2490,0,0,0,-830,-415,0,0,0,0,580882856302838884,83000,0,0,0,0,0,0,0,0,110,110
580882561189840266,Order,2025/10/23,2025/10/30,VND,604800,864000,864000,1080000,-216000,0,0,0,-259200,-43200,-90720,0,-37800,37800,0,0,0,0,0,0,0,0,0,-86400,0,0,0,0,0,0,0,0,0,-25920,0,0,0,-8640,-4320,0,0,0,0,580882561189840266,864000,0,0,0,0,0,0,0,0,1530,1530
580882448486926261,Order,2025/10/23,2025/10/30,VND,172800,288000,288000,360000,-72000,0,0,0,-115200,-14400,-30240,0,-35100,35100,0,0,0,0,0,0,-57600,-57600,0,0,0,0,0,0,0,0,0,0,0,-8640,0,0,0,-2880,-1440,0,0,0,0,580882448486926261,288000,0,0,0,0,0,0,0,0,510,510
580882436110714743,Order,2025/10/23,2025/10/30,VND,57600,83000,83000,110000,-27000,0,0,0,-25400,-4650,-8715,0,-40000,30000,10000,0,0,0,0,0,0,0,0,-8300,0,0,0,0,0,0,0,0,0,-2490,0,0,0,-830,-415,0,0,0,0,580882436110714743,93000,0,0,0,0,0,0,0,0,110,110
580882375926645946,Order,2025/10/23,2025/10/30,VND,345600,576000,576000,720000,-144000,0,0,0,-230400,-28800,-60480,0,-39400,39400,0,0,0,0,0,0,-115200,-115200,0,0,0,0,0,0,0,0,0,0,0,-17280,0,0,0,-5760,-2880,0,0,0,0,580882375926645946,576000,0,0,0,0,0,0,0,0,1030,1030
580882362060277295,Order,2025/10/23,2025/10/30,VND,48800,83000,83000,110000,-27000,0,0,0,-34200,-5150,-8715,0,-40000,20000,20000,0,0,0,0,0,-16600,-16600,0,0,0,0,0,0,0,0,0,0,0,-2490,0,0,0,-830,-415,0,0,0,0,580882362060277295,103000,0,0,0,0,0,0,0,0,110,110
580882315995350727,Order,2025/10/23,2025/10/30,VND,213620,360000,360000,360000,0,0,0,0,-146380,-20380,-37800,0,-47600,0,47600,0,0,0,0,0,-72000,-72000,0,0,0,0,0,0,0,0,0,0,0,-10800,0,0,0,-3600,-1800,0,0,0,0,580882315995350727,407600,0,0,0,0,0,0,0,0,510,510
580882250500900755,Order,2025/10/23,2025/10/30,VND,76500,110000,110000,110000,0,0,0,0,-33500,-6000,-11550,0,-40000,30000,10000,0,0,0,0,0,0,0,0,-11000,0,0,0,0,0,0,0,0,0,-3300,0,0,0,-1100,-550,0,0,0,0,580882250500900755,120000,0,0,0,0,0,0,0,0,100,100
580875282931352675,Order,2025/10/23,2025/10/30,VND,66000,110000,110000,110000,0,0,0,0,-44000,-5500,-11550,0,-35200,35200,0,0,0,0,0,0,-22000,-22000,0,0,0,0,0,0,0,0,0,0,0,-3300,0,0,0,-1100,-550,0,0,0,0,580875282931352675,110000,0,0,0,0,0,0,0,0,110,110
580871316201506711,Order,2025/10/22,2025/10/30,VND,205920,288000,288000,360000,-72000,0,0,0,-82080,-12960,-30240,0,-35100,35100,0,0,0,0,0,0,0,0,0,-25920,0,0,0,0,0,0,0,0,0,-8640,0,0,0,-2880,-1440,0,0,0,0,580871316201506711,259200,0,0,0,28800,0,0,0,0,510,510
580869803490641311,Order,2025/10/22,2025/10/30,VND,72100,121000,121000,150000,-29000,0,0,0,-48900,-6550,-12705,0,-40000,30000,10000,0,0,0,0,0,-24200,-24200,0,0,0,0,0,0,0,0,0,0,0,-3630,0,0,0,-1210,-605,0,0,0,0,580869803490641311,131000,0,0,0,0,0,0,0,0,210,210
580866994193139689,Order,2025/10/22,2025/10/30,VND,72100,121000,121000,150000,-29000,0,0,0,-48900,-6550,-12705,0,-40000,30000,10000,0,0,0,0,0,-24200,-24200,0,0,0,0,0,0,0,0,0,0,0,-3630,0,0,0,-1210,-605,0,0,0,0,580866994193139689,131000,0,0,0,0,0,0,0,0,210,210
580851597407651740,Order,2025/10/21,2025/10/30,VND,345600,576000,576000,720000,-144000,0,0,0,-230400,-28800,-60480,0,-39400,39400,0,0,0,0,0,0,-115200,-115200,0,0,0,0,0,0,0,0,0,0,0,-17280,0,0,0,-5760,-2880,0,0,0,0,580851597407651740,576000,0,0,0,0,0,0,0,0,1030,1030
580833629563422217,Order,2025/10/19,2025/10/30,VND,201600,288000,288000,360000,-72000,0,0,0,-86400,-14400,-30240,0,-47600,47600,0,0,0,0,0,0,0,0,0,-28800,0,0,0,0,0,0,0,0,0,-8640,0,0,0,-2880,-1440,0,0,0,0,580833629563422217,288000,0,0,0,0,0,0,0,0,510,510
580807731848905923,Order,2025/10/17,2025/10/30,VND,-35200,0,0,0,0,0,0,0,-35200,0,0,-35200,-35200,0,0,0,0,0,0,0,0,0,0,0,0,0,0,0,0,0,0,0,0,0,0,0,0,0,0,0,0,0,0,580807731848905923,0,0,0,0,0,0,0,0,0,210,210
580896394849715557,Order,2025/10/24,2025/10/29,VND,171315,288000,288000,360000,-72000,0,0,0,-116685,-15885,-30240,0,-29700,0,29700,0,0,0,0,0,-57600,-57600,0,0,0,0,0,0,0,0,0,0,0,-8640,0,0,0,-2880,-1440,0,0,0,0,580896394849715557,317700,0,0,0,0,0,0,0,0,510,510
580889879567304133,Order,2025/10/24,2025/10/29,VND,49300,83000,83000,110000,-27000,0,0,0,-33700,-4650,-8715,0,-40000,30000,10000,0,0,0,0,0,-16600,-16600,0,0,0,0,0,0,0,0,0,0,0,-2490,0,0,0,-830,-415,0,0,0,0,580889879567304133,93000,0,0,0,0,0,0,0,0,110,110
580888981559084764,Order,2025/10/24,2025/10/29,VND,49300,83000,83000,110000,-27000,0,0,0,-33700,-4650,-8715,0,-40000,30000,10000,0,0,0,0,0,-16600,-16600,0,0,0,0,0,0,0,0,0,0,0,-2490,0,0,0,-830,-415,0,0,0,0,580888981559084764,93000,0,0,0,0,0,0,0,0,110,110
580887884634293898,Order,2025/10/24,2025/10/29,VND,49800,83000,83000,110000,-27000,0,0,0,-33200,-4150,-8715,0,-40000,40000,0,0,0,0,0,0,-16600,-16600,0,0,0,0,0,0,0,0,0,0,0,-2490,0,0,0,-830,-415,0,0,0,0,580887884634293898,83000,0,0,0,0,0,0,0,0,110,110
580883596381554204,Order,2025/10/23,2025/10/29,VND,49785,83000,83000,110000,-27000,0,0,0,-33215,-4165,-8715,0,-30300,30000,300,0,0,0,0,0,-16600,-16600,0,0,0,0,0,0,0,0,0,0,0,-2490,0,0,0,-830,-415,0,0,0,0,580883596381554204,83300,0,0,0,0,0,0,0,0,110,110
580883329268287260,Order,2025/10/23,2025/10/29,VND,49800,83000,83000,110000,-27000,0,0,0,-33200,-4150,-8715,0,-40000,40000,0,0,0,0,0,0,-16600,-16600,0,0,0,0,0,0,0,0,0,0,0,-2490,0,0,0,-830,-415,0,0,0,0,580883329268287260,83000,0,0,0,0,0,0,0,0,110,110
580883108196157091,Order,2025/10/23,2025/10/29,VND,179280,288000,288000,360000,-72000,0,0,0,-108720,-13104,-30240,0,-47600,47600,0,0,0,0,0,0,-52416,-52416,0,0,0,0,0,0,0,0,0,0,0,-8640,0,0,0,-2880,-1440,0,0,0,0,580883108196157091,262080,0,0,0,25920,0,0,0,0,510,510
580882926958839627,Order,2025/10/23,2025/10/29,VND,177120,288000,288000,360000,-72000,0,0,0,-110880,-13536,-30240,0,-47600,47600,0,0,0,0,0,0,-54144,-54144,0,0,0,0,0,0,0,0,0,0,0,-8640,0,0,0,-2880,-1440,0,0,0,0,580882926958839627,270720,0,0,0,17280,0,0,0,0,510,510
580882023369049424,Order,2025/10/23,2025/10/29,VND,90000,150000,150000,150000,0,0,0,0,-60000,-7500,-15750,0,-35200,35200,0,0,0,0,0,0,-30000,-30000,0,0,0,0,0,0,0,0,0,0,0,-4500,0,0,0,-1500,-750,0,0,0,0,580882023369049424,150000,0,0,0,0,0,0,0,0,210,210
580878671646000666,Order,2025/10/23,2025/10/29,VND,66000,110000,110000,110000,0,0,0,0,-44000,-5500,-11550,0,-40000,40000,0,0,0,0,0,0,-22000,-22000,0,0,0,0,0,0,0,0,0,0,0,-3300,0,0,0,-1100,-550,0,0,0,0,580878671646000666,110000,0,0,0,0,0,0,0,0,110,110
580878487908616160,Order,2025/10/23,2025/10/29,VND,65500,110000,110000,110000,0,0,0,0,-44500,-6000,-11550,0,-40000,30000,10000,0,0,0,0,0,-22000,-22000,0,0,0,0,0,0,0,0,0,0,0,-3300,0,0,0,-1100,-550,0,0,0,0,580878487908616160,120000,0,0,0,0,0,0,0,0,110,110
580878217000355020,Order,2025/10/23,2025/10/29,VND,289260,360000,360000,360000,0,0,0,0,-70740,-16740,-37800,0,-35100,35100,0,0,0,0,0,0,0,0,0,0,0,0,0,0,0,0,0,0,0,-10800,0,0,0,-3600,-1800,0,0,0,0,580878217000355020,334800,0,0,0,25200,0,0,0,0,510,510
580877810373330449,Order,2025/10/23,2025/10/29,VND,256020,360000,360000,360000,0,0,0,0,-103980,-17580,-37800,0,-47600,20000,27600,0,0,0,0,0,0,0,0,-32400,0,0,0,0,0,0,0,0,0,-10800,0,0,0,-3600,-1800,0,0,0,0,580877810373330449,351600,0,0,0,36000,0,0,0,0,510,510
580877589708572091,Order,2025/10/23,2025/10/29,VND,76000,110000,110000,110000,0,0,0,0,-34000,-6500,-11550,0,-40000,20000,20000,0,0,0,0,0,0,0,0,-11000,0,0,0,0,0,0,0,0,0,-3300,0,0,0,-1100,-550,0,0,0,0,580877589708572091,130000,0,0,0,0,0,0,0,0,110,110
580877302521628232,Order,2025/10/23,2025/10/29,VND,289800,360000,360000,360000,0,0,0,0,-70200,-16200,-37800,0,-47600,47600,0,0,0,0,0,0,0,0,0,0,0,0,0,0,0,0,0,0,0,-10800,0,0,0,-3600,-1800,0,0,0,0,580877302521628232,324000,0,0,0,36000,0,0,0,0,510,510
580877143294379925,Order,2025/10/23,2025/10/29,VND,77000,110000,110000,110000,0,0,0,0,-33000,-5500,-11550,0,-35200,35200,0,0,0,0,0,0,0,0,0,-11000,0,0,0,0,0,0,0,0,0,-3300,0,0,0,-1100,-550,0,0,0,0,580877143294379925,110000,0,0,0,0,0,0,0,0,110,110
580877154068694722,Order,2025/10/23,2025/10/29,VND,308000,440000,440000,440000,0,0,0,0,-132000,-22000,-46200,0,-40000,40000,0,0,0,0,0,0,0,0,0,-44000,0,0,0,0,0,0,0,0,0,-13200,0,0,0,-4400,-2200,0,0,0,0,580877154068694722,440000,0,0,0,0,0,0,0,0,410,410
580877121852310540,Order,2025/10/23,2025/10/29,VND,105000,150000,150000,150000,0,0,0,0,-45000,-7500,-15750,0,-30300,30300,0,0,0,0,0,0,0,0,0,-15000,0,0,0,0,0,0,0,0,0,-4500,0,0,0,-1500,-750,0,0,0,0,580877121852310540,150000,0,0,0,0,0,0,0,0,210,210
580877109142652332,Order,2025/10/23,2025/10/29,VND,77000,110000,110000,110000,0,0,0,0,-33000,-5500,-11550,0,-40000,40000,0,0,0,0,0,0,0,0,0,-11000,0,0,0,0,0,0,0,0,0,-3300,0,0,0,-1100,-550,0,0,0,0,580877109142652332,110000,0,0,0,0,0,0,0,0,110,110
580876816958981812,Order,2025/10/23,2025/10/29,VND,90000,150000,150000,150000,0,0,0,0,-60000,-7500,-15750,0,-40000,40000,0,0,0,0,0,0,-30000,-30000,0,0,0,0,0,0,0,0,0,0,0,-4500,0,0,0,-1500,-750,0,0,0,0,580876816958981812,150000,0,0,0,0,0,0,0,0,210,210
580876184818385998,Order,2025/10/23,2025/10/29,VND,88240,150000,150000,150000,0,0,0,0,-61760,-9260,-15750,0,-35200,0,35200,0,0,0,0,0,-30000,-30000,0,0,0,0,0,0,0,0,0,0,0,-4500,0,0,0,-1500,-750,0,0,0,0,580876184818385998,185200,0,0,0,0,0,0,0,0,210,210
580876091222295982,Order,2025/10/23,2025/10/29,VND,-40000,0,0,0,0,0,0,0,-40000,0,0,-40000,-40000,0,0,0,0,0,0,0,0,0,0,0,0,0,0,0,0,0,0,0,0,0,0,0,0,0,0,0,0,0,0,580876091222295982,0,0,0,0,0,0,0,0,0,200,200
580875957343127215,Order,2025/10/23,2025/10/29,VND,258000,360000,360000,360000,0,0,0,0,-102000,-16000,-37800,0,-41400,41400,0,0,0,0,0,0,0,0,0,-32000,0,0,0,0,0,0,0,0,0,-10800,0,0,0,-3600,-1800,0,0,0,0,580875957343127215,320000,0,0,0,40000,0,0,0,0,510,510
580875263550785151,Order,2025/10/23,2025/10/29,VND,65000,110000,110000,110000,0,0,0,0,-45000,-6500,-11550,0,-40000,20000,20000,0,0,0,0,0,-22000,-22000,0,0,0,0,0,0,0,0,0,0,0,-3300,0,0,0,-1100,-550,0,0,0,0,580875263550785151,130000,0,0,0,0,0,0,0,0,110,110
580872175990703170,Order,2025/10/22,2025/10/29,VND,49800,83000,83000,110000,-27000,0,0,0,-33200,-4150,-8715,0,-30300,30300,0,0,0,0,0,0,-16600,-16600,0,0,0,0,0,0,0,0,0,0,0,-2490,0,0,0,-830,-415,0,0,0,0,580872175990703170,83000,0,0,0,0,0,0,0,0,110,110
580870705485809015,Order,2025/10/22,2025/10/29,VND,49800,83000,83000,110000,-27000,0,0,0,-33200,-4150,-8715,0,-40000,40000,0,0,0,0,0,0,-16600,-16600,0,0,0,0,0,0,0,0,0,0,0,-2490,0,0,0,-830,-415,0,0,0,0,580870705485809015,83000,0,0,0,0,0,0,0,0,110,110
580870349199607204,Order,2025/10/22,2025/10/29,VND,171315,288000,288000,360000,-72000,0,0,0,-116685,-15885,-30240,0,-29700,0,29700,0,0,0,0,0,-57600,-57600,0,0,0,0,0,0,0,0,0,0,0,-8640,0,0,0,-2880,-1440,0,0,0,0,580870349199607204,317700,0,0,0,0,0,0,0,0,510,510
580870342249579539,Order,2025/10/22,2025/10/29,VND,201600,288000,288000,360000,-72000,0,0,0,-86400,-14400,-30240,0,-35100,35100,0,0,0,0,0,0,0,0,0,-28800,0,0,0,0,0,0,0,0,0,-8640,0,0,0,-2880,-1440,0,0,0,0,580870342249579539,288000,0,0,0,0,0,0,0,0,510,510
580870284659033336,Order,2025/10/22,2025/10/29,VND,180720,288000,288000,360000,-72000,0,0,0,-107280,-12816,-30240,0,-47600,47600,0,0,0,0,0,0,-51264,-51264,0,0,0,0,0,0,0,0,0,0,0,-8640,0,0,0,-2880,-1440,0,0,0,0,580870284659033336,256320,0,0,0,31680,0,0,0,0,510,510
580870232038475508,Order,2025/10/22,2025/10/29,VND,508200,847000,847000,1050000,-203000,0,0,0,-338800,-42350,-88935,0,-55400,55400,0,0,0,0,0,0,-169400,-169400,0,0,0,0,0,0,0,0,0,0,0,-25410,0,0,0,-8470,-4235,0,0,0,0,580870232038475508,847000,0,0,0,0,0,0,0,0,1430,1430
580870027911006111,Order,2025/10/22,2025/10/29,VND,172420,288000,288000,360000,-72000,0,0,0,-115580,-14780,-30240,0,-47600,40000,7600,0,0,0,0,0,-57600,-57600,0,0,0,0,0,0,0,0,0,0,0,-8640,0,0,0,-2880,-1440,0,0,0,0,580870027911006111,295600,0,0,0,0,0,0,0,0,510,510
580869830785991736,Order,2025/10/22,2025/10/29,VND,180340,288000,288000,360000,-72000,0,0,0,-107660,-13196,-30240,0,-47600,40000,7600,0,0,0,0,0,-51264,-51264,0,0,0,0,0,0,0,0,0,0,0,-8640,0,0,0,-2880,-1440,0,0,0,0,580869830785991736,263920,0,0,0,31680,0,0,0,0,510,510
580869840353724310,Order,2025/10/22,2025/10/29,VND,177560,288000,288000,360000,-72000,0,0,0,-110440,-13672,-30240,0,-47600,42000,5600,0,0,0,0,0,-53568,-53568,0,0,0,0,0,0,0,0,0,0,0,-8640,0,0,0,-2880,-1440,0,0,0,0,580869840353724310,273440,0,0,0,20160,0,0,0,0,510,510
580869859010643732,Order,2025/10/22,2025/10/29,VND,49800,83000,83000,110000,-27000,0,0,0,-33200,-4150,-8715,0,-30300,30300,0,0,0,0,0,0,-16600,-16600,0,0,0,0,0,0,0,0,0,0,0,-2490,0,0,0,-830,-415,0,0,0,0,580869859010643732,83000,0,0,0,0,0,0,0,0,110,110
580869476327327161,Order,2025/10/22,2025/10/29,VND,96800,121000,121000,150000,-29000,0,0,0,-24200,-6050,-12705,0,-30300,30300,0,0,0,0,0,0,0,0,0,0,0,0,0,0,0,0,0,0,0,-3630,0,0,0,-1210,-605,0,0,0,0,580869476327327161,121000,0,0,0,0,0,0,0,0,210,210
580868767095030840,Order,2025/10/22,2025/10/29,VND,105000,150000,150000,150000,0,0,0,0,-45000,-7500,-15750,0,-40000,40000,0,0,0,0,0,0,0,0,0,-15000,0,0,0,0,0,0,0,0,0,-4500,0,0,0,-1500,-750,0,0,0,0,580868767095030840,150000,0,0,0,0,0,0,0,0,210,210
580868093575792438,Order,2025/10/22,2025/10/29,VND,57100,83000,83000,110000,-27000,0,0,0,-25900,-5150,-8715,0,-40000,20000,20000,0,0,0,0,0,0,0,0,-8300,0,0,0,0,0,0,0,0,0,-2490,0,0,0,-830,-415,0,0,0,0,580868093575792438,103000,0,0,0,0,0,0,0,0,110,110
580867005348349512,Order,2025/10/22,2025/10/29,VND,72600,121000,121000,150000,-29000,0,0,0,-48400,-6050,-12705,0,-26200,26200,0,0,0,0,0,0,-24200,-24200,0,0,0,0,0,0,0,0,0,0,0,-3630,0,0,0,-1210,-605,0,0,0,0,580867005348349512,121000,0,0,0,0,0,0,0,0,210,210
580862731267900926,Order,2025/10/22,2025/10/29,VND,84700,121000,121000,150000,-29000,0,0,0,-36300,-6050,-12705,0,-40000,40000,0,0,0,0,0,0,0,0,0,-12100,0,0,0,0,0,0,0,0,0,-3630,0,0,0,-1210,-605,0,0,0,0,580862731267900926,121000,0,0,0,0,0,0,0,0,210,210
580859681473004780,Order,2025/10/21,2025/10/29,VND,71600,121000,121000,150000,-29000,0,0,0,-49400,-7050,-12705,0,-40000,20000,20000,0,0,0,0,0,-24200,-24200,0,0,0,0,0,0,0,0,0,0,0,-3630,0,0,0,-1210,-605,0,0,0,0,580859681473004780,141000,0,0,0,0,0,0,0,0,210,210
580857635144762889,Order,2025/10/21,2025/10/29,VND,345600,576000,576000,720000,-144000,0,0,0,-230400,-28800,-60480,0,-55400,55400,0,0,0,0,0,0,-115200,-115200,0,0,0,0,0,0,0,0,0,0,0,-17280,0,0,0,-5760,-2880,0,0,0,0,580857635144762889,576000,0,0,0,0,0,0,0,0,1030,1030
580854776642897898,Order,2025/10/21,2025/10/29,VND,72600,121000,121000,150000,-29000,0,0,0,-48400,-6050,-12705,0,-30300,30300,0,0,0,0,0,0,-24200,-24200,0,0,0,0,0,0,0,0,0,0,0,-3630,0,0,0,-1210,-605,0,0,0,0,580854776642897898,121000,0,0,0,0,0,0,0,0,210,210
580826147856614829,Order,2025/10/19,2025/10/29,VND,72600,121000,121000,150000,-29000,0,0,0,-48400,-6050,-12705,0,-26200,26200,0,0,0,0,0,0,-24200,-24200,0,0,0,0,0,0,0,0,0,0,0,-3630,0,0,0,-1210,-605,0,0,0,0,580826147856614829,121000,0,0,0,0,0,0,0,0,210,210
580796190073390738,Order,2025/10/16,2025/10/29,VND,-29700,0,0,0,0,0,0,0,-29700,0,0,-29700,-29700,0,0,0,0,0,0,0,0,0,0,0,0,0,0,0,0,0,0,0,0,0,0,0,0,0,0,0,0,0,0,580796190073390738,0,0,0,0,0,0,0,0,0,510,510
580795392968066923,Order,2025/10/16,2025/10/29,VND,-30300,0,0,0,0,0,0,0,-30300,0,0,-30300,-30300,0,0,0,0,0,0,0,0,0,0,0,0,0,0,0,0,0,0,0,0,0,0,0,0,0,0,0,0,0,0,580795392968066923,0,0,0,0,0,0,0,0,0,210,210
580883294246504428,Order,2025/10/23,2025/10/28,VND,49800,83000,83000,110000,-27000,0,0,0,-33200,-4150,-8715,0,-30300,30300,0,0,0,0,0,0,-16600,-16600,0,0,0,0,0,0,0,0,0,0,0,-2490,0,0,0,-830,-415,0,0,0,0,580883294246504428,83000,0,0,0,0,0,0,0,0,110,110
580883073180731149,Order,2025/10/23,2025/10/28,VND,49285,83000,83000,110000,-27000,0,0,0,-33715,-4665,-8715,0,-30300,20000,10300,0,0,0,0,0,-16600,-16600,0,0,0,0,0,0,0,0,0,0,0,-2490,0,0,0,-830,-415,0,0,0,0,580883073180731149,93300,0,0,0,0,0,0,0,0,110,110
580877387747592139,Order,2025/10/23,2025/10/28,VND,519120,720000,720000,720000,0,0,0,0,-200880,-30960,-75600,0,-39400,39400,0,0,0,0,0,0,0,0,0,-61920,0,0,0,0,0,0,0,0,0,-21600,0,0,0,-7200,-3600,0,0,0,0,580877387747592139,619200,0,0,0,100800,0,0,0,0,1030,1030
580876065612661872,Order,2025/10/23,2025/10/28,VND,-40000,0,0,0,0,0,0,0,-40000,0,0,-40000,-40000,0,0,0,0,0,0,0,0,0,0,0,0,0,0,0,0,0,0,0,0,0,0,0,0,0,0,0,0,0,0,580876065612661872,0,0,0,0,0,0,0,0,0,500,500
580875352521672303,Order,2025/10/23,2025/10/28,VND,2160000,3600000,3600000,3600000,0,0,0,0,-1440000,-180000,-378000,0,-72600,72600,0,0,0,0,0,0,-720000,-720000,0,0,0,0,0,0,0,0,0,0,0,-108000,0,0,0,-36000,-18000,0,0,0,0,580875352521672303,3600000,0,0,0,0,0,0,0,0,5030,5030
580872140014585284,Order,2025/10/22,2025/10/28,VND,172730,288000,288000,360000,-72000,0,0,0,-115270,-14470,-30240,0,-41400,40000,1400,0,0,0,0,0,-57600,-57600,0,0,0,0,0,0,0,0,0,0,0,-8640,0,0,0,-2880,-1440,0,0,0,0,580872140014585284,289400,0,0,0,0,0,0,0,0,510,510
580871964418802985,Order,2025/10/22,2025/10/28,VND,49800,83000,83000,110000,-27000,0,0,0,-33200,-4150,-8715,0,-26200,26200,0,0,0,0,0,0,-16600,-16600,0,0,0,0,0,0,0,0,0,0,0,-2490,0,0,0,-830,-415,0,0,0,0,580871964418802985,83000,0,0,0,0,0,0,0,0,110,110
580870408974599522,Order,2025/10/22,2025/10/28,VND,201600,288000,288000,360000,-72000,0,0,0,-86400,-14400,-30240,0,-47600,47600,0,0,0,0,0,0,0,0,0,-28800,0,0,0,0,0,0,0,0,0,-8640,0,0,0,-2880,-1440,0,0,0,0,580870408974599522,288000,0,0,0,0,0,0,0,0,510,510
580869392954918599,Order,2025/10/22,2025/10/28,VND,169400,242000,242000,300000,-58000,0,0,0,-72600,-12100,-25410,0,-40000,40000,0,0,0,0,0,0,-24200,-24200,0,0,0,0,0,0,0,0,0,0,0,-7260,0,0,0,-2420,-1210,0,0,0,0,580869392954918599,242000,0,0,0,0,0,0,0,0,410,410
580866450781406790,Order,2025/10/22,2025/10/28,VND,204676,288000,288000,360000,-72000,0,0,0,-83324,-13628,-30240,0,-47600,40000,7600,0,0,0,0,0,0,0,0,-26496,0,0,0,0,0,0,0,0,0,-8640,0,0,0,-2880,-1440,0,0,0,0,580866450781406790,272560,0,0,0,23040,0,0,0,0,510,510
580865753223169469,Order,2025/10/22,2025/10/28,VND,518400,864000,864000,1080000,-216000,0,0,0,-345600,-43200,-90720,0,-61700,61700,0,0,0,0,0,0,-172800,-172800,0,0,0,0,0,0,0,0,0,0,0,-25920,0,0,0,-8640,-4320,0,0,0,0,580865753223169469,864000,0,0,0,0,0,0,0,0,1530,1530
580864229166319544,Order,2025/10/22,2025/10/28,VND,169400,242000,242000,300000,-58000,0,0,0,-72600,-12100,-25410,0,-30300,30300,0,0,0,0,0,0,0,0,0,-24200,0,0,0,0,0,0,0,0,0,-7260,0,0,0,-2420,-1210,0,0,0,0,580864229166319544,242000,0,0,0,0,0,0,0,0,410,410
580861260685477474,Order,2025/10/22,2025/10/28,VND,83940,121000,121000,150000,-29000,0,0,0,-37060,-6810,-12705,0,-35200,20000,15200,0,0,0,0,0,0,0,0,-12100,0,0,0,0,0,0,0,0,0,-3630,0,0,0,-1210,-605,0,0,0,0,580861260685477474,136200,0,0,0,0,0,0,0,0,210,210
580860667957052457,Order,2025/10/22,2025/10/28,VND,230400,288000,288000,360000,-72000,0,0,0,-57600,-14400,-30240,0,-35100,35100,0,0,0,0,0,0,0,0,0,0,0,0,0,0,0,0,0,0,0,-8640,0,0,0,-2880,-1440,0,0,0,0,580860667957052457,288000,0,0,0,0,0,0,0,0,510,510
580858241242007126,Order,2025/10/21,2025/10/28,VND,86878,121000,121000,150000,-29000,0,0,0,-34122,-5324,-12705,0,-40000,40000,0,0,0,0,0,0,0,0,0,-10648,0,0,0,0,0,0,0,0,0,-3630,0,0,0,-1210,-605,0,0,0,0,580858241242007126,106480,0,0,0,14520,0,0,0,0,210,210
580857259424581440,Order,2025/10/21,2025/10/28,VND,864000,1440000,1440000,1800000,-360000,0,0,0,-576000,-72000,-151200,0,-68500,68500,0,0,0,0,0,0,-288000,-288000,0,0,0,0,0,0,0,0,0,0,0,-43200,0,0,0,-14400,-7200,0,0,0,0,580857259424581440,1440000,0,0,0,0,0,0,0,0,2530,2530
580857170584241608,Order,2025/10/21,2025/10/28,VND,363000,605000,605000,750000,-145000,0,0,0,-242000,-30250,-63525,0,-39400,39400,0,0,0,0,0,0,-121000,-121000,0,0,0,0,0,0,0,0,0,0,0,-18150,0,0,0,-6050,-3025,0,0,0,0,580857170584241608,605000,0,0,0,0,0,0,0,0,1030,1030
580857077958477698,Order,2025/10/21,2025/10/28,VND,72600,121000,121000,150000,-29000,0,0,0,-48400,-6050,-12705,0,-40000,40000,0,0,0,0,0,0,-24200,-24200,0,0,0,0,0,0,0,0,0,0,0,-3630,0,0,0,-1210,-605,0,0,0,0,580857077958477698,121000,0,0,0,0,0,0,0,0,210,210
580824974947813074,Order,2025/10/19,2025/10/28,VND,83300,121000,121000,150000,-29000,0,0,0,-37700,-7450,-12705,0,-40000,12000,28000,0,0,0,0,0,0,0,0,-12100,0,0,0,0,0,0,0,0,0,-3630,0,0,0,-1210,-605,0,0,0,0,580824974947813074,149000,0,0,0,0,0,0,0,0,210,210
580819240108459402,Order,2025/10/18,2025/10/28,VND,172800,288000,288000,360000,-72000,0,0,0,-115200,-14400,-30240,0,-35100,35100,0,0,0,0,0,0,-57600,-57600,0,0,0,0,0,0,0,0,0,0,0,-8640,0,0,0,-2880,-1440,0,0,0,0,580819240108459402,288000,0,0,0,0,0,0,0,0,510,510
580795822095697602,Order,2025/10/16,2025/10/28,VND,-40000,0,0,0,0,0,0,0,-40000,0,0,-40000,-40000,0,0,0,0,0,0,0,0,0,0,0,0,0,0,0,0,0,0,0,0,0,0,0,0,0,0,0,0,0,0,580795822095697602,0,0,0,0,0,0,0,0,0,110,110
580878820255761441,Order,2025/10/23,2025/10/27,VND,66000,110000,110000,110000,0,0,0,0,-44000,-5500,-11550,0,-30300,30300,0,0,0,0,0,0,-22000,-22000,0,0,0,0,0,0,0,0,0,0,0,-3300,0,0,0,-1100,-550,0,0,0,0,580878820255761441,110000,0,0,0,0,0,0,0,0,110,110
580878370449556604,Order,2025/10/23,2025/10/27,VND,256860,360000,360000,360000,0,0,0,0,-103140,-16380,-37800,0,-29700,29700,0,0,0,0,0,0,0,0,0,-32760,0,0,0,0,0,0,0,0,0,-10800,0,0,0,-3600,-1800,0,0,0,0,580878370449556604,327600,0,0,0,32400,0,0,0,0,510,510
580877714940134785,Order,2025/10/23,2025/10/27,VND,306485,440000,440000,440000,0,0,0,0,-133515,-23515,-46200,0,-30300,0,30300,0,0,0,0,0,0,0,0,-44000,0,0,0,0,0,0,0,0,0,-13200,0,0,0,-4400,-2200,0,0,0,0,580877714940134785,470300,0,0,0,0,0,0,0,0,410,410
580877146032473817,Order,2025/10/23,2025/10/27,VND,288000,360000,360000,360000,0,0,0,0,-72000,-18000,-37800,0,-35100,35100,0,0,0,0,0,0,0,0,0,0,0,0,0,0,0,0,0,0,0,-10800,0,0,0,-3600,-1800,0,0,0,0,580877146032473817,360000,0,0,0,0,0,0,0,0,510,510
580876225797457482,Order,2025/10/23,2025/10/27,VND,90000,150000,150000,150000,0,0,0,0,-60000,-7500,-15750,0,-30300,30300,0,0,0,0,0,0,-30000,-30000,0,0,0,0,0,0,0,0,0,0,0,-4500,0,0,0,-1500,-750,0,0,0,0,580876225797457482,150000,0,0,0,0,0,0,0,0,210,210
580866311676135122,Order,2025/10/22,2025/10/27,VND,72600,121000,121000,150000,-29000,0,0,0,-48400,-6050,-12705,0,-40000,40000,0,0,0,0,0,0,-24200,-24200,0,0,0,0,0,0,0,0,0,0,0,-3630,0,0,0,-1210,-605,0,0,0,0,580866311676135122,121000,0,0,0,0,0,0,0,0,210,210
580864840475706571,Order,2025/10/22,2025/10/27,VND,72585,121000,121000,150000,-29000,0,0,0,-48415,-6065,-12705,0,-30300,30000,300,0,0,0,0,0,-24200,-24200,0,0,0,0,0,0,0,0,0,0,0,-3630,0,0,0,-1210,-605,0,0,0,0,580864840475706571,121300,0,0,0,0,0,0,0,0,200,200
580864740165519134,Order,2025/10/22,2025/10/27,VND,193600,242000,242000,300000,-58000,0,0,0,-48400,-12100,-25410,0,-40000,40000,0,0,0,0,0,0,0,0,0,0,0,0,0,0,0,0,0,0,0,-7260,0,0,0,-2420,-1210,0,0,0,0,580864740165519134,242000,0,0,0,0,0,0,0,0,410,410
580864666052691151,Order,2025/10/22,2025/10/27,VND,201220,288000,288000,360000,-72000,0,0,0,-86780,-14780,-30240,0,-47600,40000,7600,0,0,0,0,0,0,0,0,-28800,0,0,0,0,0,0,0,0,0,-8640,0,0,0,-2880,-1440,0,0,0,0,580864666052691151,295600,0,0,0,0,0,0,0,0,510,510
580862975253644480,Order,2025/10/22,2025/10/27,VND,84700,121000,121000,150000,-29000,0,0,0,-36300,-6050,-12705,0,-40000,40000,0,0,0,0,0,0,0,0,0,-12100,0,0,0,0,0,0,0,0,0,-3630,0,0,0,-1210,-605,0,0,0,0,580862975253644480,121000,0,0,0,0,0,0,0,0,210,210
580862524180235793,Order,2025/10/22,2025/10/27,VND,84700,121000,121000,150000,-29000,0,0,0,-36300,-6050,-12705,0,-40000,40000,0,0,0,0,0,0,0,0,0,-12100,0,0,0,0,0,0,0,0,0,-3630,0,0,0,-1210,-605,0,0,0,0,580862524180235793,121000,0,0,0,0,0,0,0,0,210,210
580861361259513371,Order,2025/10/22,2025/10/27,VND,72085,121000,121000,150000,-29000,0,0,0,-48915,-6565,-12705,0,-30300,20000,10300,0,0,0,0,0,-24200,-24200,0,0,0,0,0,0,0,0,0,0,0,-3630,0,0,0,-1210,-605,0,0,0,0,580861361259513371,131300,0,0,0,0,0,0,0,0,210,210
580857842604017114,Order,2025/10/21,2025/10/27,VND,178560,288000,288000,360000,-72000,0,0,0,-109440,-13248,-30240,0,-47600,47600,0,0,0,0,0,0,-52992,-52992,0,0,0,0,0,0,0,0,0,0,0,-8640,0,0,0,-2880,-1440,0,0,0,0,580857842604017114,264960,0,0,0,23040,0,0,0,0,510,510
580857696644072976,Order,2025/10/21,2025/10/27,VND,72600,121000,121000,150000,-29000,0,0,0,-48400,-6050,-12705,0,-40000,40000,0,0,0,0,0,0,-24200,-24200,0,0,0,0,0,0,0,0,0,0,0,-3630,0,0,0,-1210,-605,0,0,0,0,580857696644072976,121000,0,0,0,0,0,0,0,0,210,210
580857518018036859,Order,2025/10/21,2025/10/27,VND,72100,121000,121000,150000,-29000,0,0,0,-48900,-6550,-12705,0,-40000,30000,10000,0,0,0,0,0,-24200,-24200,0,0,0,0,0,0,0,0,0,0,0,-3630,0,0,0,-1210,-605,0,0,0,0,580857518018036859,131000,0,0,0,0,0,0,0,0,210,210
580855327220795071,Order,2025/10/21,2025/10/27,VND,96490,121000,121000,150000,-29000,0,0,0,-24510,-6360,-12705,0,-26200,20000,6200,0,0,0,0,0,0,0,0,0,0,0,0,0,0,0,0,0,0,-3630,0,0,0,-1210,-605,0,0,0,0,580855327220795071,127200,0,0,0,0,0,0,0,0,210,210
580853140867089420,Order,2025/10/21,2025/10/27,VND,71600,121000,121000,150000,-29000,0,0,0,-49400,-7050,-12705,0,-40000,20000,20000,0,0,0,0,0,-24200,-24200,0,0,0,0,0,0,0,0,0,0,0,-3630,0,0,0,-1210,-605,0,0,0,0,580853140867089420,141000,0,0,0,0,0,0,0,0,210,210
580850306574747285,Order,2025/10/21,2025/10/27,VND,72600,121000,121000,150000,-29000,0,0,0,-48400,-6050,-12705,0,-30300,30300,0,0,0,0,0,0,-24200,-24200,0,0,0,0,0,0,0,0,0,0,0,-3630,0,0,0,-1210,-605,0,0,0,0,580850306574747285,121000,0,0,0,0,0,0,0,0,210,210
580849080619599345,Order,2025/10/21,2025/10/27,VND,169400,242000,242000,300000,-58000,0,0,0,-72600,-12100,-25410,0,-26200,26200,0,0,0,0,0,0,0,0,0,-24200,0,0,0,0,0,0,0,0,0,-7260,0,0,0,-2420,-1210,0,0,0,0,580849080619599345,242000,0,0,0,0,0,0,0,0,410,410
580849081642092408,Order,2025/10/21,2025/10/27,VND,71600,121000,121000,150000,-29000,0,0,0,-49400,-7050,-12705,0,-40000,20000,20000,0,0,0,0,0,-24200,-24200,0,0,0,0,0,0,0,0,0,0,0,-3630,0,0,0,-1210,-605,0,0,0,0,580849081642092408,141000,0,0,0,0,0,0,0,0,210,210
580848996739024503,Order,2025/10/21,2025/10/27,VND,200720,288000,288000,360000,-72000,0,0,0,-87280,-15280,-30240,0,-47600,30000,17600,0,0,0,0,0,0,0,0,-28800,0,0,0,0,0,0,0,0,0,-8640,0,0,0,-2880,-1440,0,0,0,0,580848996739024503,305600,0,0,0,0,0,0,0,0,510,510
580848912339207618,Order,2025/10/21,2025/10/27,VND,83700,121000,121000,150000,-29000,0,0,0,-37300,-7050,-12705,0,-40000,20000,20000,0,0,0,0,0,0,0,0,-12100,0,0,0,0,0,0,0,0,0,-3630,0,0,0,-1210,-605,0,0,0,0,580848912339207618,141000,0,0,0,0,0,0,0,0,210,210
580848900087055957,Order,2025/10/21,2025/10/27,VND,804975,1152000,1152000,1440000,-288000,0,0,0,-347025,-59025,-120960,0,-68500,40000,28500,0,0,0,0,0,0,0,0,-115200,0,0,0,0,0,0,0,0,0,-34560,0,0,0,-11520,-5760,0,0,0,0,580848900087055957,1180500,0,0,0,0,0,0,0,0,2030,2030
580848884373227421,Order,2025/10/21,2025/10/27,VND,84200,121000,121000,150000,-29000,0,0,0,-36800,-6550,-12705,0,-40000,30000,10000,0,0,0,0,0,0,0,0,-12100,0,0,0,0,0,0,0,0,0,-3630,0,0,0,-1210,-605,0,0,0,0,580848884373227421,131000,0,0,0,0,0,0,0,0,210,210
580848758491022847,Order,2025/10/21,2025/10/27,VND,84200,121000,121000,150000,-29000,0,0,0,-36800,-6550,-12705,0,-40000,30000,10000,0,0,0,0,0,0,0,0,-12100,0,0,0,0,0,0,0,0,0,-3630,0,0,0,-1210,-605,0,0,0,0,580848758491022847,131000,0,0,0,0,0,0,0,0,210,210
580848417233667152,Order,2025/10/21,2025/10/27,VND,84440,121000,121000,150000,-29000,0,0,0,-36560,-6310,-12705,0,-35200,30000,5200,0,0,0,0,0,0,0,0,-12100,0,0,0,0,0,0,0,0,0,-3630,0,0,0,-1210,-605,0,0,0,0,580848417233667152,126200,0,0,0,0,0,0,0,0,210,210
580846542151059391,Order,2025/10/20,2025/10/27,VND,72100,121000,121000,150000,-29000,0,0,0,-48900,-6550,-12705,0,-40000,30000,10000,0,0,0,0,0,-24200,-24200,0,0,0,0,0,0,0,0,0,0,0,-3630,0,0,0,-1210,-605,0,0,0,0,580846542151059391,131000,0,0,0,0,0,0,0,0,210,210
580846419435226376,Order,2025/10/20,2025/10/27,VND,72100,121000,121000,150000,-29000,0,0,0,-48900,-6550,-12705,0,-40000,30000,10000,0,0,0,0,0,-24200,-24200,0,0,0,0,0,0,0,0,0,0,0,-3630,0,0,0,-1210,-605,0,0,0,0,580846419435226376,131000,0,0,0,0,0,0,0,0,210,210
580845919822447756,Order,2025/10/20,2025/10/27,VND,172730,288000,288000,360000,-72000,0,0,0,-115270,-14470,-30240,0,-41400,40000,1400,0,0,0,0,0,-57600,-57600,0,0,0,0,0,0,0,0,0,0,0,-8640,0,0,0,-2880,-1440,0,0,0,0,580845919822447756,289400,0,0,0,0,0,0,0,0,510,510
580845645713671936,Order,2025/10/20,2025/10/27,VND,72600,121000,121000,150000,-29000,0,0,0,-48400,-6050,-12705,0,-40000,40000,0,0,0,0,0,0,-24200,-24200,0,0,0,0,0,0,0,0,0,0,0,-3630,0,0,0,-1210,-605,0,0,0,0,580845645713671936,121000,0,0,0,0,0,0,0,0,210,210
580845589051114944,Order,2025/10/20,2025/10/27,VND,47500,80000,80000,127000,-47000,0,0,0,-32500,-4500,-8400,0,-40000,30000,10000,0,0,0,0,0,-16000,-16000,0,0,0,0,0,0,0,0,0,0,0,-2400,0,0,0,-800,-400,0,0,0,0,580845589051114944,90000,0,0,0,0,0,0,0,0,300,300
580845369278170451,Order,2025/10/20,2025/10/27,VND,145200,242000,242000,300000,-58000,0,0,0,-96800,-12100,-25410,0,-30300,30300,0,0,0,0,0,0,-48400,-48400,0,0,0,0,0,0,0,0,0,0,0,-7260,0,0,0,-2420,-1210,0,0,0,0,580845369278170451,242000,0,0,0,0,0,0,0,0,410,410
580845160168785748,Order,2025/10/20,2025/10/27,VND,71600,121000,121000,150000,-29000,0,0,0,-49400,-7050,-12705,0,-40000,20000,20000,0,0,0,0,0,-24200,-24200,0,0,0,0,0,0,0,0,0,0,0,-3630,0,0,0,-1210,-605,0,0,0,0,580845160168785748,141000,0,0,0,0,0,0,0,0,210,210
580844936063911104,Order,2025/10/20,2025/10/27,VND,177840,288000,288000,360000,-72000,0,0,0,-110160,-13392,-30240,0,-35100,35100,0,0,0,0,0,0,-53568,-53568,0,0,0,0,0,0,0,0,0,0,0,-8640,0,0,0,-2880,-1440,0,0,0,0,580844936063911104,267840,0,0,0,20160,0,0,0,0,510,510
580844898556019870,Order,2025/10/20,2025/10/27,VND,872000,1440000,1440000,1800000,-360000,0,0,0,-568000,-70400,-151200,0,-67500,67500,0,0,0,0,0,0,-281600,-281600,0,0,0,0,0,0,0,0,0,0,0,-43200,0,0,0,-14400,-7200,0,0,0,0,580844898556019870,1408000,0,0,0,32000,0,0,0,0,2530,2530
580844898152056263,Order,2025/10/20,2025/10/27,VND,71600,121000,121000,150000,-29000,0,0,0,-49400,-7050,-12705,0,-40000,20000,20000,0,0,0,0,0,-24200,-24200,0,0,0,0,0,0,0,0,0,0,0,-3630,0,0,0,-1210,-605,0,0,0,0,580844898152056263,141000,0,0,0,0,0,0,0,0,210,210
580844656562964202,Order,2025/10/20,2025/10/27,VND,84440,121000,121000,150000,-29000,0,0,0,-36560,-6310,-12705,0,-35200,30000,5200,0,0,0,0,0,0,0,0,-12100,0,0,0,0,0,0,0,0,0,-3630,0,0,0,-1210,-605,0,0,0,0,580844656562964202,126200,0,0,0,0,0,0,0,0,210,210
580844200315815052,Order,2025/10/20,2025/10/27,VND,72600,121000,121000,150000,-29000,0,0,0,-48400,-6050,-12705,0,-40000,40000,0,0,0,0,0,0,-24200,-24200,0,0,0,0,0,0,0,0,0,0,0,-3630,0,0,0,-1210,-605,0,0,0,0,580844200315815052,121000,0,0,0,0,0,0,0,0,210,210
580836625096541705,Order,2025/10/20,2025/10/27,VND,-40000,0,0,0,0,0,0,0,-40000,0,0,-40000,-40000,0,0,0,0,0,0,0,0,0,0,0,0,0,0,0,0,0,0,0,0,0,0,0,0,0,0,0,0,0,0,580836625096541705,0,0,0,0,0,0,0,0,0,200,200
580832472566302079,Order,2025/10/19,2025/10/27,VND,169400,242000,242000,300000,-58000,0,0,0,-72600,-12100,-25410,0,-40000,40000,0,0,0,0,0,0,0,0,0,-24200,0,0,0,0,0,0,0,0,0,-7260,0,0,0,-2420,-1210,0,0,0,0,580832472566302079,242000,0,0,0,0,0,0,0,0,410,410
580831626599892097,Order,2025/10/19,2025/10/27,VND,201600,288000,288000,360000,-72000,0,0,0,-86400,-14400,-30240,0,-47600,47600,0,0,0,0,0,0,0,0,0,-28800,0,0,0,0,0,0,0,0,0,-8640,0,0,0,-2880,-1440,0,0,0,0,580831626599892097,288000,0,0,0,0,0,0,0,0,510,510
580826053230560644,Order,2025/10/19,2025/10/27,VND,83700,121000,121000,150000,-29000,0,0,0,-37300,-7050,-12705,0,-40000,20000,20000,0,0,0,0,0,0,0,0,-12100,0,0,0,0,0,0,0,0,0,-3630,0,0,0,-1210,-605,0,0,0,0,580826053230560644,141000,0,0,0,0,0,0,0,0,210,210
580825081608045630,Order,2025/10/19,2025/10/27,VND,413568,576000,576000,720000,-144000,0,0,0,-162432,-25344,-60480,0,-34000,34000,0,0,0,0,0,0,0,0,0,-50688,0,0,0,0,0,0,0,0,0,-17280,0,0,0,-5760,-2880,0,0,0,0,580825081608045630,506880,0,0,0,69120,0,0,0,0,1030,1030
580820590514177519,Order,2025/10/18,2025/10/27,VND,47500,80000,80000,127000,-47000,0,0,0,-32500,-4500,-8400,0,-40000,30000,10000,0,0,0,0,0,-16000,-16000,0,0,0,0,0,0,0,0,0,0,0,-2400,0,0,0,-800,-400,0,0,0,0,580820590514177519,90000,0,0,0,0,0,0,0,0,300,300
580820100197614638,Order,2025/10/18,2025/10/27,VND,201600,288000,288000,360000,-72000,0,0,0,-86400,-14400,-30240,0,-35100,35100,0,0,0,0,0,0,0,0,0,-28800,0,0,0,0,0,0,0,0,0,-8640,0,0,0,-2880,-1440,0,0,0,0,580820100197614638,288000,0,0,0,0,0,0,0,0,510,510
580819530638264068,Order,2025/10/18,2025/10/27,VND,201600,288000,288000,360000,-72000,0,0,0,-86400,-14400,-30240,0,-35100,35100,0,0,0,0,0,0,0,0,0,-28800,0,0,0,0,0,0,0,0,0,-8640,0,0,0,-2880,-1440,0,0,0,0,580819530638264068,288000,0,0,0,0,0,0,0,0,510,510
580745772592235907,Order,2025/10/12,2025/10/27,VND,-26200,0,0,0,0,0,0,0,-26200,0,0,-26200,-26200,0,0,0,0,0,0,0,0,0,0,0,0,0,0,0,0,0,0,0,0,0,0,0,0,0,0,0,0,0,0,580745772592235907,0,0,0,0,0,0,0,0,0,210,210
580858811255915967,Order,2025/10/21,2025/10/26,VND,72600,121000,121000,150000,-29000,0,0,0,-48400,-6050,-12705,0,-14000,14000,0,0,0,0,0,0,-24200,-24200,0,0,0,0,0,0,0,0,0,0,0,-3630,0,0,0,-1210,-605,0,0,0,0,580858811255915967,121000,0,0,0,0,0,0,0,0,210,210
580852341883372670,Order,2025/10/21,2025/10/26,VND,172800,288000,288000,360000,-72000,0,0,0,-115200,-14400,-30240,0,-35100,35100,0,0,0,0,0,0,-57600,-57600,0,0,0,0,0,0,0,0,0,0,0,-8640,0,0,0,-2880,-1440,0,0,0,0,580852341883372670,288000,0,0,0,0,0,0,0,0,510,510
580852202710140409,Order,2025/10/21,2025/10/26,VND,343220,484000,484000,600000,-116000,0,0,0,-140780,-22980,-50820,0,-47600,40000,7600,0,0,0,0,0,-45200,-45200,0,0,0,0,0,0,0,0,0,0,0,-14520,0,0,0,-4840,-2420,0,0,0,0,580852202710140409,459600,0,0,0,32000,0,0,0,0,810,810
580851633644143806,Order,2025/10/21,2025/10/26,VND,72600,121000,121000,150000,-29000,0,0,0,-48400,-6050,-12705,0,-40000,40000,0,0,0,0,0,0,-24200,-24200,0,0,0,0,0,0,0,0,0,0,0,-3630,0,0,0,-1210,-605,0,0,0,0,580851633644143806,121000,0,0,0,0,0,0,0,0,210,210
580849332983137476,Order,2025/10/21,2025/10/26,VND,177120,288000,288000,360000,-72000,0,0,0,-110880,-13536,-30240,0,-35100,35100,0,0,0,0,0,0,-54144,-54144,0,0,0,0,0,0,0,0,0,0,0,-8640,0,0,0,-2880,-1440,0,0,0,0,580849332983137476,270720,0,0,0,17280,0,0,0,0,510,510
580849034780182110,Order,2025/10/21,2025/10/26,VND,83185,121000,121000,150000,-29000,0,0,0,-37815,-7565,-12705,0,-30300,0,30300,0,0,0,0,0,0,0,0,-12100,0,0,0,0,0,0,0,0,0,-3630,0,0,0,-1210,-605,0,0,0,0,580849034780182110,151300,0,0,0,0,0,0,0,0,210,210
580848759319725678,Order,2025/10/21,2025/10/26,VND,169400,242000,242000,300000,-58000,0,0,0,-72600,-12100,-25410,0,-40000,40000,0,0,0,0,0,0,0,0,0,-24200,0,0,0,0,0,0,0,0,0,-7260,0,0,0,-2420,-1210,0,0,0,0,580848759319725678,242000,0,0,0,0,0,0,0,0,410,410
580846017194460428,Order,2025/10/20,2025/10/26,VND,72100,121000,121000,150000,-29000,0,0,0,-48900,-6550,-12705,0,-40000,30000,10000,0,0,0,0,0,-24200,-24200,0,0,0,0,0,0,0,0,0,0,0,-3630,0,0,0,-1210,-605,0,0,0,0,580846017194460428,131000,0,0,0,0,0,0,0,0,210,210
580845985121011189,Order,2025/10/20,2025/10/26,VND,172800,288000,288000,360000,-72000,0,0,0,-115200,-14400,-30240,0,-47600,47600,0,0,0,0,0,0,-57600,-57600,0,0,0,0,0,0,0,0,0,0,0,-8640,0,0,0,-2880,-1440,0,0,0,0,580845985121011189,288000,0,0,0,0,0,0,0,0,510,510
580845314747368945,Order,2025/10/20,2025/10/26,VND,72100,121000,121000,150000,-29000,0,0,0,-48900,-6550,-12705,0,-40000,30000,10000,0,0,0,0,0,-24200,-24200,0,0,0,0,0,0,0,0,0,0,0,-3630,0,0,0,-1210,-605,0,0,0,0,580845314747368945,131000,0,0,0,0,0,0,0,0,210,210
580844811866834755,Order,2025/10/20,2025/10/26,VND,72600,121000,121000,150000,-29000,0,0,0,-48400,-6050,-12705,0,-30300,30300,0,0,0,0,0,0,-24200,-24200,0,0,0,0,0,0,0,0,0,0,0,-3630,0,0,0,-1210,-605,0,0,0,0,580844811866834755,121000,0,0,0,0,0,0,0,0,210,210
580844637811803477,Order,2025/10/20,2025/10/26,VND,83700,121000,121000,150000,-29000,0,0,0,-37300,-7050,-12705,0,-40000,20000,20000,0,0,0,0,0,0,0,0,-12100,0,0,0,0,0,0,0,0,0,-3630,0,0,0,-1210,-605,0,0,0,0,580844637811803477,141000,0,0,0,0,0,0,0,0,210,210
580844616020559286,Order,2025/10/20,2025/10/26,VND,172420,288000,288000,360000,-72000,0,0,0,-115580,-14780,-30240,0,-47600,40000,7600,0,0,0,0,0,-57600,-57600,0,0,0,0,0,0,0,0,0,0,0,-8640,0,0,0,-2880,-1440,0,0,0,0,580844616020559286,295600,0,0,0,0,0,0,0,0,510,510
580844537326634406,Order,2025/10/20,2025/10/26,VND,203812,288000,288000,360000,-72000,0,0,0,-84188,-13916,-30240,0,-47600,40000,7600,0,0,0,0,0,0,0,0,-27072,0,0,0,0,0,0,0,0,0,-8640,0,0,0,-2880,-1440,0,0,0,0,580844537326634406,278320,0,0,0,17280,0,0,0,0,510,510
580844460792317160,Order,2025/10/20,2025/10/26,VND,84440,121000,121000,150000,-29000,0,0,0,-36560,-6310,-12705,0,-35200,30000,5200,0,0,0,0,0,-12100,-12100,0,0,0,0,0,0,0,0,0,0,0,-3630,0,0,0,-1210,-605,0,0,0,0,580844460792317160,126200,0,0,0,0,0,0,0,0,210,210
580844393255438024,Order,2025/10/20,2025/10/26,VND,72600,121000,121000,150000,-29000,0,0,0,-48400,-6050,-12705,0,-26200,26200,0,0,0,0,0,0,-24200,-24200,0,0,0,0,0,0,0,0,0,0,0,-3630,0,0,0,-1210,-605,0,0,0,0,580844393255438024,121000,0,0,0,0,0,0,0,0,210,210
580838603510875698,Order,2025/10/20,2025/10/26,VND,72100,121000,121000,150000,-29000,0,0,0,-48900,-6550,-12705,0,-40000,30000,10000,0,0,0,0,0,-24200,-24200,0,0,0,0,0,0,0,0,0,0,0,-3630,0,0,0,-1210,-605,0,0,0,0,580838603510875698,131000,0,0,0,0,0,0,0,0,210,210
580837629281273170,Order,2025/10/20,2025/10/26,VND,201220,288000,288000,360000,-72000,0,0,0,-86780,-14780,-30240,0,-47600,40000,7600,0,0,0,0,0,0,0,0,-28800,0,0,0,0,0,0,0,0,0,-8640,0,0,0,-2880,-1440,0,0,0,0,580837629281273170,295600,0,0,0,0,0,0,0,0,510,510
580837072340026527,Order,2025/10/20,2025/10/26,VND,147700,242000,242000,300000,-58000,0,0,0,-94300,-11600,-25410,0,-30300,30300,0,0,0,0,0,0,-46400,-46400,0,0,0,0,0,0,0,0,0,0,0,-7260,0,0,0,-2420,-1210,0,0,0,0,580837072340026527,232000,0,0,0,10000,0,0,0,0,410,410
580837018394919987,Order,2025/10/20,2025/10/26,VND,72100,121000,121000,150000,-29000,0,0,0,-48900,-6550,-12705,0,-40000,30000,10000,0,0,0,0,0,-24200,-24200,0,0,0,0,0,0,0,0,0,0,0,-3630,0,0,0,-1210,-605,0,0,0,0,580837018394919987,131000,0,0,0,0,0,0,0,0,210,210
580835208246495158,Order,2025/10/19,2025/10/26,VND,345600,576000,576000,720000,-144000,0,0,0,-230400,-28800,-60480,0,-55400,55400,0,0,0,0,0,0,-115200,-115200,0,0,0,0,0,0,0,0,0,0,0,-17280,0,0,0,-5760,-2880,0,0,0,0,580835208246495158,576000,0,0,0,0,0,0,0,0,1030,1030
580835164859171937,Order,2025/10/19,2025/10/26,VND,84200,121000,121000,150000,-29000,0,0,0,-36800,-6550,-12705,0,-40000,30000,10000,0,0,0,0,0,0,0,0,-12100,0,0,0,0,0,0,0,0,0,-3630,0,0,0,-1210,-605,0,0,0,0,580835164859171937,131000,0,0,0,0,0,0,0,0,210,210
580834947770451540,Order,2025/10/19,2025/10/26,VND,72100,121000,121000,150000,-29000,0,0,0,-48900,-6550,-12705,0,-40000,30000,10000,0,0,0,0,0,-24200,-24200,0,0,0,0,0,0,0,0,0,0,0,-3630,0,0,0,-1210,-605,0,0,0,0,580834947770451540,131000,0,0,0,0,0,0,0,0,210,210
580834441946039829,Order,2025/10/19,2025/10/26,VND,804320,1152000,1152000,1440000,-288000,0,0,0,-347680,-59680,-120960,0,-41600,0,41600,0,0,0,0,0,0,0,0,-115200,0,0,0,0,0,0,0,0,0,-34560,0,0,0,-11520,-5760,0,0,0,0,580834441946039829,1193600,0,0,0,0,0,0,0,0,2030,2030
580834366943495891,Order,2025/10/19,2025/10/26,VND,75100,121000,121000,150000,-29000,0,0,0,-45900,-5550,-12705,0,-35200,35200,0,0,0,0,0,0,-22200,-22200,0,0,0,0,0,0,0,0,0,0,0,-3630,0,0,0,-1210,-605,0,0,0,0,580834366943495891,111000,0,0,0,10000,0,0,0,0,210,210
580834180005660271,Order,2025/10/19,2025/10/26,VND,145200,242000,242000,300000,-58000,0,0,0,-96800,-12100,-25410,0,-40000,40000,0,0,0,0,0,0,-48400,-48400,0,0,0,0,0,0,0,0,0,0,0,-7260,0,0,0,-2420,-1210,0,0,0,0,580834180005660271,242000,0,0,0,0,0,0,0,0,410,410
580833944244356889,Order,2025/10/19,2025/10/26,VND,72100,121000,121000,150000,-29000,0,0,0,-48900,-6550,-12705,0,-40000,30000,10000,0,0,0,0,0,-24200,-24200,0,0,0,0,0,0,0,0,0,0,0,-3630,0,0,0,-1210,-605,0,0,0,0,580833944244356889,131000,0,0,0,0,0,0,0,0,210,210
580833884520154728,Order,2025/10/19,2025/10/26,VND,83950,121000,121000,150000,-29000,0,0,0,-37050,-6800,-12705,0,-40000,25000,15000,0,0,0,0,0,0,0,0,-12100,0,0,0,0,0,0,0,0,0,-3630,0,0,0,-1210,-605,0,0,0,0,580833884520154728,136000,0,0,0,0,0,0,0,0,210,210
580833498735544204,Order,2025/10/19,2025/10/26,VND,180720,288000,288000,360000,-72000,0,0,0,-107280,-12816,-30240,0,-47600,47600,0,0,0,0,0,0,-51264,-51264,0,0,0,0,0,0,0,0,0,0,0,-8640,0,0,0,-2880,-1440,0,0,0,0,580833498735544204,256320,0,0,0,31680,0,0,0,0,510,510
580833183088280852,Order,2025/10/19,2025/10/26,VND,83940,121000,121000,150000,-29000,0,0,0,-37060,-6810,-12705,0,-35200,20000,15200,0,0,0,0,0,0,0,0,-12100,0,0,0,0,0,0,0,0,0,-3630,0,0,0,-1210,-605,0,0,0,0,580833183088280852,136200,0,0,0,0,0,0,0,0,210,210
580833114157909474,Order,2025/10/19,2025/10/26,VND,47250,80000,80000,127000,-47000,0,0,0,-32750,-4750,-8400,0,-40000,25000,15000,0,0,0,0,0,-16000,-16000,0,0,0,0,0,0,0,0,0,0,0,-2400,0,0,0,-800,-400,0,0,0,0,580833114157909474,95000,0,0,0,0,0,0,0,0,300,300
580833009953769463,Order,2025/10/19,2025/10/26,VND,71600,121000,121000,150000,-29000,0,0,0,-49400,-7050,-12705,0,-40000,20000,20000,0,0,0,0,0,-24200,-24200,0,0,0,0,0,0,0,0,0,0,0,-3630,0,0,0,-1210,-605,0,0,0,0,580833009953769463,141000,0,0,0,0,0,0,0,0,210,210
580832964030006758,Order,2025/10/19,2025/10/26,VND,145200,242000,242000,300000,-58000,0,0,0,-96800,-12100,-25410,0,-30300,30300,0,0,0,0,0,0,-48400,-48400,0,0,0,0,0,0,0,0,0,0,0,-7260,0,0,0,-2420,-1210,0,0,0,0,580832964030006758,242000,0,0,0,0,0,0,0,0,410,410
580832706050819990,Order,2025/10/19,2025/10/26,VND,72600,121000,121000,150000,-29000,0,0,0,-48400,-6050,-12705,0,-40000,40000,0,0,0,0,0,0,-24200,-24200,0,0,0,0,0,0,0,0,0,0,0,-3630,0,0,0,-1210,-605,0,0,0,0,580832706050819990,121000,0,0,0,0,0,0,0,0,210,210
580832553435039333,Order,2025/10/19,2025/10/26,VND,72340,121000,121000,150000,-29000,0,0,0,-48660,-6310,-12705,0,-35200,30000,5200,0,0,0,0,0,-24200,-24200,0,0,0,0,0,0,0,0,0,0,0,-3630,0,0,0,-1210,-605,0,0,0,0,580832553435039333,126200,0,0,0,0,0,0,0,0,210,210
580832342953854313,Order,2025/10/19,2025/10/26,VND,71600,121000,121000,150000,-29000,0,0,0,-49400,-7050,-12705,0,-40000,20000,20000,0,0,0,0,0,-24200,-24200,0,0,0,0,0,0,0,0,0,0,0,-3630,0,0,0,-1210,-605,0,0,0,0,580832342953854313,141000,0,0,0,0,0,0,0,0,210,210
580832315967309323,Order,2025/10/19,2025/10/26,VND,71600,121000,121000,150000,-29000,0,0,0,-49400,-7050,-12705,0,-40000,20000,20000,0,0,0,0,0,-24200,-24200,0,0,0,0,0,0,0,0,0,0,0,-3630,0,0,0,-1210,-605,0,0,0,0,580832315967309323,141000,0,0,0,0,0,0,0,0,210,210
580832308738426679,Order,2025/10/19,2025/10/26,VND,172800,288000,288000,360000,-72000,0,0,0,-115200,-14400,-30240,0,-47600,47600,0,0,0,0,0,0,-57600,-57600,0,0,0,0,0,0,0,0,0,0,0,-8640,0,0,0,-2880,-1440,0,0,0,0,580832308738426679,288000,0,0,0,0,0,0,0,0,510,510
580832241848059274,Order,2025/10/19,2025/10/26,VND,691200,1152000,1152000,1440000,-288000,0,0,0,-460800,-57600,-120960,0,-68500,68500,0,0,0,0,0,0,-230400,-230400,0,0,0,0,0,0,0,0,0,0,0,-34560,0,0,0,-11520,-5760,0,0,0,0,580832241848059274,1152000,0,0,0,0,0,0,0,0,2030,2030
580832247490577667,Order,2025/10/19,2025/10/26,VND,201600,288000,288000,360000,-72000,0,0,0,-86400,-14400,-30240,0,-47600,47600,0,0,0,0,0,0,0,0,0,-28800,0,0,0,0,0,0,0,0,0,-8640,0,0,0,-2880,-1440,0,0,0,0,580832247490577667,288000,0,0,0,0,0,0,0,0,510,510
580832104879129623,Order,2025/10/19,2025/10/26,VND,72600,121000,121000,150000,-29000,0,0,0,-48400,-6050,-12705,0,-26200,26200,0,0,0,0,0,0,-24200,-24200,0,0,0,0,0,0,0,0,0,0,0,-3630,0,0,0,-1210,-605,0,0,0,0,580832104879129623,121000,0,0,0,0,0,0,0,0,210,210
580831923929646957,Order,2025/10/19,2025/10/26,VND,71600,121000,121000,150000,-29000,0,0,0,-49400,-7050,-12705,0,-40000,20000,20000,0,0,0,0,0,-24200,-24200,0,0,0,0,0,0,0,0,0,0,0,-3630,0,0,0,-1210,-605,0,0,0,0,580831923929646957,141000,0,0,0,0,0,0,0,0,210,210
580831252090029610,Order,2025/10/19,2025/10/26,VND,72100,121000,121000,150000,-29000,0,0,0,-48900,-6550,-12705,0,-40000,30000,10000,0,0,0,0,0,-24200,-24200,0,0,0,0,0,0,0,0,0,0,0,-3630,0,0,0,-1210,-605,0,0,0,0,580831252090029610,131000,0,0,0,0,0,0,0,0,210,210
580831163835451229,Order,2025/10/19,2025/10/26,VND,172800,288000,288000,360000,-72000,0,0,0,-115200,-14400,-30240,0,-35100,35100,0,0,0,0,0,0,-57600,-57600,0,0,0,0,0,0,0,0,0,0,0,-8640,0,0,0,-2880,-1440,0,0,0,0,580831163835451229,288000,0,0,0,0,0,0,0,0,510,510
580830449038165960,Order,2025/10/19,2025/10/26,VND,201220,288000,288000,360000,-72000,0,0,0,-86780,-14780,-30240,0,-47600,40000,7600,0,0,0,0,0,0,0,0,-28800,0,0,0,0,0,0,0,0,0,-8640,0,0,0,-2880,-1440,0,0,0,0,580830449038165960,295600,0,0,0,0,0,0,0,0,510,510
580830364835284987,Order,2025/10/19,2025/10/26,VND,72600,121000,121000,150000,-29000,0,0,0,-48400,-6050,-12705,0,-40000,40000,0,0,0,0,0,0,-24200,-24200,0,0,0,0,0,0,0,0,0,0,0,-3630,0,0,0,-1210,-605,0,0,0,0,580830364835284987,121000,0,0,0,0,0,0,0,0,210,210
580830343791019067,Order,2025/10/19,2025/10/26,VND,201220,288000,288000,360000,-72000,0,0,0,-86780,-14780,-30240,0,-47600,40000,7600,0,0,0,0,0,0,0,0,-28800,0,0,0,0,0,0,0,0,0,-8640,0,0,0,-2880,-1440,0,0,0,0,580830343791019067,295600,0,0,0,0,0,0,0,0,510,510
580829562478036005,Order,2025/10/19,2025/10/26,VND,74600,121000,121000,150000,-29000,0,0,0,-46400,-6050,-12705,0,-40000,30000,10000,0,0,0,0,0,-22200,-22200,0,0,0,0,0,0,0,0,0,0,0,-3630,0,0,0,-1210,-605,0,0,0,0,580829562478036005,121000,0,0,0,10000,0,0,0,0,210,210
580829413915919552,Order,2025/10/19,2025/10/26,VND,172800,288000,288000,360000,-72000,0,0,0,-115200,-14400,-30240,0,-47600,47600,0,0,0,0,0,0,-57600,-57600,0,0,0,0,0,0,0,0,0,0,0,-8640,0,0,0,-2880,-1440,0,0,0,0,580829413915919552,288000,0,0,0,0,0,0,0,0,510,510
580826981774361726,Order,2025/10/19,2025/10/26,VND,72100,121000,121000,150000,-29000,0,0,0,-48900,-6550,-12705,0,-40000,30000,10000,0,0,0,0,0,-24200,-24200,0,0,0,0,0,0,0,0,0,0,0,-3630,0,0,0,-1210,-605,0,0,0,0,580826981774361726,131000,0,0,0,0,0,0,0,0,210,210
580826095099938523,Order,2025/10/19,2025/10/26,VND,83700,121000,121000,150000,-29000,0,0,0,-37300,-7050,-12705,0,-40000,20000,20000,0,0,0,0,0,0,0,0,-12100,0,0,0,0,0,0,0,0,0,-3630,0,0,0,-1210,-605,0,0,0,0,580826095099938523,141000,0,0,0,0,0,0,0,0,210,210
580826025060762687,Order,2025/10/19,2025/10/26,VND,201220,288000,288000,360000,-72000,0,0,0,-86780,-14780,-30240,0,-47600,40000,7600,0,0,0,0,0,0,0,0,-28800,0,0,0,0,0,0,0,0,0,-8640,0,0,0,-2880,-1440,0,0,0,0,580826025060762687,295600,0,0,0,0,0,0,0,0,510,510
580825948329641304,Order,2025/10/19,2025/10/26,VND,84390,121000,121000,150000,-29000,0,0,0,-36610,-6360,-12705,0,-26200,20000,6200,0,0,0,0,0,0,0,0,-12100,0,0,0,0,0,0,0,0,0,-3630,0,0,0,-1210,-605,0,0,0,0,580825948329641304,127200,0,0,0,0,0,0,0,0,210,210
580825856433423599,Order,2025/10/19,2025/10/26,VND,72100,121000,121000,150000,-29000,0,0,0,-48900,-6550,-12705,0,-40000,30000,10000,0,0,0,0,0,-24200,-24200,0,0,0,0,0,0,0,0,0,0,0,-3630,0,0,0,-1210,-605,0,0,0,0,580825856433423599,131000,0,0,0,0,0,0,0,0,210,210
580825626764871374,Order,2025/10/19,2025/10/26,VND,83700,121000,121000,150000,-29000,0,0,0,-37300,-7050,-12705,0,-40000,20000,20000,0,0,0,0,0,0,0,0,-12100,0,0,0,0,0,0,0,0,0,-3630,0,0,0,-1210,-605,0,0,0,0,580825626764871374,141000,0,0,0,0,0,0,0,0,210,210
580825633339836113,Order,2025/10/19,2025/10/26,VND,83940,121000,121000,150000,-29000,0,0,0,-37060,-6810,-12705,0,-35200,20000,15200,0,0,0,0,0,0,0,0,-12100,0,0,0,0,0,0,0,0,0,-3630,0,0,0,-1210,-605,0,0,0,0,580825633339836113,136200,0,0,0,0,0,0,0,0,210,210
580824897194395277,Order,2025/10/19,2025/10/26,VND,84700,121000,121000,150000,-29000,0,0,0,-36300,-6050,-12705,0,-40000,40000,0,0,0,0,0,0,0,0,0,-12100,0,0,0,0,0,0,0,0,0,-3630,0,0,0,-1210,-605,0,0,0,0,580824897194395277,121000,0,0,0,0,0,0,0,0,210,210
580824827706901786,Order,2025/10/19,2025/10/26,VND,84700,121000,121000,150000,-29000,0,0,0,-36300,-6050,-12705,0,-30300,30300,0,0,0,0,0,0,0,0,0,-12100,0,0,0,0,0,0,0,0,0,-3630,0,0,0,-1210,-605,0,0,0,0,580824827706901786,121000,0,0,0,0,0,0,0,0,210,210
580824703481120675,Order,2025/10/19,2025/10/26,VND,172800,288000,288000,360000,-72000,0,0,0,-115200,-14400,-30240,0,-35100,35100,0,0,0,0,0,0,-57600,-57600,0,0,0,0,0,0,0,0,0,0,0,-8640,0,0,0,-2880,-1440,0,0,0,0,580824703481120675,288000,0,0,0,0,0,0,0,0,510,510
580823988348421270,Order,2025/10/19,2025/10/26,VND,201600,288000,288000,360000,-72000,0,0,0,-86400,-14400,-30240,0,-47600,47600,0,0,0,0,0,0,0,0,0,-28800,0,0,0,0,0,0,0,0,0,-8640,0,0,0,-2880,-1440,0,0,0,0,580823988348421270,288000,0,0,0,0,0,0,0,0,510,510
580822471059276933,Order,2025/10/18,2025/10/26,VND,72100,121000,121000,150000,-29000,0,0,0,-48900,-6550,-12705,0,-40000,30000,10000,0,0,0,0,0,-24200,-24200,0,0,0,0,0,0,0,0,0,0,0,-3630,0,0,0,-1210,-605,0,0,0,0,580822471059276933,131000,0,0,0,0,0,0,0,0,210,210
580820973326993159,Order,2025/10/18,2025/10/26,VND,72600,121000,121000,150000,-29000,0,0,0,-48400,-6050,-12705,0,-30300,30300,0,0,0,0,0,0,-24200,-24200,0,0,0,0,0,0,0,0,0,0,0,-3630,0,0,0,-1210,-605,0,0,0,0,580820973326993159,121000,0,0,0,0,0,0,0,0,210,210
580820629661189309,Order,2025/10/18,2025/10/26,VND,72340,121000,121000,150000,-29000,0,0,0,-48660,-6310,-12705,0,-35200,30000,5200,0,0,0,0,0,-24200,-24200,0,0,0,0,0,0,0,0,0,0,0,-3630,0,0,0,-1210,-605,0,0,0,0,580820629661189309,126200,0,0,0,0,0,0,0,0,200,200
580820323795436666,Order,2025/10/18,2025/10/26,VND,84700,121000,121000,150000,-29000,0,0,0,-36300,-6050,-12705,0,-30300,30300,0,0,0,0,0,0,0,0,0,-12100,0,0,0,0,0,0,0,0,0,-3630,0,0,0,-1210,-605,0,0,0,0,580820323795436666,121000,0,0,0,0,0,0,0,0,210,210
580820137801712695,Order,2025/10/18,2025/10/26,VND,71600,121000,121000,150000,-29000,0,0,0,-49400,-7050,-12705,0,-40000,20000,20000,0,0,0,0,0,-24200,-24200,0,0,0,0,0,0,0,0,0,0,0,-3630,0,0,0,-1210,-605,0,0,0,0,580820137801712695,141000,0,0,0,0,0,0,0,0,210,210
580820042892674206,Order,2025/10/18,2025/10/26,VND,179280,288000,288000,360000,-72000,0,0,0,-108720,-13104,-30240,0,-41400,41400,0,0,0,0,0,0,-52416,-52416,0,0,0,0,0,0,0,0,0,0,0,-8640,0,0,0,-2880,-1440,0,0,0,0,580820042892674206,262080,0,0,0,25920,0,0,0,0,510,510
580819935776834728,Order,2025/10/18,2025/10/26,VND,72600,121000,121000,150000,-29000,0,0,0,-48400,-6050,-12705,0,-40000,40000,0,0,0,0,0,0,-24200,-24200,0,0,0,0,0,0,0,0,0,0,0,-3630,0,0,0,-1210,-605,0,0,0,0,580819935776834728,121000,0,0,0,0,0,0,0,0,210,210
580819819604051513,Order,2025/10/18,2025/10/26,VND,72600,121000,121000,150000,-29000,0,0,0,-48400,-6050,-12705,0,-40000,40000,0,0,0,0,0,0,-24200,-24200,0,0,0,0,0,0,0,0,0,0,0,-3630,0,0,0,-1210,-605,0,0,0,0,580819819604051513,121000,0,0,0,0,0,0,0,0,210,210
580807253321484183,Order,2025/10/17,2025/10/26,VND,-30300,0,0,0,0,0,0,0,-30300,0,0,-30300,-30300,0,0,0,0,0,0,0,0,0,0,0,0,0,0,0,0,0,0,0,0,0,0,0,0,0,0,0,0,0,0,580807253321484183,0,0,0,0,0,0,0,0,0,210,210
580796110476183292,Order,2025/10/16,2025/10/26,VND,184000,290000,290000,360000,-70000,0,0,0,-106000,-12500,-30450,0,-35100,35100,0,0,0,0,0,0,-50000,-50000,0,0,0,0,0,0,0,0,0,0,0,-8700,0,0,0,-2900,-1450,0,0,0,0,580796110476183292,250000,0,0,0,40000,0,0,0,0,510,510
580783755831510148,Order,2025/10/15,2025/10/26,VND,-40000,0,0,0,0,0,0,0,-40000,0,0,-40000,-40000,0,0,0,0,0,0,0,0,0,0,0,0,0,0,0,0,0,0,0,0,0,0,0,0,0,0,0,0,0,0,580783755831510148,0,0,0,0,0,0,0,0,0,210,210
580738627437823634,Order,2025/10/12,2025/10/26,VND,-30300,0,0,0,0,0,0,0,-30300,0,0,-30300,-30300,0,0,0,0,0,0,0,0,0,0,0,0,0,0,0,0,0,0,0,0,0,0,0,0,0,0,0,0,0,0,580738627437823634,0,0,0,0,0,0,0,0,0,210,210
580844708816848245,Order,2025/10/20,2025/10/25,VND,72485,121000,121000,150000,-29000,0,0,0,-48515,-6165,-12705,0,-30300,28000,2300,0,0,0,0,0,-24200,-24200,0,0,0,0,0,0,0,0,0,0,0,-3630,0,0,0,-1210,-605,0,0,0,0,580844708816848245,123300,0,0,0,0,0,0,0,0,210,210
580837444229695433,Order,2025/10/20,2025/10/25,VND,96800,121000,121000,150000,-29000,0,0,0,-24200,-6050,-12705,0,-40000,40000,0,0,0,0,0,0,0,0,0,0,0,0,0,0,0,0,0,0,0,-3630,0,0,0,-1210,-605,0,0,0,0,580837444229695433,121000,0,0,0,0,0,0,0,0,210,210
580836772801054288,Order,2025/10/20,2025/10/25,VND,-40000,0,0,0,0,0,0,0,-40000,0,0,-40000,-40000,0,0,0,0,0,0,0,0,0,0,0,0,0,0,0,0,0,0,0,0,0,0,0,0,0,0,0,0,0,0,580836772801054288,0,0,0,0,0,0,0,0,0,500,500
580834771797378575,Order,2025/10/19,2025/10/25,VND,201600,288000,288000,360000,-72000,0,0,0,-86400,-14400,-30240,0,-41400,41400,0,0,0,0,0,0,0,0,0,-28800,0,0,0,0,0,0,0,0,0,-8640,0,0,0,-2880,-1440,0,0,0,0,580834771797378575,288000,0,0,0,0,0,0,0,0,510,510
580834750812947634,Order,2025/10/19,2025/10/25,VND,84700,121000,121000,150000,-29000,0,0,0,-36300,-6050,-12705,0,-40000,40000,0,0,0,0,0,0,0,0,0,-12100,0,0,0,0,0,0,0,0,0,-3630,0,0,0,-1210,-605,0,0,0,0,580834750812947634,121000,0,0,0,0,0,0,0,0,210,210
580833780744029950,Order,2025/10/19,2025/10/25,VND,74585,121000,121000,150000,-29000,0,0,0,-46415,-6065,-12705,0,-30300,20000,10300,0,0,0,0,0,-22200,-22200,0,0,0,0,0,0,0,0,0,0,0,-3630,0,0,0,-1210,-605,0,0,0,0,580833780744029950,121300,0,0,0,10000,0,0,0,0,210,210
580831944891008195,Order,2025/10/19,2025/10/25,VND,72600,121000,121000,150000,-29000,0,0,0,-48400,-6050,-12705,0,-30300,30300,0,0,0,0,0,0,-24200,-24200,0,0,0,0,0,0,0,0,0,0,0,-3630,0,0,0,-1210,-605,0,0,0,0,580831944891008195,121000,0,0,0,0,0,0,0,0,210,210
580831802518832515,Order,2025/10/19,2025/10/25,VND,145200,242000,242000,300000,-58000,0,0,0,-96800,-12100,-25410,0,-40000,40000,0,0,0,0,0,0,-48400,-48400,0,0,0,0,0,0,0,0,0,0,0,-7260,0,0,0,-2420,-1210,0,0,0,0,580831802518832515,242000,0,0,0,0,0,0,0,0,410,410
580830832934225671,Order,2025/10/19,2025/10/25,VND,84700,121000,121000,150000,-29000,0,0,0,-36300,-6050,-12705,0,-35200,35200,0,0,0,0,0,0,0,0,0,-12100,0,0,0,0,0,0,0,0,0,-3630,0,0,0,-1210,-605,0,0,0,0,580830832934225671,121000,0,0,0,0,0,0,0,0,210,210
580830596703618065,Order,2025/10/19,2025/10/25,VND,172800,288000,288000,360000,-72000,0,0,0,-115200,-14400,-30240,0,-29700,29700,0,0,0,0,0,0,-57600,-57600,0,0,0,0,0,0,0,0,0,0,0,-8640,0,0,0,-2880,-1440,0,0,0,0,580830596703618065,288000,0,0,0,0,0,0,0,0,510,510
580830581369964104,Order,2025/10/19,2025/10/25,VND,72600,121000,121000,150000,-29000,0,0,0,-48400,-6050,-12705,0,-35200,35200,0,0,0,0,0,0,-24200,-24200,0,0,0,0,0,0,0,0,0,0,0,-3630,0,0,0,-1210,-605,0,0,0,0,580830581369964104,121000,0,0,0,0,0,0,0,0,210,210
580826135684482901,Order,2025/10/19,2025/10/25,VND,201600,288000,288000,360000,-72000,0,0,0,-86400,-14400,-30240,0,-41400,41400,0,0,0,0,0,0,0,0,0,-28800,0,0,0,0,0,0,0,0,0,-8640,0,0,0,-2880,-1440,0,0,0,0,580826135684482901,288000,0,0,0,0,0,0,0,0,510,510
580825960820082631,Order,2025/10/19,2025/10/25,VND,84700,121000,121000,150000,-29000,0,0,0,-36300,-6050,-12705,0,-19700,19700,0,0,0,0,0,0,0,0,0,-12100,0,0,0,0,0,0,0,0,0,-3630,0,0,0,-1210,-605,0,0,0,0,580825960820082631,121000,0,0,0,0,0,0,0,0,210,210
580825719099066170,Order,2025/10/19,2025/10/25,VND,83300,121000,121000,150000,-29000,0,0,0,-37700,-7450,-12705,0,-40000,12000,28000,0,0,0,0,0,0,0,0,-12100,0,0,0,0,0,0,0,0,0,-3630,0,0,0,-1210,-605,0,0,0,0,580825719099066170,149000,0,0,0,0,0,0,0,0,210,210
580825715368887399,Order,2025/10/19,2025/10/25,VND,169400,242000,242000,300000,-58000,0,0,0,-72600,-12100,-25410,0,-40000,40000,0,0,0,0,0,0,0,0,0,-24200,0,0,0,0,0,0,0,0,0,-7260,0,0,0,-2420,-1210,0,0,0,0,580825715368887399,242000,0,0,0,0,0,0,0,0,410,410
580824024752948369,Order,2025/10/19,2025/10/25,VND,72100,121000,121000,150000,-29000,0,0,0,-48900,-6550,-12705,0,-40000,30000,10000,0,0,0,0,0,-24200,-24200,0,0,0,0,0,0,0,0,0,0,0,-3630,0,0,0,-1210,-605,0,0,0,0,580824024752948369,131000,0,0,0,0,0,0,0,0,210,210
580821086501373406,Order,2025/10/18,2025/10/25,VND,193600,242000,242000,300000,-58000,0,0,0,-48400,-12100,-25410,0,-40000,40000,0,0,0,0,0,0,0,0,0,0,0,0,0,0,0,0,0,0,0,-7260,0,0,0,-2420,-1210,0,0,0,0,580821086501373406,242000,0,0,0,0,0,0,0,0,410,410
580820665731417385,Order,2025/10/18,2025/10/25,VND,71600,121000,121000,150000,-29000,0,0,0,-49400,-7050,-12705,0,-40000,20000,20000,0,0,0,0,0,-24200,-24200,0,0,0,0,0,0,0,0,0,0,0,-3630,0,0,0,-1210,-605,0,0,0,0,580820665731417385,141000,0,0,0,0,0,0,0,0,210,210
580820009596519846,Order,2025/10/18,2025/10/25,VND,172730,288000,288000,360000,-72000,0,0,0,-115270,-14470,-30240,0,-41400,40000,1400,0,0,0,0,0,-57600,-57600,0,0,0,0,0,0,0,0,0,0,0,-8640,0,0,0,-2880,-1440,0,0,0,0,580820009596519846,289400,0,0,0,0,0,0,0,0,510,510
580819681574946254,Order,2025/10/18,2025/10/25,VND,201600,288000,288000,360000,-72000,0,0,0,-86400,-14400,-30240,0,-47600,47600,0,0,0,0,0,0,0,0,0,-28800,0,0,0,0,0,0,0,0,0,-8640,0,0,0,-2880,-1440,0,0,0,0,580819681574946254,288000,0,0,0,0,0,0,0,0,510,510
580819364467082444,Order,2025/10/18,2025/10/25,VND,86185,121000,121000,150000,-29000,0,0,0,-34815,-5565,-12705,0,-30300,30000,300,0,0,0,0,0,0,0,0,-11100,0,0,0,0,0,0,0,0,0,-3630,0,0,0,-1210,-605,0,0,0,0,580819364467082444,111300,0,0,0,10000,0,0,0,0,210,210
580817159836501183,Order,2025/10/18,2025/10/25,VND,90000,150000,150000,150000,0,0,0,0,-60000,-7500,-15750,0,-30300,30300,0,0,0,0,0,0,-30000,-30000,0,0,0,0,0,0,0,0,0,0,0,-4500,0,0,0,-1500,-750,0,0,0,0,580817159836501183,150000,0,0,0,0,0,0,0,0,210,210
580816424927134877,Order,2025/10/18,2025/10/25,VND,94500,150000,150000,150000,0,0,0,0,-55500,-6600,-15750,0,-40000,40000,0,0,0,0,0,0,-26400,-26400,0,0,0,0,0,0,0,0,0,0,0,-4500,0,0,0,-1500,-750,0,0,0,0,580816424927134877,132000,0,0,0,18000,0,0,0,0,210,210
580810021523719859,Order,2025/10/17,2025/10/25,VND,92000,150000,150000,150000,0,0,0,0,-58000,-7100,-15750,0,-40000,40000,0,0,0,0,0,0,-28400,-28400,0,0,0,0,0,0,0,0,0,0,0,-4500,0,0,0,-1500,-750,0,0,0,0,580810021523719859,142000,0,0,0,8000,0,0,0,0,210,210
580808859505756114,Order,2025/10/17,2025/10/25,VND,369750,580000,580000,720000,-140000,0,0,0,-210250,-24650,-60900,0,-39400,39400,0,0,0,0,0,0,-98600,-98600,0,0,0,0,0,0,0,0,0,0,0,-17400,0,0,0,-5800,-2900,0,0,0,0,580808859505756114,493000,0,0,0,87000,0,0,0,0,1030,1030
580808199583401690,Order,2025/10/17,2025/10/25,VND,58500,85000,85000,110000,-25000,0,0,0,-26500,-5250,-8925,0,-40000,20000,20000,0,0,0,0,0,0,0,0,-8500,0,0,0,0,0,0,0,0,0,-2550,0,0,0,-850,-425,0,0,0,0,580808199583401690,105000,0,0,0,0,0,0,0,0,110,110
580808188399158385,Order,2025/10/17,2025/10/25,VND,106250,170000,170000,220000,-50000,0,0,0,-63750,-7650,-17850,0,-30300,30300,0,0,0,0,0,0,-30600,-30600,0,0,0,0,0,0,0,0,0,0,0,-5100,0,0,0,-1700,-850,0,0,0,0,580808188399158385,153000,0,0,0,17000,0,0,0,0,210,210
580807739137099732,Order,2025/10/17,2025/10/25,VND,179075,290000,290000,360000,-70000,0,0,0,-110925,-13485,-30450,0,-41400,41400,0,0,0,0,0,0,-53940,-53940,0,0,0,0,0,0,0,0,0,0,0,-8700,0,0,0,-2900,-1450,0,0,0,0,580807739137099732,269700,0,0,0,20300,0,0,0,0,510,510
580779239592920213,Order,2025/10/15,2025/10/25,VND,68800,110000,110000,110000,0,0,0,0,-41200,-5340,-11550,0,-40000,30000,10000,0,0,0,0,0,-19360,-19360,0,0,0,0,0,0,0,0,0,0,0,-3300,0,0,0,-1100,-550,0,0,0,0,580779239592920213,106800,0,0,0,13200,0,0,0,0,110,110
580772604298954314,Order,2025/10/14,2025/10/25,VND,-40000,0,0,0,0,0,0,0,-40000,0,0,-40000,-40000,0,0,0,0,0,0,0,0,0,0,0,0,0,0,0,0,0,0,0,0,0,0,0,0,0,0,0,0,0,0,580772604298954314,0,0,0,0,0,0,0,0,0,110,110
580730140560164015,Order,2025/10/11,2025/10/25,VND,174000,290000,290000,360000,-70000,0,0,0,-116000,-14500,-30450,0,-47600,47600,0,0,0,0,0,0,-58000,-58000,0,0,0,0,0,0,0,0,0,0,0,-8700,0,0,0,-2900,-1450,0,0,0,0,580730140560164015,290000,0,0,0,0,0,0,0,0,510,510
580702590591534875,Order,2025/10/09,2025/10/25,VND,-35200,0,0,0,0,0,0,0,-35200,0,0,-35200,-35200,0,0,0,0,0,0,0,0,0,0,0,0,0,0,0,0,0,0,0,0,0,0,0,0,0,0,0,0,0,0,580702590591534875,0,0,0,0,0,0,0,0,0,110,110
580678159419999778,Order,2025/10/07,2025/10/25,VND,-40000,0,0,0,0,0,0,0,-40000,0,0,-40000,-40000,0,0,0,0,0,0,0,0,0,0,0,0,0,0,0,0,0,0,0,0,0,0,0,0,0,0,0,0,0,0,580678159419999778,0,0,0,0,0,0,0,0,0,210,210
580827259860649177,Order,2025/10/19,2025/10/24,VND,76230,121000,121000,150000,-29000,0,0,0,-44770,-5324,-12705,0,-26200,26200,0,0,0,0,0,0,-21296,-21296,0,0,0,0,0,0,0,0,0,0,0,-3630,0,0,0,-1210,-605,0,0,0,0,580827259860649177,106480,0,0,0,14520,0,0,0,0,210,210
580823947665638484,Order,2025/10/19,2025/10/24,VND,172800,288000,288000,360000,-72000,0,0,0,-115200,-14400,-30240,0,-35100,35100,0,0,0,0,0,0,-57600,-57600,0,0,0,0,0,0,0,0,0,0,0,-8640,0,0,0,-2880,-1440,0,0,0,0,580823947665638484,288000,0,0,0,0,0,0,0,0,510,510
580821558203287433,Order,2025/10/18,2025/10/24,VND,225968,363000,363000,450000,-87000,0,0,0,-137032,-16516,-38115,0,-20900,20900,0,0,0,0,0,0,-66066,-66066,0,0,0,0,0,0,0,0,0,0,0,-10890,0,0,0,-3630,-1815,0,0,0,0,580821558203287433,330330,0,0,0,32670,0,0,0,0,610,610
580819915686052958,Order,2025/10/18,2025/10/24,VND,201600,288000,288000,360000,-72000,0,0,0,-86400,-14400,-30240,0,-35100,35100,0,0,0,0,0,0,0,0,0,-28800,0,0,0,0,0,0,0,0,0,-8640,0,0,0,-2880,-1440,0,0,0,0,580819915686052958,288000,0,0,0,0,0,0,0,0,510,510
580814809600853687,Order,2025/10/18,2025/10/24,VND,92000,150000,150000,150000,0,0,0,0,-58000,-7500,-15750,0,-40000,30000,10000,0,0,0,0,0,-28000,-28000,0,0,0,0,0,0,0,0,0,0,0,-4500,0,0,0,-1500,-750,0,0,0,0,580814809600853687,150000,0,0,0,10000,0,0,0,0,210,210
580814468466378303,Order,2025/10/18,2025/10/24,VND,94500,150000,150000,150000,0,0,0,0,-55500,-6600,-15750,0,-30300,30300,0,0,0,0,0,0,-26400,-26400,0,0,0,0,0,0,0,0,0,0,0,-4500,0,0,0,-1500,-750,0,0,0,0,580814468466378303,132000,0,0,0,18000,0,0,0,0,210,210
580812576472729234,Order,2025/10/18,2025/10/24,VND,90000,150000,150000,150000,0,0,0,0,-60000,-7500,-15750,0,-40000,40000,0,0,0,0,0,0,-30000,-30000,0,0,0,0,0,0,0,0,0,0,0,-4500,0,0,0,-1500,-750,0,0,0,0,580812576472729234,150000,0,0,0,0,0,0,0,0,210,210
580811481892881925,Order,2025/10/18,2025/10/24,VND,90000,150000,150000,150000,0,0,0,0,-60000,-7500,-15750,0,-40000,40000,0,0,0,0,0,0,-30000,-30000,0,0,0,0,0,0,0,0,0,0,0,-4500,0,0,0,-1500,-750,0,0,0,0,580811481892881925,150000,0,0,0,0,0,0,0,0,210,210
580811179578656254,Order,2025/10/18,2025/10/24,VND,630000,900000,900000,900000,0,0,0,0,-270000,-45000,-94500,0,-34000,34000,0,0,0,0,0,0,0,0,0,-90000,0,0,0,0,0,0,0,0,0,-27000,0,0,0,-9000,-4500,0,0,0,0,580811179578656254,900000,0,0,0,0,0,0,0,0,1230,1230
580809998127564686,Order,2025/10/17,2025/10/24,VND,65240,110000,110000,110000,0,0,0,0,-44760,-6260,-11550,0,-35200,20000,15200,0,0,0,0,0,-22000,-22000,0,0,0,0,0,0,0,0,0,0,0,-3300,0,0,0,-1100,-550,0,0,0,0,580809998127564686,125200,0,0,0,0,0,0,0,0,110,110
580808768544015503,Order,2025/10/17,2025/10/24,VND,178350,290000,290000,360000,-70000,0,0,0,-111650,-13630,-30450,0,-35100,35100,0,0,0,0,0,0,-54520,-54520,0,0,0,0,0,0,0,0,0,0,0,-8700,0,0,0,-2900,-1450,0,0,0,0,580808768544015503,272600,0,0,0,17400,0,0,0,0,510,510
580808609331250416,Order,2025/10/17,2025/10/24,VND,295200,492000,492000,600000,-108000,0,0,0,-196800,-24600,-51660,0,-47600,47600,0,0,0,0,0,0,-98400,-98400,0,0,0,0,0,0,0,0,0,0,0,-14760,0,0,0,-4920,-2460,0,0,0,0,580808609331250416,492000,0,0,0,0,0,0,0,0,810,810
580808137678096076,Order,2025/10/17,2025/10/24,VND,73040,123000,123000,150000,-27000,0,0,0,-49960,-6910,-12915,0,-35200,20000,15200,0,0,0,0,0,-24600,-24600,0,0,0,0,0,0,0,0,0,0,0,-3690,0,0,0,-1230,-615,0,0,0,0,580808137678096076,138200,0,0,0,0,0,0,0,0,210,210
580808088512792546,Order,2025/10/17,2025/10/24,VND,356000,580000,580000,720000,-140000,0,0,0,-224000,-27400,-60900,0,-55400,55400,0,0,0,0,0,0,-109600,-109600,0,0,0,0,0,0,0,0,0,0,0,-17400,0,0,0,-5800,-2900,0,0,0,0,580808088512792546,548000,0,0,0,32000,0,0,0,0,1030,1030
580808063207638252,Order,2025/10/17,2025/10/24,VND,76300,123000,123000,150000,-27000,0,0,0,-46700,-5650,-12915,0,-35200,35200,0,0,0,0,0,0,-22600,-22600,0,0,0,0,0,0,0,0,0,0,0,-3690,0,0,0,-1230,-615,0,0,0,0,580808063207638252,113000,0,0,0,10000,0,0,0,0,210,210
580807804720678260,Order,2025/10/17,2025/10/24,VND,180145,290000,290000,360000,-70000,0,0,0,-109855,-13575,-30450,0,-47600,40000,7600,0,0,0,0,0,-52780,-52780,0,0,0,0,0,0,0,0,0,0,0,-8700,0,0,0,-2900,-1450,0,0,0,0,580807804720678260,271500,0,0,0,26100,0,0,0,0,510,510
580807201165050882,Order,2025/10/17,2025/10/24,VND,73800,123000,123000,150000,-27000,0,0,0,-49200,-6150,-12915,0,-40000,40000,0,0,0,0,0,0,-24600,-24600,0,0,0,0,0,0,0,0,0,0,0,-3690,0,0,0,-1230,-615,0,0,0,0,580807201165050882,123000,0,0,0,0,0,0,0,0,210,210
580801321791161424,Order,2025/10/17,2025/10/24,VND,73300,123000,123000,150000,-27000,0,0,0,-49700,-6650,-12915,0,-40000,30000,10000,0,0,0,0,0,-24600,-24600,0,0,0,0,0,0,0,0,0,0,0,-3690,0,0,0,-1230,-615,0,0,0,0,580801321791161424,133000,0,0,0,0,0,0,0,0,210,210
580796605055206550,Order,2025/10/16,2025/10/24,VND,179000,290000,290000,360000,-70000,0,0,0,-111000,-13500,-30450,0,-35100,35100,0,0,0,0,0,0,-54000,-54000,0,0,0,0,0,0,0,0,0,0,0,-8700,0,0,0,-2900,-1450,0,0,0,0,580796605055206550,270000,0,0,0,20000,0,0,0,0,510,510
580794418956502899,Order,2025/10/16,2025/10/24,VND,180145,290000,290000,360000,-70000,0,0,0,-109855,-13575,-30450,0,-47600,40000,7600,0,0,0,0,0,-52780,-52780,0,0,0,0,0,0,0,0,0,0,0,-8700,0,0,0,-2900,-1450,0,0,0,0,580794418956502899,271500,0,0,0,26100,0,0,0,0,510,510
580790161668343038,Order,2025/10/16,2025/10/24,VND,-40000,0,0,0,0,0,0,0,-40000,0,0,-40000,-40000,0,0,0,0,0,0,0,0,0,0,0,0,0,0,0,0,0,0,0,0,0,0,0,0,0,0,0,0,0,0,580790161668343038,0,0,0,0,0,0,0,0,0,210,210
580783286981855026,Order,2025/10/15,2025/10/24,VND,77490,123000,123000,150000,-27000,0,0,0,-45510,-5412,-12915,0,-40000,40000,0,0,0,0,0,0,-21648,-21648,0,0,0,0,0,0,0,0,0,0,0,-3690,0,0,0,-1230,-615,0,0,0,0,580783286981855026,108240,0,0,0,14760,0,0,0,0,210,210
580770006527477119,Order,2025/10/14,2025/10/24,VND,58740,85000,85000,110000,-25000,0,0,0,-26260,-5010,-8925,0,-35200,20000,15200,0,0,0,0,0,0,0,0,-8500,0,0,0,0,0,0,0,0,0,-2550,0,0,0,-850,-425,0,0,0,0,580770006527477119,100200,0,0,0,0,0,0,0,0,110,110
580811611734115874,Order,2025/10/18,2025/10/23,VND,90000,150000,150000,150000,0,0,0,0,-60000,-7500,-15750,0,-35200,35200,0,0,0,0,0,0,-30000,-30000,0,0,0,0,0,0,0,0,0,0,0,-4500,0,0,0,-1500,-750,0,0,0,0,580811611734115874,150000,0,0,0,0,0,0,0,0,200,200
580808696190567852,Order,2025/10/17,2025/10/23,VND,50240,85000,85000,110000,-25000,0,0,0,-34760,-5010,-8925,0,-35200,20000,15200,0,0,0,0,0,-17000,-17000,0,0,0,0,0,0,0,0,0,0,0,-2550,0,0,0,-850,-425,0,0,0,0,580808696190567852,100200,0,0,0,0,0,0,0,0,110,110
580808581091395018,Order,2025/10/17,2025/10/23,VND,173930,290000,290000,360000,-70000,0,0,0,-116070,-14570,-30450,0,-41400,40000,1400,0,0,0,0,0,-58000,-58000,0,0,0,0,0,0,0,0,0,0,0,-8700,0,0,0,-2900,-1450,0,0,0,0,580808581091395018,291400,0,0,0,0,0,0,0,0,510,510
580807858740168443,Order,2025/10/17,2025/10/23,VND,76875,123000,123000,150000,-27000,0,0,0,-46125,-5535,-12915,0,-35200,35200,0,0,0,0,0,0,-22140,-22140,0,0,0,0,0,0,0,0,0,0,0,-3690,0,0,0,-1230,-615,0,0,0,0,580807858740168443,110700,0,0,0,12300,0,0,0,0,210,210
580807705776456731,Order,2025/10/17,2025/10/23,VND,179075,290000,290000,360000,-70000,0,0,0,-110925,-13485,-30450,0,-35100,35100,0,0,0,0,0,0,-53940,-53940,0,0,0,0,0,0,0,0,0,0,0,-8700,0,0,0,-2900,-1450,0,0,0,0,580807705776456731,269700,0,0,0,20300,0,0,0,0,510,510
580807554479064902,Order,2025/10/17,2025/10/23,VND,51000,85000,85000,110000,-25000,0,0,0,-34000,-4250,-8925,0,-40000,40000,0,0,0,0,0,0,-17000,-17000,0,0,0,0,0,0,0,0,0,0,0,-2550,0,0,0,-850,-425,0,0,0,0,580807554479064902,85000,0,0,0,0,0,0,0,0,110,110
580807535103542671,Order,2025/10/17,2025/10/23,VND,85340,123000,123000,150000,-27000,0,0,0,-37660,-6910,-12915,0,-35200,20000,15200,0,0,0,0,0,0,0,0,-12300,0,0,0,0,0,0,0,0,0,-3690,0,0,0,-1230,-615,0,0,0,0,580807535103542671,138200,0,0,0,0,0,0,0,0,210,210
580801604074702473,Order,2025/10/17,2025/10/23,VND,50500,85000,85000,110000,-25000,0,0,0,-34500,-4750,-8925,0,-40000,30000,10000,0,0,0,0,0,-17000,-17000,0,0,0,0,0,0,0,0,0,0,0,-2550,0,0,0,-850,-425,0,0,0,0,580801604074702473,95000,0,0,0,0,0,0,0,0,110,110
580799585921959341,Order,2025/10/17,2025/10/23,VND,207350,290000,290000,360000,-70000,0,0,0,-82650,-13050,-30450,0,-47600,47600,0,0,0,0,0,0,0,0,0,-26100,0,0,0,0,0,0,0,0,0,-8700,0,0,0,-2900,-1450,0,0,0,0,580799585921959341,261000,0,0,0,29000,0,0,0,0,510,510
580799422493525395,Order,2025/10/17,2025/10/23,VND,73300,123000,123000,150000,-27000,0,0,0,-49700,-6650,-12915,0,-40000,30000,10000,0,0,0,0,0,-24600,-24600,0,0,0,0,0,0,0,0,0,0,0,-3690,0,0,0,-1230,-615,0,0,0,0,580799422493525395,133000,0,0,0,0,0,0,0,0,210,210
580799372732434358,Order,2025/10/17,2025/10/23,VND,73300,123000,123000,150000,-27000,0,0,0,-49700,-6650,-12915,0,-40000,30000,10000,0,0,0,0,0,-24600,-24600,0,0,0,0,0,0,0,0,0,0,0,-3690,0,0,0,-1230,-615,0,0,0,0,580799372732434358,133000,0,0,0,0,0,0,0,0,210,210
580798869921957795,Order,2025/10/17,2025/10/23,VND,51000,85000,85000,110000,-25000,0,0,0,-34000,-4250,-8925,0,-40000,40000,0,0,0,0,0,0,-17000,-17000,0,0,0,0,0,0,0,0,0,0,0,-2550,0,0,0,-850,-425,0,0,0,0,580798869921957795,85000,0,0,0,0,0,0,0,0,110,110
580798774914549100,Order,2025/10/17,2025/10/23,VND,85600,123000,123000,150000,-27000,0,0,0,-37400,-6650,-12915,0,-40000,30000,10000,0,0,0,0,0,0,0,0,-12300,0,0,0,0,0,0,0,0,0,-3690,0,0,0,-1230,-615,0,0,0,0,580798774914549100,133000,0,0,0,0,0,0,0,0,210,210
580798429437396311,Order,2025/10/17,2025/10/23,VND,73300,123000,123000,150000,-27000,0,0,0,-49700,-6650,-12915,0,-40000,30000,10000,0,0,0,0,0,-24600,-24600,0,0,0,0,0,0,0,0,0,0,0,-3690,0,0,0,-1230,-615,0,0,0,0,580798429437396311,133000,0,0,0,0,0,0,0,0,210,210
580797609119941812,Order,2025/10/16,2025/10/23,VND,203000,290000,290000,360000,-70000,0,0,0,-87000,-14500,-30450,0,-40000,40000,0,0,0,0,0,0,0,0,0,-29000,0,0,0,0,0,0,0,0,0,-8700,0,0,0,-2900,-1450,0,0,0,0,580797609119941812,290000,0,0,0,0,0,0,0,0,500,500
580796787237095185,Order,2025/10/16,2025/10/23,VND,174000,290000,290000,360000,-70000,0,0,0,-116000,-14500,-30450,0,-35100,35100,0,0,0,0,0,0,-58000,-58000,0,0,0,0,0,0,0,0,0,0,0,-8700,0,0,0,-2900,-1450,0,0,0,0,580796787237095185,290000,0,0,0,0,0,0,0,0,510,510
580796241690919953,Order,2025/10/16,2025/10/23,VND,50740,85000,85000,110000,-25000,0,0,0,-34260,-4510,-8925,0,-35200,30000,5200,0,0,0,0,0,-17000,-17000,0,0,0,0,0,0,0,0,0,0,0,-2550,0,0,0,-850,-425,0,0,0,0,580796241690919953,90200,0,0,0,0,0,0,0,0,110,110
580796136325613458,Order,2025/10/16,2025/10/23,VND,76258,123000,123000,150000,-27000,0,0,0,-46742,-5906,-12915,0,-26200,20000,6200,0,0,0,0,0,-22386,-22386,0,0,0,0,0,0,0,0,0,0,0,-3690,0,0,0,-1230,-615,0,0,0,0,580796136325613458,118130,0,0,0,11070,0,0,0,0,210,210
580795645075031772,Order,2025/10/16,2025/10/23,VND,72800,123000,123000,150000,-27000,0,0,0,-50200,-7150,-12915,0,-40000,20000,20000,0,0,0,0,0,-24600,-24600,0,0,0,0,0,0,0,0,0,0,0,-3690,0,0,0,-1230,-615,0,0,0,0,580795645075031772,143000,0,0,0,0,0,0,0,0,210,210
580795607696836265,Order,2025/10/16,2025/10/23,VND,88314,123000,123000,150000,-27000,0,0,0,-34686,-5412,-12915,0,-40000,40000,0,0,0,0,0,0,0,0,0,-10824,0,0,0,0,0,0,0,0,0,-3690,0,0,0,-1230,-615,0,0,0,0,580795607696836265,108240,0,0,0,14760,0,0,0,0,210,210
580795379393135746,Order,2025/10/16,2025/10/23,VND,152600,246000,246000,300000,-54000,0,0,0,-93400,-11300,-25830,0,-26200,26200,0,0,0,0,0,0,-45200,-45200,0,0,0,0,0,0,0,0,0,0,0,-7380,0,0,0,-2460,-1230,0,0,0,0,580795379393135746,226000,0,0,0,20000,0,0,0,0,410,410
580794992044442764,Order,2025/10/16,2025/10/23,VND,78800,123000,123000,150000,-27000,0,0,0,-44200,-5150,-12915,0,-35200,35200,0,0,0,0,0,0,-20600,-20600,0,0,0,0,0,0,0,0,0,0,0,-3690,0,0,0,-1230,-615,0,0,0,0,580794992044442764,103000,0,0,0,20000,0,0,0,0,210,210
580794854213453660,Order,2025/10/16,2025/10/23,VND,75800,123000,123000,150000,-27000,0,0,0,-47200,-6150,-12915,0,-40000,30000,10000,0,0,0,0,0,-22600,-22600,0,0,0,0,0,0,0,0,0,0,0,-3690,0,0,0,-1230,-615,0,0,0,0,580794854213453660,123000,0,0,0,10000,0,0,0,0,210,210
580794831434122909,Order,2025/10/16,2025/10/23,VND,73300,123000,123000,150000,-27000,0,0,0,-49700,-6650,-12915,0,-40000,30000,10000,0,0,0,0,0,-24600,-24600,0,0,0,0,0,0,0,0,0,0,0,-3690,0,0,0,-1230,-615,0,0,0,0,580794831434122909,133000,0,0,0,0,0,0,0,0,210,210
580794861803964196,Order,2025/10/16,2025/10/23,VND,85600,123000,123000,150000,-27000,0,0,0,-37400,-6650,-12915,0,-40000,30000,10000,0,0,0,0,0,0,0,0,-12300,0,0,0,0,0,0,0,0,0,-3690,0,0,0,-1230,-615,0,0,0,0,580794861803964196,133000,0,0,0,0,0,0,0,0,210,210
580794792732034566,Order,2025/10/16,2025/10/23,VND,87600,123000,123000,150000,-27000,0,0,0,-35400,-5650,-12915,0,-40000,40000,0,0,0,0,0,0,0,0,0,-11300,0,0,0,0,0,0,0,0,0,-3690,0,0,0,-1230,-615,0,0,0,0,580794792732034566,113000,0,0,0,10000,0,0,0,0,210,210
580794350315799562,Order,2025/10/16,2025/10/23,VND,50500,85000,85000,110000,-25000,0,0,0,-34500,-4750,-8925,0,-40000,30000,10000,0,0,0,0,0,-17000,-17000,0,0,0,0,0,0,0,0,0,0,0,-2550,0,0,0,-850,-425,0,0,0,0,580794350315799562,95000,0,0,0,0,0,0,0,0,110,110
580794104400152109,Order,2025/10/16,2025/10/23,VND,174000,290000,290000,360000,-70000,0,0,0,-116000,-14500,-30450,0,-47600,47600,0,0,0,0,0,0,-58000,-58000,0,0,0,0,0,0,0,0,0,0,0,-8700,0,0,0,-2900,-1450,0,0,0,0,580794104400152109,290000,0,0,0,0,0,0,0,0,510,510
580791391211521868,Order,2025/10/16,2025/10/23,VND,348000,580000,580000,720000,-140000,0,0,0,-232000,-29000,-60900,0,-55400,55400,0,0,0,0,0,0,-116000,-116000,0,0,0,0,0,0,0,0,0,0,0,-17400,0,0,0,-5800,-2900,0,0,0,0,580791391211521868,580000,0,0,0,0,0,0,0,0,1030,1030
580790413848971154,Order,2025/10/16,2025/10/23,VND,50500,85000,85000,110000,-25000,0,0,0,-34500,-4750,-8925,0,-40000,30000,10000,0,0,0,0,0,-17000,-17000,0,0,0,0,0,0,0,0,0,0,0,-2550,0,0,0,-850,-425,0,0,0,0,580790413848971154,95000,0,0,0,0,0,0,0,0,110,110
580786481462544011,Order,2025/10/16,2025/10/23,VND,178500,255000,255000,330000,-75000,0,0,0,-76500,-12750,-26775,0,-30300,30300,0,0,0,0,0,0,0,0,0,-25500,0,0,0,0,0,0,0,0,0,-7650,0,0,0,-2550,-1275,0,0,0,0,580786481462544011,255000,0,0,0,0,0,0,0,0,310,310
580783585338951442,Order,2025/10/15,2025/10/23,VND,73050,123000,123000,150000,-27000,0,0,0,-49950,-6900,-12915,0,-40000,25000,15000,0,0,0,0,0,-24600,-24600,0,0,0,0,0,0,0,0,0,0,0,-3690,0,0,0,-1230,-615,0,0,0,0,580783585338951442,138000,0,0,0,0,0,0,0,0,210,210
580783432359052350,Order,2025/10/15,2025/10/23,VND,73785,123000,123000,150000,-27000,0,0,0,-49215,-6165,-12915,0,-30300,30000,300,0,0,0,0,0,-24600,-24600,0,0,0,0,0,0,0,0,0,0,0,-3690,0,0,0,-1230,-615,0,0,0,0,580783432359052350,123300,0,0,0,0,0,0,0,0,210,210
580782465488553595,Order,2025/10/15,2025/10/23,VND,206915,290000,290000,360000,-70000,0,0,0,-83085,-13195,-30450,0,-40000,40000,0,0,0,0,0,0,0,0,0,-26390,0,0,0,0,0,0,0,0,0,-8700,0,0,0,-2900,-1450,0,0,0,0,580782465488553595,263900,0,0,0,26100,0,0,0,0,500,500
580781746190320852,Order,2025/10/15,2025/10/23,VND,104000,150000,150000,150000,0,0,0,0,-46000,-8500,-15750,0,-40000,20000,20000,0,0,0,0,0,0,0,0,-15000,0,0,0,0,0,0,0,0,0,-4500,0,0,0,-1500,-750,0,0,0,0,580781746190320852,170000,0,0,0,0,0,0,0,0,210,210
580781354782327987,Order,2025/10/15,2025/10/23,VND,65500,110000,110000,110000,0,0,0,0,-44500,-6000,-11550,0,-40000,30000,10000,0,0,0,0,0,-22000,-22000,0,0,0,0,0,0,0,0,0,0,0,-3300,0,0,0,-1100,-550,0,0,0,0,580781354782327987,120000,0,0,0,0,0,0,0,0,110,110
580730637710034036,Order,2025/10/11,2025/10/23,VND,84800,123000,123000,150000,-27000,0,0,0,-38200,-7450,-12915,0,-40000,14000,26000,0,0,0,0,0,0,0,0,-12300,0,0,0,0,0,0,0,0,0,-3690,0,0,0,-1230,-615,0,0,0,0,580730637710034036,149000,0,0,0,0,0,0,0,0,210,210
580730390783755309,Order,2025/10/11,2025/10/23,VND,-40000,0,0,0,0,0,0,0,-40000,0,0,-40000,-40000,0,0,0,0,0,0,0,0,0,0,0,0,0,0,0,0,0,0,0,0,0,0,0,0,0,0,0,0,0,0,580730390783755309,0,0,0,0,0,0,0,0,0,210,210
580688260791567543,Order,2025/10/08,2025/10/23,VND,-40000,0,0,0,0,0,0,0,-40000,0,0,-40000,-47600,0,0,0,0,0,7600,0,0,0,0,0,0,0,0,0,0,0,0,0,0,0,0,0,0,0,0,0,0,0,0,580688260791567543,0,0,0,0,0,0,0,0,0,510,510
580812929798801235,Order,2025/10/18,2025/10/22,VND,90000,150000,150000,150000,0,0,0,0,-60000,-7500,-15750,0,-19700,19700,0,0,0,0,0,0,-30000,-30000,0,0,0,0,0,0,0,0,0,0,0,-4500,0,0,0,-1500,-750,0,0,0,0,580812929798801235,150000,0,0,0,0,0,0,0,0,210,210
580808537941967992,Order,2025/10/17,2025/10/22,VND,51000,85000,85000,110000,-25000,0,0,0,-34000,-4250,-8925,0,-19700,19700,0,0,0,0,0,0,-17000,-17000,0,0,0,0,0,0,0,0,0,0,0,-2550,0,0,0,-850,-425,0,0,0,0,580808537941967992,85000,0,0,0,0,0,0,0,0,110,110
580800724628112741,Order,2025/10/17,2025/10/22,VND,73800,123000,123000,150000,-27000,0,0,0,-49200,-6150,-12915,0,-40000,40000,0,0,0,0,0,0,-24600,-24600,0,0,0,0,0,0,0,0,0,0,0,-3690,0,0,0,-1230,-615,0,0,0,0,580800724628112741,123000,0,0,0,0,0,0,0,0,210,210
580800458133963805,Order,2025/10/17,2025/10/22,VND,-30300,0,0,0,0,0,0,0,-30300,0,0,-30300,-30300,0,0,0,0,0,0,0,0,0,0,0,0,0,0,0,0,0,0,0,0,0,0,0,0,0,0,0,0,0,0,580800458133963805,0,0,0,0,0,0,0,0,0,200,200
580799805908288848,Order,2025/10/17,2025/10/22,VND,50240,85000,85000,110000,-25000,0,0,0,-34760,-5010,-8925,0,-35200,20000,15200,0,0,0,0,0,-17000,-17000,0,0,0,0,0,0,0,0,0,0,0,-2550,0,0,0,-850,-425,0,0,0,0,580799805908288848,100200,0,0,0,0,0,0,0,0,110,110
580799703493215594,Order,2025/10/17,2025/10/22,VND,85600,123000,123000,150000,-27000,0,0,0,-37400,-6650,-12915,0,-40000,30000,10000,0,0,0,0,0,0,0,0,-12300,0,0,0,0,0,0,0,0,0,-3690,0,0,0,-1230,-615,0,0,0,0,580799703493215594,133000,0,0,0,0,0,0,0,0,210,210
580799685938087539,Order,2025/10/17,2025/10/22,VND,85840,123000,123000,150000,-27000,0,0,0,-37160,-6410,-12915,0,-35200,30000,5200,0,0,0,0,0,0,0,0,-12300,0,0,0,0,0,0,0,0,0,-3690,0,0,0,-1230,-615,0,0,0,0,580799685938087539,128200,0,0,0,0,0,0,0,0,210,210
580798795460085041,Order,2025/10/17,2025/10/22,VND,206480,290000,290000,360000,-70000,0,0,0,-83520,-13340,-30450,0,-47600,47600,0,0,0,0,0,0,0,0,0,-26680,0,0,0,0,0,0,0,0,0,-8700,0,0,0,-2900,-1450,0,0,0,0,580798795460085041,266800,0,0,0,23200,0,0,0,0,510,510
580797898268706660,Order,2025/10/17,2025/10/22,VND,73800,123000,123000,150000,-27000,0,0,0,-49200,-6150,-12915,0,-40000,40000,0,0,0,0,0,0,-24600,-24600,0,0,0,0,0,0,0,0,0,0,0,-3690,0,0,0,-1230,-615,0,0,0,0,580797898268706660,123000,0,0,0,0,0,0,0,0,210,210
580796209291691666,Order,2025/10/16,2025/10/22,VND,174000,290000,290000,360000,-70000,0,0,0,-116000,-14500,-30450,0,-35100,35100,0,0,0,0,0,0,-58000,-58000,0,0,0,0,0,0,0,0,0,0,0,-8700,0,0,0,-2900,-1450,0,0,0,0,580796209291691666,290000,0,0,0,0,0,0,0,0,510,510
580795653964334128,Order,2025/10/16,2025/10/22,VND,50000,85000,85000,110000,-25000,0,0,0,-35000,-5250,-8925,0,-40000,20000,20000,0,0,0,0,0,-17000,-17000,0,0,0,0,0,0,0,0,0,0,0,-2550,0,0,0,-850,-425,0,0,0,0,580795653964334128,105000,0,0,0,0,0,0,0,0,110,110
580795257861276830,Order,2025/10/16,2025/10/22,VND,180525,290000,290000,360000,-70000,0,0,0,-109475,-13195,-30450,0,-41400,41400,0,0,0,0,0,0,-52780,-52780,0,0,0,0,0,0,0,0,0,0,0,-8700,0,0,0,-2900,-1450,0,0,0,0,580795257861276830,263900,0,0,0,26100,0,0,0,0,510,510
580795251257673410,Order,2025/10/16,2025/10/22,VND,102000,170000,170000,220000,-50000,0,0,0,-68000,-8500,-17850,0,-40000,40000,0,0,0,0,0,0,-34000,-34000,0,0,0,0,0,0,0,0,0,0,0,-5100,0,0,0,-1700,-850,0,0,0,0,580795251257673410,170000,0,0,0,0,0,0,0,0,210,210
580795028732413279,Order,2025/10/16,2025/10/22,VND,84340,123000,123000,150000,-27000,0,0,0,-38660,-7910,-12915,0,-35200,0,35200,0,0,0,0,0,0,0,0,-12300,0,0,0,0,0,0,0,0,0,-3690,0,0,0,-1230,-615,0,0,0,0,580795028732413279,158200,0,0,0,0,0,0,0,0,210,210
580794800874948066,Order,2025/10/16,2025/10/22,VND,179075,290000,290000,360000,-70000,0,0,0,-110925,-13485,-30450,0,-47600,47600,0,0,0,0,0,0,-53940,-53940,0,0,0,0,0,0,0,0,0,0,0,-8700,0,0,0,-2900,-1450,0,0,0,0,580794800874948066,269700,0,0,0,20300,0,0,0,0,510,510
580794810094356327,Order,2025/10/16,2025/10/22,VND,356000,580000,580000,720000,-140000,0,0,0,-224000,-27400,-60900,0,-55400,55400,0,0,0,0,0,0,-109600,-109600,0,0,0,0,0,0,0,0,0,0,0,-17400,0,0,0,-5800,-2900,0,0,0,0,580794810094356327,548000,0,0,0,32000,0,0,0,0,1030,1030
580794744525915815,Order,2025/10/16,2025/10/22,VND,85600,123000,123000,150000,-27000,0,0,0,-37400,-6650,-12915,0,-40000,30000,10000,0,0,0,0,0,0,0,0,-12300,0,0,0,0,0,0,0,0,0,-3690,0,0,0,-1230,-615,0,0,0,0,580794744525915815,133000,0,0,0,0,0,0,0,0,210,210
580794622341514283,Order,2025/10/16,2025/10/22,VND,59500,85000,85000,110000,-25000,0,0,0,-25500,-4250,-8925,0,-30300,30300,0,0,0,0,0,0,0,0,0,-8500,0,0,0,0,0,0,0,0,0,-2550,0,0,0,-850,-425,0,0,0,0,580794622341514283,85000,0,0,0,0,0,0,0,0,110,110
580794493788129107,Order,2025/10/16,2025/10/22,VND,180525,290000,290000,360000,-70000,0,0,0,-109475,-13195,-30450,0,-41400,41400,0,0,0,0,0,0,-52780,-52780,0,0,0,0,0,0,0,0,0,0,0,-8700,0,0,0,-2900,-1450,0,0,0,0,580794493788129107,263900,0,0,0,26100,0,0,0,0,510,510
580794435342337191,Order,2025/10/16,2025/10/22,VND,77550,123000,123000,150000,-27000,0,0,0,-45450,-5400,-12915,0,-35200,35200,0,0,0,0,0,0,-21600,-21600,0,0,0,0,0,0,0,0,0,0,0,-3690,0,0,0,-1230,-615,0,0,0,0,580794435342337191,108000,0,0,0,15000,0,0,0,0,210,210
580793794975598203,Order,2025/10/16,2025/10/22,VND,173500,290000,290000,360000,-70000,0,0,0,-116500,-15000,-30450,0,-40000,30000,10000,0,0,0,0,0,-58000,-58000,0,0,0,0,0,0,0,0,0,0,0,-8700,0,0,0,-2900,-1450,0,0,0,0,580793794975598203,300000,0,0,0,0,0,0,0,0,500,500
580791360355141173,Order,2025/10/16,2025/10/22,VND,176120,290000,290000,360000,-70000,0,0,0,-113880,-14380,-30450,0,-47600,40000,7600,0,0,0,0,0,-56000,-56000,0,0,0,0,0,0,0,0,0,0,0,-8700,0,0,0,-2900,-1450,0,0,0,0,580791360355141173,287600,0,0,0,10000,0,0,0,0,510,510
580791327140185955,Order,2025/10/16,2025/10/22,VND,73300,123000,123000,150000,-27000,0,0,0,-49700,-6650,-12915,0,-40000,30000,10000,0,0,0,0,0,-24600,-24600,0,0,0,0,0,0,0,0,0,0,0,-3690,0,0,0,-1230,-615,0,0,0,0,580791327140185955,133000,0,0,0,0,0,0,0,0,210,210
580786302120592491,Order,2025/10/16,2025/10/22,VND,880000,1450000,1450000,1800000,-350000,0,0,0,-570000,-70500,-152250,0,-68500,68500,0,0,0,0,0,0,-282000,-282000,0,0,0,0,0,0,0,0,0,0,0,-43500,0,0,0,-14500,-7250,0,0,0,0,580786302120592491,1410000,0,0,0,40000,0,0,0,0,2530,2530
580783700829963300,Order,2025/10/15,2025/10/22,VND,52912,85000,85000,110000,-25000,0,0,0,-32088,-3868,-8925,0,-40000,40000,0,0,0,0,0,0,-15470,-15470,0,0,0,0,0,0,0,0,0,0,0,-2550,0,0,0,-850,-425,0,0,0,0,580783700829963300,77350,0,0,0,7650,0,0,0,0,110,110
580783284264208213,Order,2025/10/15,2025/10/22,VND,51000,85000,85000,110000,-25000,0,0,0,-34000,-4250,-8925,0,-40000,40000,0,0,0,0,0,0,-17000,-17000,0,0,0,0,0,0,0,0,0,0,0,-2550,0,0,0,-850,-425,0,0,0,0,580783284264208213,85000,0,0,0,0,0,0,0,0,110,110
580783251980715410,Order,2025/10/15,2025/10/22,VND,153250,246000,246000,300000,-54000,0,0,0,-92750,-11570,-25830,0,-40000,30000,10000,0,0,0,0,0,-44280,-44280,0,0,0,0,0,0,0,0,0,0,0,-7380,0,0,0,-2460,-1230,0,0,0,0,580783251980715410,231400,0,0,0,24600,0,0,0,0,410,410
580783047084181088,Order,2025/10/15,2025/10/22,VND,58500,85000,85000,110000,-25000,0,0,0,-26500,-5250,-8925,0,-40000,20000,20000,0,0,0,0,0,0,0,0,-8500,0,0,0,0,0,0,0,0,0,-2550,0,0,0,-850,-425,0,0,0,0,580783047084181088,105000,0,0,0,0,0,0,0,0,110,110
580782896898802755,Order,2025/10/15,2025/10/22,VND,153135,246000,246000,300000,-54000,0,0,0,-92865,-11193,-25830,0,-35200,35200,0,0,0,0,0,0,-44772,-44772,0,0,0,0,0,0,0,0,0,0,0,-7380,0,0,0,-2460,-1230,0,0,0,0,580782896898802755,223860,0,0,0,22140,0,0,0,0,410,410
580782496484590646,Order,2025/10/15,2025/10/22,VND,76990,123000,123000,150000,-27000,0,0,0,-46010,-5912,-12915,0,-40000,30000,10000,0,0,0,0,0,-21648,-21648,0,0,0,0,0,0,0,0,0,0,0,-3690,0,0,0,-1230,-615,0,0,0,0,580782496484590646,118240,0,0,0,14760,0,0,0,0,210,210
580782431042044940,Order,2025/10/15,2025/10/22,VND,77230,123000,123000,150000,-27000,0,0,0,-45770,-5672,-12915,0,-35200,30000,5200,0,0,0,0,0,-21648,-21648,0,0,0,0,0,0,0,0,0,0,0,-3690,0,0,0,-1230,-615,0,0,0,0,580782431042044940,113440,0,0,0,14760,0,0,0,0,210,210
580782419275121830,Order,2025/10/15,2025/10/22,VND,53550,85000,85000,110000,-25000,0,0,0,-31450,-3740,-8925,0,-30300,30300,0,0,0,0,0,0,-14960,-14960,0,0,0,0,0,0,0,0,0,0,0,-2550,0,0,0,-850,-425,0,0,0,0,580782419275121830,74800,0,0,0,10200,0,0,0,0,110,110
580782346806002861,Order,2025/10/15,2025/10/22,VND,202930,290000,290000,360000,-70000,0,0,0,-87070,-14570,-30450,0,-41400,40000,1400,0,0,0,0,0,0,0,0,-29000,0,0,0,0,0,0,0,0,0,-8700,0,0,0,-2900,-1450,0,0,0,0,580782346806002861,291400,0,0,0,0,0,0,0,0,510,510
580782207294277622,Order,2025/10/15,2025/10/22,VND,60530,85000,85000,110000,-25000,0,0,0,-24470,-4240,-8925,0,-40000,30000,10000,0,0,0,0,0,0,0,0,-7480,0,0,0,0,0,0,0,0,0,-2550,0,0,0,-850,-425,0,0,0,0,580782207294277622,84800,0,0,0,10200,0,0,0,0,110,110
580782146747926261,Order,2025/10/15,2025/10/22,VND,88314,123000,123000,150000,-27000,0,0,0,-34686,-5412,-12915,0,-40000,40000,0,0,0,0,0,0,0,0,0,-10824,0,0,0,0,0,0,0,0,0,-3690,0,0,0,-1230,-615,0,0,0,0,580782146747926261,108240,0,0,0,14760,0,0,0,0,210,210
580782170807961184,Order,2025/10/15,2025/10/22,VND,52550,85000,85000,110000,-25000,0,0,0,-32450,-4740,-8925,0,-40000,20000,20000,0,0,0,0,0,-14960,-14960,0,0,0,0,0,0,0,0,0,0,0,-2550,0,0,0,-850,-425,0,0,0,0,580782170807961184,94800,0,0,0,10200,0,0,0,0,110,110
580782045467542817,Order,2025/10/15,2025/10/22,VND,180145,290000,290000,360000,-70000,0,0,0,-109855,-13575,-30450,0,-47600,40000,7600,0,0,0,0,0,-52780,-52780,0,0,0,0,0,0,0,0,0,0,0,-8700,0,0,0,-2900,-1450,0,0,0,0,580782045467542817,271500,0,0,0,26100,0,0,0,0,510,510
580779455045469298,Order,2025/10/15,2025/10/22,VND,94500,150000,150000,150000,0,0,0,0,-55500,-6600,-15750,0,-40000,40000,0,0,0,0,0,0,-26400,-26400,0,0,0,0,0,0,0,0,0,0,0,-4500,0,0,0,-1500,-750,0,0,0,0,580779455045469298,132000,0,0,0,18000,0,0,0,0,210,210
580771182338934105,Order,2025/10/14,2025/10/22,VND,50985,85000,85000,110000,-25000,0,0,0,-34015,-4265,-8925,0,-30300,30000,300,0,0,0,0,0,-17000,-17000,0,0,0,0,0,0,0,0,0,0,0,-2550,0,0,0,-850,-425,0,0,0,0,580771182338934105,85300,0,0,0,0,0,0,0,0,110,110
580742252387337896,Order,2025/10/12,2025/10/22,VND,105000,150000,150000,150000,0,0,0,0,-45000,-7500,-15750,0,-30300,30300,0,0,0,0,0,0,0,0,0,-15000,0,0,0,0,0,0,0,0,0,-4500,0,0,0,-1500,-750,0,0,0,0,580742252387337896,150000,0,0,0,0,0,0,0,0,210,210
580732141300188883,Order,2025/10/11,2025/10/22,VND,73800,123000,123000,150000,-27000,0,0,0,-49200,-6150,-12915,0,-40000,40000,0,0,0,0,0,0,-24600,-24600,0,0,0,0,0,0,0,0,0,0,0,-3690,0,0,0,-1230,-615,0,0,0,0,580732141300188883,123000,0,0,0,0,0,0,0,0,210,210
580724548255844252,Order,2025/10/11,2025/10/22,VND,73800,123000,123000,150000,-27000,0,0,0,-49200,-6150,-12915,0,-30300,30300,0,0,0,0,0,0,-24600,-24600,0,0,0,0,0,0,0,0,0,0,0,-3690,0,0,0,-1230,-615,0,0,0,0,580724548255844252,123000,0,0,0,0,0,0,0,0,210,210
580697973696071041,Order,2025/10/09,2025/10/22,VND,-35100,0,0,0,0,0,0,0,-35100,0,0,-35100,-35100,0,0,0,0,0,0,0,0,0,0,0,0,0,0,0,0,0,0,0,0,0,0,0,0,0,0,0,0,0,0,580697973696071041,0,0,0,0,0,0,0,0,0,510,510
580803807686460839,Order,2025/10/17,2025/10/21,VND,-30300,0,0,0,0,0,0,0,-30300,0,0,-30300,-30300,0,0,0,0,0,0,0,0,0,0,0,0,0,0,0,0,0,0,0,0,0,0,0,0,0,0,0,0,0,0,580803807686460839,0,0,0,0,0,0,0,0,0,200,200
580794903675570073,Order,2025/10/16,2025/10/21,VND,73800,123000,123000,150000,-27000,0,0,0,-49200,-6150,-12915,0,-19700,19700,0,0,0,0,0,0,-24600,-24600,0,0,0,0,0,0,0,0,0,0,0,-3690,0,0,0,-1230,-615,0,0,0,0,580794903675570073,123000,0,0,0,0,0,0,0,0,210,210
580794594725168682,Order,2025/10/16,2025/10/21,VND,73285,123000,123000,150000,-27000,0,0,0,-49715,-6665,-12915,0,-30300,20000,10300,0,0,0,0,0,-24600,-24600,0,0,0,0,0,0,0,0,0,0,0,-3690,0,0,0,-1230,-615,0,0,0,0,580794594725168682,133300,0,0,0,0,0,0,0,0,210,210
580794614123824533,Order,2025/10/16,2025/10/21,VND,174000,290000,290000,360000,-70000,0,0,0,-116000,-14500,-30450,0,-35100,35100,0,0,0,0,0,0,-58000,-58000,0,0,0,0,0,0,0,0,0,0,0,-8700,0,0,0,-2900,-1450,0,0,0,0,580794614123824533,290000,0,0,0,0,0,0,0,0,510,510
580794102229009496,Order,2025/10/16,2025/10/21,VND,73285,123000,123000,150000,-27000,0,0,0,-49715,-6665,-12915,0,-30300,20000,10300,0,0,0,0,0,-24600,-24600,0,0,0,0,0,0,0,0,0,0,0,-3690,0,0,0,-1230,-615,0,0,0,0,580794102229009496,133300,0,0,0,0,0,0,0,0,210,210
580788198384109132,Order,2025/10/16,2025/10/21,VND,-40000,0,0,0,0,0,0,0,-40000,0,0,-40000,-40000,0,0,0,0,0,0,0,0,0,0,0,0,0,0,0,0,0,0,0,0,0,0,0,0,0,0,0,0,0,0,580788198384109132,0,0,0,0,0,0,0,0,0,500,500
580788230740608896,Order,2025/10/16,2025/10/21,VND,-35200,0,0,0,0,0,0,0,-35200,0,0,-35200,-35200,0,0,0,0,0,0,0,0,0,0,0,0,0,0,0,0,0,0,0,0,0,0,0,0,0,0,0,0,0,0,580788230740608896,0,0,0,0,0,0,0,0,0,100,100
580786548072351392,Order,2025/10/16,2025/10/21,VND,59240,85000,85000,110000,-25000,0,0,0,-25760,-4510,-8925,0,-35200,30000,5200,0,0,0,0,0,0,0,0,-8500,0,0,0,0,0,0,0,0,0,-2550,0,0,0,-850,-425,0,0,0,0,580786548072351392,90200,0,0,0,0,0,0,0,0,110,110
580786468095886806,Order,2025/10/16,2025/10/21,VND,203000,290000,290000,360000,-70000,0,0,0,-87000,-14500,-30450,0,-35100,35100,0,0,0,0,0,0,0,0,0,-29000,0,0,0,0,0,0,0,0,0,-8700,0,0,0,-2900,-1450,0,0,0,0,580786468095886806,290000,0,0,0,0,0,0,0,0,510,510
580786438726976820,Order,2025/10/16,2025/10/21,VND,50740,85000,85000,110000,-25000,0,0,0,-34260,-4510,-8925,0,-35200,30000,5200,0,0,0,0,0,-17000,-17000,0,0,0,0,0,0,0,0,0,0,0,-2550,0,0,0,-850,-425,0,0,0,0,580786438726976820,90200,0,0,0,0,0,0,0,0,110,110
580786326676670321,Order,2025/10/16,2025/10/21,VND,73800,123000,123000,150000,-27000,0,0,0,-49200,-6150,-12915,0,-35200,35200,0,0,0,0,0,0,-24600,-24600,0,0,0,0,0,0,0,0,0,0,0,-3690,0,0,0,-1230,-615,0,0,0,0,580786326676670321,123000,0,0,0,0,0,0,0,0,210,210
580786227071779966,Order,2025/10/16,2025/10/21,VND,173620,290000,290000,360000,-70000,0,0,0,-116380,-14880,-30450,0,-47600,40000,7600,0,0,0,0,0,-58000,-58000,0,0,0,0,0,0,0,0,0,0,0,-8700,0,0,0,-2900,-1450,0,0,0,0,580786227071779966,297600,0,0,0,0,0,0,0,0,510,510
580784467148048102,Order,2025/10/15,2025/10/21,VND,174000,290000,290000,360000,-70000,0,0,0,-116000,-14500,-30450,0,-47600,47600,0,0,0,0,0,0,-58000,-58000,0,0,0,0,0,0,0,0,0,0,0,-8700,0,0,0,-2900,-1450,0,0,0,0,580784467148048102,290000,0,0,0,0,0,0,0,0,510,510
580783452190836410,Order,2025/10/15,2025/10/21,VND,73300,123000,123000,150000,-27000,0,0,0,-49700,-6650,-12915,0,-40000,30000,10000,0,0,0,0,0,-24600,-24600,0,0,0,0,0,0,0,0,0,0,0,-3690,0,0,0,-1230,-615,0,0,0,0,580783452190836410,133000,0,0,0,0,0,0,0,0,210,210
580783426790721318,Order,2025/10/15,2025/10/21,VND,177000,290000,290000,360000,-70000,0,0,0,-113000,-13900,-30450,0,-29700,29700,0,0,0,0,0,0,-55600,-55600,0,0,0,0,0,0,0,0,0,0,0,-8700,0,0,0,-2900,-1450,0,0,0,0,580783426790721318,278000,0,0,0,12000,0,0,0,0,510,510
580783388187723662,Order,2025/10/15,2025/10/21,VND,76308,123000,123000,150000,-27000,0,0,0,-46692,-5856,-12915,0,-35200,30000,5200,0,0,0,0,0,-22386,-22386,0,0,0,0,0,0,0,0,0,0,0,-3690,0,0,0,-1230,-615,0,0,0,0,580783388187723662,117130,0,0,0,11070,0,0,0,0,210,210
580782922895164574,Order,2025/10/15,2025/10/21,VND,73540,123000,123000,150000,-27000,0,0,0,-49460,-6410,-12915,0,-35200,30000,5200,0,0,0,0,0,-24600,-24600,0,0,0,0,0,0,0,0,0,0,0,-3690,0,0,0,-1230,-615,0,0,0,0,580782922895164574,128200,0,0,0,0,0,0,0,0,210,210
580782867401049579,Order,2025/10/15,2025/10/21,VND,85600,123000,123000,150000,-27000,0,0,0,-37400,-6650,-12915,0,-40000,30000,10000,0,0,0,0,0,0,0,0,-12300,0,0,0,0,0,0,0,0,0,-3690,0,0,0,-1230,-615,0,0,0,0,580782867401049579,133000,0,0,0,0,0,0,0,0,210,210
580782723979183262,Order,2025/10/15,2025/10/21,VND,76990,123000,123000,150000,-27000,0,0,0,-46010,-5912,-12915,0,-40000,30000,10000,0,0,0,0,0,-21648,-21648,0,0,0,0,0,0,0,0,0,0,0,-3690,0,0,0,-1230,-615,0,0,0,0,580782723979183262,118240,0,0,0,14760,0,0,0,0,210,210
580782667973494424,Order,2025/10/15,2025/10/21,VND,51000,85000,85000,110000,-25000,0,0,0,-34000,-4250,-8925,0,-30300,30300,0,0,0,0,0,0,-17000,-17000,0,0,0,0,0,0,0,0,0,0,0,-2550,0,0,0,-850,-425,0,0,0,0,580782667973494424,85000,0,0,0,0,0,0,0,0,110,110
580782340073031291,Order,2025/10/15,2025/10/21,VND,90100,123000,123000,150000,-27000,0,0,0,-32900,-5150,-12915,0,-40000,30000,10000,0,0,0,0,0,0,0,0,-9300,0,0,0,0,0,0,0,0,0,-3690,0,0,0,-1230,-615,0,0,0,0,580782340073031291,103000,0,0,0,30000,0,0,0,0,210,210
580782296769857502,Order,2025/10/15,2025/10/21,VND,76990,123000,123000,150000,-27000,0,0,0,-46010,-5912,-12915,0,-40000,30000,10000,0,0,0,0,0,-21648,-21648,0,0,0,0,0,0,0,0,0,0,0,-3690,0,0,0,-1230,-615,0,0,0,0,580782296769857502,118240,0,0,0,14760,0,0,0,0,210,210
580782257573103578,Order,2025/10/15,2025/10/21,VND,61015,85000,85000,110000,-25000,0,0,0,-23985,-3755,-8925,0,-30300,30000,300,0,0,0,0,0,0,0,0,-7480,0,0,0,0,0,0,0,0,0,-2550,0,0,0,-850,-425,0,0,0,0,580782257573103578,75100,0,0,0,10200,0,0,0,0,110,110
580782097823729016,Order,2025/10/15,2025/10/21,VND,88054,123000,123000,150000,-27000,0,0,0,-34946,-5672,-12915,0,-35200,30000,5200,0,0,0,0,0,0,0,0,-10824,0,0,0,0,0,0,0,0,0,-3690,0,0,0,-1230,-615,0,0,0,0,580782097823729016,113440,0,0,0,14760,0,0,0,0,210,210
580782052906403672,Order,2025/10/15,2025/10/21,VND,50500,85000,85000,110000,-25000,0,0,0,-34500,-4750,-8925,0,-40000,30000,10000,0,0,0,0,0,-17000,-17000,0,0,0,0,0,0,0,0,0,0,0,-2550,0,0,0,-850,-425,0,0,0,0,580782052906403672,95000,0,0,0,0,0,0,0,0,100,100
580781300962264631,Order,2025/10/15,2025/10/21,VND,76985,110000,110000,110000,0,0,0,0,-33015,-5515,-11550,0,-30300,30000,300,0,0,0,0,0,0,0,0,-11000,0,0,0,0,0,0,0,0,0,-3300,0,0,0,-1100,-550,0,0,0,0,580781300962264631,110300,0,0,0,0,0,0,0,0,110,110
580781195553506759,Order,2025/10/15,2025/10/21,VND,90000,150000,150000,150000,0,0,0,0,-60000,-7500,-15750,0,-40000,40000,0,0,0,0,0,0,-30000,-30000,0,0,0,0,0,0,0,0,0,0,0,-4500,0,0,0,-1500,-750,0,0,0,0,580781195553506759,150000,0,0,0,0,0,0,0,0,210,210
580778835523962043,Order,2025/10/15,2025/10/21,VND,-40000,0,0,0,0,0,0,0,-40000,0,0,-40000,-40000,0,0,0,0,0,0,0,0,0,0,0,0,0,0,0,0,0,0,0,0,0,0,0,0,0,0,0,0,0,0,580778835523962043,0,0,0,0,0,0,0,0,0,500,500
580778867276874939,Order,2025/10/15,2025/10/21,VND,-40000,0,0,0,0,0,0,0,-40000,0,0,-40000,-40000,0,0,0,0,0,0,0,0,0,0,0,0,0,0,0,0,0,0,0,0,0,0,0,0,0,0,0,0,0,0,580778867276874939,0,0,0,0,0,0,0,0,0,300,300
580774118260442767,Order,2025/10/15,2025/10/21,VND,216000,360000,360000,360000,0,0,0,0,-144000,-18000,-37800,0,-47600,47600,0,0,0,0,0,0,-72000,-72000,0,0,0,0,0,0,0,0,0,0,0,-10800,0,0,0,-3600,-1800,0,0,0,0,580774118260442767,360000,0,0,0,0,0,0,0,0,510,510
580772894749001164,Order,2025/10/15,2025/10/21,VND,94500,150000,150000,150000,0,0,0,0,-55500,-6600,-15750,0,-40000,40000,0,0,0,0,0,0,-26400,-26400,0,0,0,0,0,0,0,0,0,0,0,-4500,0,0,0,-1500,-750,0,0,0,0,580772894749001164,132000,0,0,0,18000,0,0,0,0,210,210
580771985140254697,Order,2025/10/14,2025/10/21,VND,90000,150000,150000,150000,0,0,0,0,-60000,-7500,-15750,0,-40000,40000,0,0,0,0,0,0,-30000,-30000,0,0,0,0,0,0,0,0,0,0,0,-4500,0,0,0,-1500,-750,0,0,0,0,580771985140254697,150000,0,0,0,0,0,0,0,0,210,210
580771932659090982,Order,2025/10/14,2025/10/21,VND,90000,150000,150000,150000,0,0,0,0,-60000,-7500,-15750,0,-30300,30300,0,0,0,0,0,0,-30000,-30000,0,0,0,0,0,0,0,0,0,0,0,-4500,0,0,0,-1500,-750,0,0,0,0,580771932659090982,150000,0,0,0,0,0,0,0,0,210,210
580770506408756609,Order,2025/10/14,2025/10/21,VND,174000,290000,290000,360000,-70000,0,0,0,-116000,-14500,-30450,0,-35100,35100,0,0,0,0,0,0,-58000,-58000,0,0,0,0,0,0,0,0,0,0,0,-8700,0,0,0,-2900,-1450,0,0,0,0,580770506408756609,290000,0,0,0,0,0,0,0,0,510,510
580770378469705468,Order,2025/10/14,2025/10/21,VND,86100,123000,123000,150000,-27000,0,0,0,-36900,-6150,-12915,0,-40000,40000,0,0,0,0,0,0,0,0,0,-12300,0,0,0,0,0,0,0,0,0,-3690,0,0,0,-1230,-615,0,0,0,0,580770378469705468,123000,0,0,0,0,0,0,0,0,210,210
580770098273485961,Order,2025/10/14,2025/10/21,VND,51000,85000,85000,110000,-25000,0,0,0,-34000,-4250,-8925,0,-35200,35200,0,0,0,0,0,0,-17000,-17000,0,0,0,0,0,0,0,0,0,0,0,-2550,0,0,0,-850,-425,0,0,0,0,580770098273485961,85000,0,0,0,0,0,0,0,0,110,110
580769844884440540,Order,2025/10/14,2025/10/21,VND,86100,123000,123000,150000,-27000,0,0,0,-36900,-6150,-12915,0,-40000,40000,0,0,0,0,0,0,0,0,0,-12300,0,0,0,0,0,0,0,0,0,-3690,0,0,0,-1230,-615,0,0,0,0,580769844884440540,123000,0,0,0,0,0,0,0,0,210,210
580769784400348819,Order,2025/10/14,2025/10/21,VND,50500,85000,85000,110000,-25000,0,0,0,-34500,-4750,-8925,0,-40000,30000,10000,0,0,0,0,0,-17000,-17000,0,0,0,0,0,0,0,0,0,0,0,-2550,0,0,0,-850,-425,0,0,0,0,580769784400348819,95000,0,0,0,0,0,0,0,0,110,110
580769682469913770,Order,2025/10/14,2025/10/21,VND,102000,170000,170000,220000,-50000,0,0,0,-68000,-8500,-17850,0,-40000,40000,0,0,0,0,0,0,-34000,-34000,0,0,0,0,0,0,0,0,0,0,0,-5100,0,0,0,-1700,-850,0,0,0,0,580769682469913770,170000,0,0,0,0,0,0,0,0,210,210
580769369546065100,Order,2025/10/14,2025/10/21,VND,73785,123000,123000,150000,-27000,0,0,0,-49215,-6165,-12915,0,-30300,30000,300,0,0,0,0,0,-24600,-24600,0,0,0,0,0,0,0,0,0,0,0,-3690,0,0,0,-1230,-615,0,0,0,0,580769369546065100,123300,0,0,0,0,0,0,0,0,210,210
580769324357813349,Order,2025/10/14,2025/10/21,VND,178280,290000,290000,360000,-70000,0,0,0,-111720,-13700,-30450,0,-41400,40000,1400,0,0,0,0,0,-54520,-54520,0,0,0,0,0,0,0,0,0,0,0,-8700,0,0,0,-2900,-1450,0,0,0,0,580769324357813349,274000,0,0,0,17400,0,0,0,0,510,510
580769344815466234,Order,2025/10/14,2025/10/21,VND,85600,123000,123000,150000,-27000,0,0,0,-37400,-6650,-12915,0,-40000,30000,10000,0,0,0,0,0,0,0,0,-12300,0,0,0,0,0,0,0,0,0,-3690,0,0,0,-1230,-615,0,0,0,0,580769344815466234,133000,0,0,0,0,0,0,0,0,210,210
580769320701429702,Order,2025/10/14,2025/10/21,VND,85840,123000,123000,150000,-27000,0,0,0,-37160,-6410,-12915,0,-35200,30000,5200,0,0,0,0,0,0,0,0,-12300,0,0,0,0,0,0,0,0,0,-3690,0,0,0,-1230,-615,0,0,0,0,580769320701429702,128200,0,0,0,0,0,0,0,0,210,210
580769068042520070,Order,2025/10/14,2025/10/21,VND,173245,290000,290000,360000,-70000,0,0,0,-116755,-15255,-30450,0,-35100,20000,15100,0,0,0,0,0,-58000,-58000,0,0,0,0,0,0,0,0,0,0,0,-8700,0,0,0,-2900,-1450,0,0,0,0,580769068042520070,305100,0,0,0,0,0,0,0,0,510,510
580769023091508340,Order,2025/10/14,2025/10/21,VND,202500,290000,290000,360000,-70000,0,0,0,-87500,-15000,-30450,0,-40000,30000,10000,0,0,0,0,0,0,0,0,-29000,0,0,0,0,0,0,0,0,0,-8700,0,0,0,-2900,-1450,0,0,0,0,580769023091508340,300000,0,0,0,0,0,0,0,0,500,500
580768272015722446,Order,2025/10/14,2025/10/21,VND,203000,290000,290000,360000,-70000,0,0,0,-87000,-14500,-30450,0,-35100,35100,0,0,0,0,0,0,0,0,0,-29000,0,0,0,0,0,0,0,0,0,-8700,0,0,0,-2900,-1450,0,0,0,0,580768272015722446,290000,0,0,0,0,0,0,0,0,510,510
580767808692651658,Order,2025/10/14,2025/10/21,VND,73300,123000,123000,150000,-27000,0,0,0,-49700,-6650,-12915,0,-40000,30000,10000,0,0,0,0,0,-24600,-24600,0,0,0,0,0,0,0,0,0,0,0,-3690,0,0,0,-1230,-615,0,0,0,0,580767808692651658,133000,0,0,0,0,0,0,0,0,210,210
580767583365006801,Order,2025/10/14,2025/10/21,VND,73800,123000,123000,150000,-27000,0,0,0,-49200,-6150,-12915,0,-30300,30300,0,0,0,0,0,0,-24600,-24600,0,0,0,0,0,0,0,0,0,0,0,-3690,0,0,0,-1230,-615,0,0,0,0,580767583365006801,123000,0,0,0,0,0,0,0,0,210,210
580763235381118339,Order,2025/10/14,2025/10/21,VND,51000,85000,85000,110000,-25000,0,0,0,-34000,-4250,-8925,0,-40000,40000,0,0,0,0,0,0,-17000,-17000,0,0,0,0,0,0,0,0,0,0,0,-2550,0,0,0,-850,-425,0,0,0,0,580763235381118339,85000,0,0,0,0,0,0,0,0,110,110
580757433588810982,Order,2025/10/13,2025/10/21,VND,179800,290000,290000,360000,-70000,0,0,0,-110200,-13340,-30450,0,-35100,35100,0,0,0,0,0,0,-53360,-53360,0,0,0,0,0,0,0,0,0,0,0,-8700,0,0,0,-2900,-1450,0,0,0,0,580757433588810982,266800,0,0,0,23200,0,0,0,0,510,510
580733653148075273,Order,2025/10/12,2025/10/21,VND,49940,85000,85000,110000,-25000,0,0,0,-35060,-5310,-8925,0,-35200,14000,21200,0,0,0,0,0,-17000,-17000,0,0,0,0,0,0,0,0,0,0,0,-2550,0,0,0,-850,-425,0,0,0,0,580733653148075273,106200,0,0,0,0,0,0,0,0,110,110
580730276595205367,Order,2025/10/11,2025/10/21,VND,181500,290000,290000,360000,-70000,0,0,0,-108500,-13000,-30450,0,-35100,35100,0,0,0,0,0,0,-52000,-52000,0,0,0,0,0,0,0,0,0,0,0,-8700,0,0,0,-2900,-1450,0,0,0,0,580730276595205367,260000,0,0,0,30000,0,0,0,0,510,510
580724790528280296,Order,2025/10/11,2025/10/21,VND,-40000,0,0,0,0,0,0,0,-40000,0,0,-40000,-40000,0,0,0,0,0,0,0,0,0,0,0,0,0,0,0,0,0,0,0,0,0,0,0,0,0,0,0,0,0,0,580724790528280296,0,0,0,0,0,0,0,0,0,500,500
580717695620843179,Order,2025/10/10,2025/10/21,VND,174000,290000,290000,360000,-70000,0,0,0,-116000,-14500,-30450,0,-47600,47600,0,0,0,0,0,0,-58000,-58000,0,0,0,0,0,0,0,0,0,0,0,-8700,0,0,0,-2900,-1450,0,0,0,0,580717695620843179,290000,0,0,0,0,0,0,0,0,510,510
580711445984413226,Order,2025/10/10,2025/10/21,VND,-30300,0,0,0,0,0,0,0,-30300,0,0,-30300,-30300,0,0,0,0,0,0,0,0,0,0,0,0,0,0,0,0,0,0,0,0,0,0,0,0,0,0,0,0,0,0,580711445984413226,0,0,0,0,0,0,0,0,0,110,110
580691409446667835,Order,2025/10/08,2025/10/21,VND,-30300,0,0,0,0,0,0,0,-30300,0,0,-30300,-30300,0,0,0,0,0,0,0,0,0,0,0,0,0,0,0,0,0,0,0,0,0,0,0,0,0,0,0,0,0,0,580691409446667835,0,0,0,0,0,0,0,0,0,110,110
580780835457828624,Order,2025/10/15,2025/10/20,VND,90000,150000,150000,150000,0,0,0,0,-60000,-7500,-15750,0,-14000,14000,0,0,0,0,0,0,-30000,-30000,0,0,0,0,0,0,0,0,0,0,0,-4500,0,0,0,-1500,-750,0,0,0,0,580780835457828624,150000,0,0,0,0,0,0,0,0,210,210
580777025042679338,Order,2025/10/15,2025/10/20,VND,180000,300000,300000,300000,0,0,0,0,-120000,-15000,-31500,0,-30300,30300,0,0,0,0,0,0,-60000,-60000,0,0,0,0,0,0,0,0,0,0,0,-9000,0,0,0,-3000,-1500,0,0,0,0,580777025042679338,300000,0,0,0,0,0,0,0,0,410,410
580775375050212832,Order,2025/10/15,2025/10/20,VND,90000,150000,150000,150000,0,0,0,0,-60000,-7500,-15750,0,-40000,40000,0,0,0,0,0,0,-30000,-30000,0,0,0,0,0,0,0,0,0,0,0,-4500,0,0,0,-1500,-750,0,0,0,0,580775375050212832,150000,0,0,0,0,0,0,0,0,210,210
580774594115700029,Order,2025/10/15,2025/10/20,VND,65500,110000,110000,110000,0,0,0,0,-44500,-6000,-11550,0,-40000,30000,10000,0,0,0,0,0,-22000,-22000,0,0,0,0,0,0,0,0,0,0,0,-3300,0,0,0,-1100,-550,0,0,0,0,580774594115700029,120000,0,0,0,0,0,0,0,0,110,110
580771896570185208,Order,2025/10/14,2025/10/20,VND,90000,150000,150000,150000,0,0,0,0,-60000,-7500,-15750,0,-40000,40000,0,0,0,0,0,0,-30000,-30000,0,0,0,0,0,0,0,0,0,0,0,-4500,0,0,0,-1500,-750,0,0,0,0,580771896570185208,150000,0,0,0,0,0,0,0,0,210,210
580771044290364421,Order,2025/10/14,2025/10/20,VND,348000,580000,580000,720000,-140000,0,0,0,-232000,-29000,-60900,0,-55400,55400,0,0,0,0,0,0,-116000,-116000,0,0,0,0,0,0,0,0,0,0,0,-17400,0,0,0,-5800,-2900,0,0,0,0,580771044290364421,580000,0,0,0,0,0,0,0,0,1030,1030
580770388174537949,Order,2025/10/14,2025/10/20,VND,59240,85000,85000,110000,-25000,0,0,0,-25760,-4510,-8925,0,-35200,30000,5200,0,0,0,0,0,0,0,0,-8500,0,0,0,0,0,0,0,0,0,-2550,0,0,0,-850,-425,0,0,0,0,580770388174537949,90200,0,0,0,0,0,0,0,0,110,110
580770131916916212,Order,2025/10/14,2025/10/20,VND,50740,85000,85000,110000,-25000,0,0,0,-34260,-4510,-8925,0,-35200,30000,5200,0,0,0,0,0,-17000,-17000,0,0,0,0,0,0,0,0,0,0,0,-2550,0,0,0,-850,-425,0,0,0,0,580770131916916212,90200,0,0,0,0,0,0,0,0,110,110
580770073569691297,Order,2025/10/14,2025/10/20,VND,81285,123000,123000,150000,-27000,0,0,0,-41715,-4665,-12915,0,-30300,30000,300,0,0,0,0,0,-18600,-18600,0,0,0,0,0,0,0,0,0,0,0,-3690,0,0,0,-1230,-615,0,0,0,0,580770073569691297,93300,0,0,0,30000,0,0,0,0,210,210
580769905993352641,Order,2025/10/14,2025/10/20,VND,51000,85000,85000,110000,-25000,0,0,0,-34000,-4250,-8925,0,-40000,40000,0,0,0,0,0,0,-17000,-17000,0,0,0,0,0,0,0,0,0,0,0,-2550,0,0,0,-850,-425,0,0,0,0,580769905993352641,85000,0,0,0,0,0,0,0,0,110,110
580769587303056817,Order,2025/10/14,2025/10/20,VND,85840,123000,123000,150000,-27000,0,0,0,-37160,-6410,-12915,0,-35200,30000,5200,0,0,0,0,0,0,0,0,-12300,0,0,0,0,0,0,0,0,0,-3690,0,0,0,-1230,-615,0,0,0,0,580769587303056817,128200,0,0,0,0,0,0,0,0,210,210
580769544363541519,Order,2025/10/14,2025/10/20,VND,73800,123000,123000,150000,-27000,0,0,0,-49200,-6150,-12915,0,-19700,19700,0,0,0,0,0,0,-24600,-24600,0,0,0,0,0,0,0,0,0,0,0,-3690,0,0,0,-1230,-615,0,0,0,0,580769544363541519,123000,0,0,0,0,0,0,0,0,210,210
580769432718313289,Order,2025/10/14,2025/10/20,VND,180525,290000,290000,360000,-70000,0,0,0,-109475,-13195,-30450,0,-47600,47600,0,0,0,0,0,0,-52780,-52780,0,0,0,0,0,0,0,0,0,0,0,-8700,0,0,0,-2900,-1450,0,0,0,0,580769432718313289,263900,0,0,0,26100,0,0,0,0,510,510
580769437694461076,Order,2025/10/14,2025/10/20,VND,51000,85000,85000,110000,-25000,0,0,0,-34000,-4250,-8925,0,-30300,30300,0,0,0,0,0,0,-17000,-17000,0,0,0,0,0,0,0,0,0,0,0,-2550,0,0,0,-850,-425,0,0,0,0,580769437694461076,85000,0,0,0,0,0,0,0,0,110,110
580769157788042749,Order,2025/10/14,2025/10/20,VND,49000,85000,85000,110000,-25000,0,0,0,-36000,-6250,-8925,0,-40000,0,40000,0,0,0,0,0,-17000,-17000,0,0,0,0,0,0,0,0,0,0,0,-2550,0,0,0,-850,-425,0,0,0,0,580769157788042749,125000,0,0,0,0,0,0,0,0,110,110
580769004080301953,Order,2025/10/14,2025/10/20,VND,98400,123000,123000,150000,-27000,0,0,0,-24600,-6150,-12915,0,-40000,40000,0,0,0,0,0,0,0,0,0,0,0,0,0,0,0,0,0,0,0,-3690,0,0,0,-1230,-615,0,0,0,0,580769004080301953,123000,0,0,0,0,0,0,0,0,210,210
580768938074604780,Order,2025/10/14,2025/10/20,VND,90600,123000,123000,150000,-27000,0,0,0,-32400,-4650,-12915,0,-40000,40000,0,0,0,0,0,0,0,0,0,-9300,0,0,0,0,0,0,0,0,0,-3690,0,0,0,-1230,-615,0,0,0,0,580768938074604780,93000,0,0,0,30000,0,0,0,0,200,200
580768607427331908,Order,2025/10/14,2025/10/20,VND,59240,85000,85000,110000,-25000,0,0,0,-25760,-4510,-8925,0,-35200,30000,5200,0,0,0,0,0,0,0,0,-8500,0,0,0,0,0,0,0,0,0,-2550,0,0,0,-850,-425,0,0,0,0,580768607427331908,90200,0,0,0,0,0,0,0,0,110,110
580768158975558940,Order,2025/10/14,2025/10/20,VND,58500,85000,85000,110000,-25000,0,0,0,-26500,-5250,-8925,0,-40000,20000,20000,0,0,0,0,0,0,0,0,-8500,0,0,0,0,0,0,0,0,0,-2550,0,0,0,-850,-425,0,0,0,0,580768158975558940,105000,0,0,0,0,0,0,0,0,110,110
580768108200822459,Order,2025/10/14,2025/10/20,VND,203000,290000,290000,360000,-70000,0,0,0,-87000,-14500,-30450,0,-35100,35100,0,0,0,0,0,0,0,0,0,-29000,0,0,0,0,0,0,0,0,0,-8700,0,0,0,-2900,-1450,0,0,0,0,580768108200822459,290000,0,0,0,0,0,0,0,0,510,510
580768089831343287,Order,2025/10/14,2025/10/20,VND,59500,85000,85000,110000,-25000,0,0,0,-25500,-4250,-8925,0,-26200,26200,0,0,0,0,0,0,0,0,0,-8500,0,0,0,0,0,0,0,0,0,-2550,0,0,0,-850,-425,0,0,0,0,580768089831343287,85000,0,0,0,0,0,0,0,0,110,110
580767453526525842,Order,2025/10/14,2025/10/20,VND,86100,123000,123000,150000,-27000,0,0,0,-36900,-6150,-12915,0,-30300,30300,0,0,0,0,0,0,0,0,0,-12300,0,0,0,0,0,0,0,0,0,-3690,0,0,0,-1230,-615,0,0,0,0,580767453526525842,123000,0,0,0,0,0,0,0,0,210,210
580766888955708947,Order,2025/10/14,2025/10/20,VND,73300,123000,123000,150000,-27000,0,0,0,-49700,-6650,-12915,0,-40000,30000,10000,0,0,0,0,0,-24600,-24600,0,0,0,0,0,0,0,0,0,0,0,-3690,0,0,0,-1230,-615,0,0,0,0,580766888955708947,133000,0,0,0,0,0,0,0,0,210,210
580766510048446378,Order,2025/10/14,2025/10/20,VND,51000,85000,85000,110000,-25000,0,0,0,-34000,-4250,-8925,0,-35200,35200,0,0,0,0,0,0,-17000,-17000,0,0,0,0,0,0,0,0,0,0,0,-2550,0,0,0,-850,-425,0,0,0,0,580766510048446378,85000,0,0,0,0,0,0,0,0,110,110
580762212135109989,Order,2025/10/14,2025/10/20,VND,147600,246000,246000,300000,-54000,0,0,0,-98400,-12300,-25830,0,-30300,30300,0,0,0,0,0,0,-49200,-49200,0,0,0,0,0,0,0,0,0,0,0,-7380,0,0,0,-2460,-1230,0,0,0,0,580762212135109989,246000,0,0,0,0,0,0,0,0,410,410
580760570364527876,Order,2025/10/14,2025/10/20,VND,73040,123000,123000,150000,-27000,0,0,0,-49960,-6910,-12915,0,-35200,20000,15200,0,0,0,0,0,-24600,-24600,0,0,0,0,0,0,0,0,0,0,0,-3690,0,0,0,-1230,-615,0,0,0,0,580760570364527876,138200,0,0,0,0,0,0,0,0,210,210
580758766760330741,Order,2025/10/13,2025/10/20,VND,73300,123000,123000,150000,-27000,0,0,0,-49700,-6650,-12915,0,-40000,30000,10000,0,0,0,0,0,-24600,-24600,0,0,0,0,0,0,0,0,0,0,0,-3690,0,0,0,-1230,-615,0,0,0,0,580758766760330741,133000,0,0,0,0,0,0,0,0,210,210
580758373493081271,Order,2025/10/13,2025/10/20,VND,73800,123000,123000,150000,-27000,0,0,0,-49200,-6150,-12915,0,-40000,40000,0,0,0,0,0,0,-24600,-24600,0,0,0,0,0,0,0,0,0,0,0,-3690,0,0,0,-1230,-615,0,0,0,0,580758373493081271,123000,0,0,0,0,0,0,0,0,210,210
580758140105098622,Order,2025/10/13,2025/10/20,VND,73800,123000,123000,150000,-27000,0,0,0,-49200,-6150,-12915,0,-19700,19700,0,0,0,0,0,0,-24600,-24600,0,0,0,0,0,0,0,0,0,0,0,-3690,0,0,0,-1230,-615,0,0,0,0,580758140105098622,123000,0,0,0,0,0,0,0,0,210,210
580757763125249256,Order,2025/10/13,2025/10/20,VND,72800,123000,123000,150000,-27000,0,0,0,-50200,-7150,-12915,0,-40000,20000,20000,0,0,0,0,0,-24600,-24600,0,0,0,0,0,0,0,0,0,0,0,-3690,0,0,0,-1230,-615,0,0,0,0,580757763125249256,143000,0,0,0,0,0,0,0,0,210,210
580757570365719557,Order,2025/10/13,2025/10/20,VND,73300,123000,123000,150000,-27000,0,0,0,-49700,-6650,-12915,0,-40000,30000,10000,0,0,0,0,0,-24600,-24600,0,0,0,0,0,0,0,0,0,0,0,-3690,0,0,0,-1230,-615,0,0,0,0,580757570365719557,133000,0,0,0,0,0,0,0,0,210,210
580757403370816792,Order,2025/10/13,2025/10/20,VND,85100,123000,123000,150000,-27000,0,0,0,-37900,-7150,-12915,0,-40000,20000,20000,0,0,0,0,0,0,0,0,-12300,0,0,0,0,0,0,0,0,0,-3690,0,0,0,-1230,-615,0,0,0,0,580757403370816792,143000,0,0,0,0,0,0,0,0,210,210
580757208259331740,Order,2025/10/13,2025/10/20,VND,85100,123000,123000,150000,-27000,0,0,0,-37900,-7150,-12915,0,-40000,20000,20000,0,0,0,0,0,0,0,0,-12300,0,0,0,0,0,0,0,0,0,-3690,0,0,0,-1230,-615,0,0,0,0,580757208259331740,143000,0,0,0,0,0,0,0,0,210,210
580757133877806620,Order,2025/10/13,2025/10/20,VND,85600,123000,123000,150000,-27000,0,0,0,-37400,-6650,-12915,0,-40000,30000,10000,0,0,0,0,0,0,0,0,-12300,0,0,0,0,0,0,0,0,0,-3690,0,0,0,-1230,-615,0,0,0,0,580757133877806620,133000,0,0,0,0,0,0,0,0,210,210
580756969225749662,Order,2025/10/13,2025/10/20,VND,180525,290000,290000,360000,-70000,0,0,0,-109475,-13195,-30450,0,-47600,47600,0,0,0,0,0,0,-52780,-52780,0,0,0,0,0,0,0,0,0,0,0,-8700,0,0,0,-2900,-1450,0,0,0,0,580756969225749662,263900,0,0,0,26100,0,0,0,0,510,510
580756871922811925,Order,2025/10/13,2025/10/20,VND,72800,123000,123000,150000,-27000,0,0,0,-50200,-7150,-12915,0,-40000,20000,20000,0,0,0,0,0,-24600,-24600,0,0,0,0,0,0,0,0,0,0,0,-3690,0,0,0,-1230,-615,0,0,0,0,580756871922811925,143000,0,0,0,0,0,0,0,0,210,210
580756640720651767,Order,2025/10/13,2025/10/20,VND,207120,290000,290000,360000,-70000,0,0,0,-82880,-13380,-30450,0,-47600,40000,7600,0,0,0,0,0,0,0,0,-26000,0,0,0,0,0,0,0,0,0,-8700,0,0,0,-2900,-1450,0,0,0,0,580756640720651767,267600,0,0,0,30000,0,0,0,0,510,510
580756609769178984,Order,2025/10/13,2025/10/20,VND,147600,246000,246000,300000,-54000,0,0,0,-98400,-12300,-25830,0,-40000,40000,0,0,0,0,0,0,-49200,-49200,0,0,0,0,0,0,0,0,0,0,0,-7380,0,0,0,-2460,-1230,0,0,0,0,580756609769178984,246000,0,0,0,0,0,0,0,0,410,410
580756473818743889,Order,2025/10/13,2025/10/20,VND,87100,123000,123000,150000,-27000,0,0,0,-35900,-6150,-12915,0,-40000,30000,10000,0,0,0,0,0,0,0,0,-11300,0,0,0,0,0,0,0,0,0,-3690,0,0,0,-1230,-615,0,0,0,0,580756473818743889,123000,0,0,0,10000,0,0,0,0,210,210
580756396246795799,Order,2025/10/13,2025/10/20,VND,85840,123000,123000,150000,-27000,0,0,0,-37160,-6410,-12915,0,-35200,30000,5200,0,0,0,0,0,0,0,0,-12300,0,0,0,0,0,0,0,0,0,-3690,0,0,0,-1230,-615,0,0,0,0,580756396246795799,128200,0,0,0,0,0,0,0,0,210,210
580756347078149658,Order,2025/10/13,2025/10/20,VND,73300,123000,123000,150000,-27000,0,0,0,-49700,-6650,-12915,0,-40000,30000,10000,0,0,0,0,0,-24600,-24600,0,0,0,0,0,0,0,0,0,0,0,-3690,0,0,0,-1230,-615,0,0,0,0,580756347078149658,133000,0,0,0,0,0,0,0,0,210,210
580756288652936949,Order,2025/10/13,2025/10/20,VND,73300,123000,123000,150000,-27000,0,0,0,-49700,-6650,-12915,0,-40000,30000,10000,0,0,0,0,0,-24600,-24600,0,0,0,0,0,0,0,0,0,0,0,-3690,0,0,0,-1230,-615,0,0,0,0,580756288652936949,133000,0,0,0,0,0,0,0,0,210,210
580748173015024993,Order,2025/10/13,2025/10/20,VND,73800,123000,123000,150000,-27000,0,0,0,-49200,-6150,-12915,0,-40000,40000,0,0,0,0,0,0,-24600,-24600,0,0,0,0,0,0,0,0,0,0,0,-3690,0,0,0,-1230,-615,0,0,0,0,580748173015024993,123000,0,0,0,0,0,0,0,0,200,200
580745719591240721,Order,2025/10/12,2025/10/20,VND,50985,85000,85000,110000,-25000,0,0,0,-34015,-4265,-8925,0,-30300,30000,300,0,0,0,0,0,-17000,-17000,0,0,0,0,0,0,0,0,0,0,0,-2550,0,0,0,-850,-425,0,0,0,0,580745719591240721,85300,0,0,0,0,0,0,0,0,110,110
580743770194347067,Order,2025/10/12,2025/10/20,VND,51000,85000,85000,110000,-25000,0,0,0,-34000,-4250,-8925,0,-30300,30300,0,0,0,0,0,0,-17000,-17000,0,0,0,0,0,0,0,0,0,0,0,-2550,0,0,0,-850,-425,0,0,0,0,580743770194347067,85000,0,0,0,0,0,0,0,0,110,110
580743395157443819,Order,2025/10/12,2025/10/20,VND,73300,123000,123000,150000,-27000,0,0,0,-49700,-6650,-12915,0,-40000,30000,10000,0,0,0,0,0,-24600,-24600,0,0,0,0,0,0,0,0,0,0,0,-3690,0,0,0,-1230,-615,0,0,0,0,580743395157443819,133000,0,0,0,0,0,0,0,0,210,210
580741830987450244,Order,2025/10/12,2025/10/20,VND,105000,150000,150000,150000,0,0,0,0,-45000,-7500,-15750,0,-30300,30300,0,0,0,0,0,0,0,0,0,-15000,0,0,0,0,0,0,0,0,0,-4500,0,0,0,-1500,-750,0,0,0,0,580741830987450244,150000,0,0,0,0,0,0,0,0,210,210
580740644173285238,Order,2025/10/12,2025/10/20,VND,76740,110000,110000,110000,0,0,0,0,-33260,-5760,-11550,0,-35200,30000,5200,0,0,0,0,0,0,0,0,-11000,0,0,0,0,0,0,0,0,0,-3300,0,0,0,-1100,-550,0,0,0,0,580740644173285238,115200,0,0,0,0,0,0,0,0,110,110
580738448682157424,Order,2025/10/12,2025/10/20,VND,76285,123000,123000,150000,-27000,0,0,0,-46715,-5665,-12915,0,-30300,30000,300,0,0,0,0,0,-22600,-22600,0,0,0,0,0,0,0,0,0,0,0,-3690,0,0,0,-1230,-615,0,0,0,0,580738448682157424,113300,0,0,0,10000,0,0,0,0,210,210
580738018451490400,Order,2025/10/12,2025/10/20,VND,86100,123000,123000,150000,-27000,0,0,0,-36900,-6150,-12915,0,-40000,40000,0,0,0,0,0,0,0,0,0,-12300,0,0,0,0,0,0,0,0,0,-3690,0,0,0,-1230,-615,0,0,0,0,580738018451490400,123000,0,0,0,0,0,0,0,0,210,210
580737707840799921,Order,2025/10/12,2025/10/20,VND,73785,123000,123000,150000,-27000,0,0,0,-49215,-6165,-12915,0,-30300,30000,300,0,0,0,0,0,-24600,-24600,0,0,0,0,0,0,0,0,0,0,0,-3690,0,0,0,-1230,-615,0,0,0,0,580737707840799921,123300,0,0,0,0,0,0,0,0,210,210
580737289700476698,Order,2025/10/12,2025/10/20,VND,85600,123000,123000,150000,-27000,0,0,0,-37400,-6650,-12915,0,-40000,30000,10000,0,0,0,0,0,0,0,0,-12300,0,0,0,0,0,0,0,0,0,-3690,0,0,0,-1230,-615,0,0,0,0,580737289700476698,133000,0,0,0,0,0,0,0,0,210,210
580736977441817600,Order,2025/10/12,2025/10/20,VND,73800,123000,123000,150000,-27000,0,0,0,-49200,-6150,-12915,0,-30300,30300,0,0,0,0,0,0,-24600,-24600,0,0,0,0,0,0,0,0,0,0,0,-3690,0,0,0,-1230,-615,0,0,0,0,580736977441817600,123000,0,0,0,0,0,0,0,0,210,210
580736163990046076,Order,2025/10/12,2025/10/20,VND,348000,580000,580000,720000,-140000,0,0,0,-232000,-29000,-60900,0,-39400,39400,0,0,0,0,0,0,-116000,-116000,0,0,0,0,0,0,0,0,0,0,0,-17400,0,0,0,-5800,-2900,0,0,0,0,580736163990046076,580000,0,0,0,0,0,0,0,0,1030,1030
580733032702969267,Order,2025/10/11,2025/10/20,VND,73300,123000,123000,150000,-27000,0,0,0,-49700,-6650,-12915,0,-40000,30000,10000,0,0,0,0,0,-24600,-24600,0,0,0,0,0,0,0,0,0,0,0,-3690,0,0,0,-1230,-615,0,0,0,0,580733032702969267,133000,0,0,0,0,0,0,0,0,210,210
580731998779180073,Order,2025/10/11,2025/10/20,VND,368300,580000,580000,720000,-140000,0,0,0,-211700,-24940,-60900,0,-39400,39400,0,0,0,0,0,0,-99760,-99760,0,0,0,0,0,0,0,0,0,0,0,-17400,0,0,0,-5800,-2900,0,0,0,0,580731998779180073,498800,0,0,0,81200,0,0,0,0,1030,1030
580730865572546368,Order,2025/10/11,2025/10/20,VND,924375,1450000,1450000,1800000,-350000,0,0,0,-525625,-61625,-152250,0,-68500,68500,0,0,0,0,0,0,-246500,-246500,0,0,0,0,0,0,0,0,0,0,0,-43500,0,0,0,-14500,-7250,0,0,0,0,580730865572546368,1232500,0,0,0,217500,0,0,0,0,2530,2530
580730760025769924,Order,2025/10/11,2025/10/20,VND,179075,290000,290000,360000,-70000,0,0,0,-110925,-13485,-30450,0,-47600,47600,0,0,0,0,0,0,-53940,-53940,0,0,0,0,0,0,0,0,0,0,0,-8700,0,0,0,-2900,-1450,0,0,0,0,580730760025769924,269700,0,0,0,20300,0,0,0,0,510,510
580730582145795150,Order,2025/10/11,2025/10/20,VND,86100,123000,123000,150000,-27000,0,0,0,-36900,-6150,-12915,0,-26200,26200,0,0,0,0,0,0,0,0,0,-12300,0,0,0,0,0,0,0,0,0,-3690,0,0,0,-1230,-615,0,0,0,0,580730582145795150,123000,0,0,0,0,0,0,0,0,210,210
580730572353013125,Order,2025/10/11,2025/10/20,VND,86100,123000,123000,150000,-27000,0,0,0,-36900,-6150,-12915,0,-40000,40000,0,0,0,0,0,0,0,0,0,-12300,0,0,0,0,0,0,0,0,0,-3690,0,0,0,-1230,-615,0,0,0,0,580730572353013125,123000,0,0,0,0,0,0,0,0,210,210
580730474625139954,Order,2025/10/11,2025/10/20,VND,73785,123000,123000,150000,-27000,0,0,0,-49215,-6165,-12915,0,-30300,30000,300,0,0,0,0,0,-24600,-24600,0,0,0,0,0,0,0,0,0,0,0,-3690,0,0,0,-1230,-615,0,0,0,0,580730474625139954,123300,0,0,0,0,0,0,0,0,210,210
580730420215711417,Order,2025/10/11,2025/10/20,VND,59485,85000,85000,110000,-25000,0,0,0,-25515,-4265,-8925,0,-30300,30000,300,0,0,0,0,0,0,0,0,-8500,0,0,0,0,0,0,0,0,0,-2550,0,0,0,-850,-425,0,0,0,0,580730420215711417,85300,0,0,0,0,0,0,0,0,110,110
580730133083358699,Order,2025/10/11,2025/10/20,VND,58200,85000,85000,110000,-25000,0,0,0,-26800,-5550,-8925,0,-40000,14000,26000,0,0,0,0,0,0,0,0,-8500,0,0,0,0,0,0,0,0,0,-2550,0,0,0,-850,-425,0,0,0,0,580730133083358699,111000,0,0,0,0,0,0,0,0,110,110
580730097007298364,Order,2025/10/11,2025/10/20,VND,86100,123000,123000,150000,-27000,0,0,0,-36900,-6150,-12915,0,-26200,26200,0,0,0,0,0,0,0,0,0,-12300,0,0,0,0,0,0,0,0,0,-3690,0,0,0,-1230,-615,0,0,0,0,580730097007298364,123000,0,0,0,0,0,0,0,0,210,210
580675569347888222,Order,2025/10/07,2025/10/20,VND,-35100,0,0,0,0,0,0,0,-35100,0,0,-35100,-35100,0,0,0,0,0,0,0,0,0,0,0,0,0,0,0,0,0,0,0,0,0,0,0,0,0,0,0,0,0,0,580675569347888222,0,0,0,0,0,0,0,0,0,510,510
580776619664573966,Order,2025/10/15,2025/10/19,VND,90000,150000,150000,150000,0,0,0,0,-60000,-7500,-15750,0,-30300,30300,0,0,0,0,0,0,-30000,-30000,0,0,0,0,0,0,0,0,0,0,0,-4500,0,0,0,-1500,-750,0,0,0,0,580776619664573966,150000,0,0,0,0,0,0,0,0,210,210
580773891373368590,Order,2025/10/15,2025/10/19,VND,65985,110000,110000,110000,0,0,0,0,-44015,-5515,-11550,0,-30300,30000,300,0,0,0,0,0,-22000,-22000,0,0,0,0,0,0,0,0,0,0,0,-3300,0,0,0,-1100,-550,0,0,0,0,580773891373368590,110300,0,0,0,0,0,0,0,0,110,110
580770080462833625,Order,2025/10/14,2025/10/19,VND,86085,123000,123000,150000,-27000,0,0,0,-36915,-6165,-12915,0,-30300,30000,300,0,0,0,0,0,0,0,0,-12300,0,0,0,0,0,0,0,0,0,-3690,0,0,0,-1230,-615,0,0,0,0,580770080462833625,123300,0,0,0,0,0,0,0,0,210,210
580770017792591345,Order,2025/10/14,2025/10/19,VND,73800,123000,123000,150000,-27000,0,0,0,-49200,-6150,-12915,0,-30300,30300,0,0,0,0,0,0,-24600,-24600,0,0,0,0,0,0,0,0,0,0,0,-3690,0,0,0,-1230,-615,0,0,0,0,580770017792591345,123000,0,0,0,0,0,0,0,0,210,210
580765888104597261,Order,2025/10/14,2025/10/19,VND,73785,123000,123000,150000,-27000,0,0,0,-49215,-6165,-12915,0,-30300,30000,300,0,0,0,0,0,-24600,-24600,0,0,0,0,0,0,0,0,0,0,0,-3690,0,0,0,-1230,-615,0,0,0,0,580765888104597261,123300,0,0,0,0,0,0,0,0,210,210
580763032302159462,Order,2025/10/14,2025/10/19,VND,73800,123000,123000,150000,-27000,0,0,0,-49200,-6150,-12915,0,-40000,40000,0,0,0,0,0,0,-24600,-24600,0,0,0,0,0,0,0,0,0,0,0,-3690,0,0,0,-1230,-615,0,0,0,0,580763032302159462,123000,0,0,0,0,0,0,0,0,210,210
580760995436856508,Order,2025/10/14,2025/10/19,VND,348000,580000,580000,720000,-140000,0,0,0,-232000,-29000,-60900,0,-39400,39400,0,0,0,0,0,0,-116000,-116000,0,0,0,0,0,0,0,0,0,0,0,-17400,0,0,0,-5800,-2900,0,0,0,0,580760995436856508,580000,0,0,0,0,0,0,0,0,1030,1030
580757104518137848,Order,2025/10/13,2025/10/19,VND,205535,290000,290000,360000,-70000,0,0,0,-84465,-14575,-30450,0,-47600,20000,27600,0,0,0,0,0,0,0,0,-26390,0,0,0,0,0,0,0,0,0,-8700,0,0,0,-2900,-1450,0,0,0,0,580757104518137848,291500,0,0,0,26100,0,0,0,0,510,510
580756575404655751,Order,2025/10/13,2025/10/19,VND,73800,123000,123000,150000,-27000,0,0,0,-49200,-6150,-12915,0,-40000,40000,0,0,0,0,0,0,-24600,-24600,0,0,0,0,0,0,0,0,0,0,0,-3690,0,0,0,-1230,-615,0,0,0,0,580756575404655751,123000,0,0,0,0,0,0,0,0,210,210
580756406328854192,Order,2025/10/13,2025/10/19,VND,73300,123000,123000,150000,-27000,0,0,0,-49700,-6650,-12915,0,-40000,30000,10000,0,0,0,0,0,-24600,-24600,0,0,0,0,0,0,0,0,0,0,0,-3690,0,0,0,-1230,-615,0,0,0,0,580756406328854192,133000,0,0,0,0,0,0,0,0,210,210
580756417344276070,Order,2025/10/13,2025/10/19,VND,73785,123000,123000,150000,-27000,0,0,0,-49215,-6165,-12915,0,-30300,30000,300,0,0,0,0,0,-24600,-24600,0,0,0,0,0,0,0,0,0,0,0,-3690,0,0,0,-1230,-615,0,0,0,0,580756417344276070,123300,0,0,0,0,0,0,0,0,200,200
580753498265060994,Order,2025/10/13,2025/10/19,VND,-40000,0,0,0,0,0,0,0,-40000,0,0,-40000,-40000,0,0,0,0,0,0,0,0,0,0,0,0,0,0,0,0,0,0,0,0,0,0,0,0,0,0,0,0,0,0,580753498265060994,0,0,0,0,0,0,0,0,0,500,500
580753513200125142,Order,2025/10/13,2025/10/19,VND,-40000,0,0,0,0,0,0,0,-40000,0,0,-40000,-40000,0,0,0,0,0,0,0,0,0,0,0,0,0,0,0,0,0,0,0,0,0,0,0,0,0,0,0,0,0,0,580753513200125142,0,0,0,0,0,0,0,0,0,500,500
580752376936040332,Order,2025/10/13,2025/10/19,VND,173120,290000,290000,360000,-70000,0,0,0,-116880,-15380,-30450,0,-47600,30000,17600,0,0,0,0,0,-58000,-58000,0,0,0,0,0,0,0,0,0,0,0,-8700,0,0,0,-2900,-1450,0,0,0,0,580752376936040332,307600,0,0,0,0,0,0,0,0,510,510
580749152404473290,Order,2025/10/13,2025/10/19,VND,73800,123000,123000,150000,-27000,0,0,0,-49200,-6150,-12915,0,-40000,40000,0,0,0,0,0,0,-24600,-24600,0,0,0,0,0,0,0,0,0,0,0,-3690,0,0,0,-1230,-615,0,0,0,0,580749152404473290,123000,0,0,0,0,0,0,0,0,210,210
580748069843469619,Order,2025/10/13,2025/10/19,VND,59000,85000,85000,110000,-25000,0,0,0,-26000,-4750,-8925,0,-40000,30000,10000,0,0,0,0,0,0,0,0,-8500,0,0,0,0,0,0,0,0,0,-2550,0,0,0,-850,-425,0,0,0,0,580748069843469619,95000,0,0,0,0,0,0,0,0,110,110
580745371799226011,Order,2025/10/12,2025/10/19,VND,73300,123000,123000,150000,-27000,0,0,0,-49700,-6650,-12915,0,-40000,30000,10000,0,0,0,0,0,-24600,-24600,0,0,0,0,0,0,0,0,0,0,0,-3690,0,0,0,-1230,-615,0,0,0,0,580745371799226011,133000,0,0,0,0,0,0,0,0,210,210
580744623412315246,Order,2025/10/12,2025/10/19,VND,59000,85000,85000,110000,-25000,0,0,0,-26000,-4750,-8925,0,-40000,30000,10000,0,0,0,0,0,0,0,0,-8500,0,0,0,0,0,0,0,0,0,-2550,0,0,0,-850,-425,0,0,0,0,580744623412315246,95000,0,0,0,0,0,0,0,0,110,110
580744163633563415,Order,2025/10/12,2025/10/19,VND,50250,85000,85000,110000,-25000,0,0,0,-34750,-5000,-8925,0,-40000,25000,15000,0,0,0,0,0,-17000,-17000,0,0,0,0,0,0,0,0,0,0,0,-2550,0,0,0,-850,-425,0,0,0,0,580744163633563415,100000,0,0,0,0,0,0,0,0,110,110
580744052695729998,Order,2025/10/12,2025/10/19,VND,177625,290000,290000,360000,-70000,0,0,0,-112375,-13775,-30450,0,-47600,47600,0,0,0,0,0,0,-55100,-55100,0,0,0,0,0,0,0,0,0,0,0,-8700,0,0,0,-2900,-1450,0,0,0,0,580744052695729998,275500,0,0,0,14500,0,0,0,0,510,510
580743826775508689,Order,2025/10/12,2025/10/19,VND,181250,290000,290000,360000,-70000,0,0,0,-108750,-13050,-30450,0,-41400,41400,0,0,0,0,0,0,-52200,-52200,0,0,0,0,0,0,0,0,0,0,0,-8700,0,0,0,-2900,-1450,0,0,0,0,580743826775508689,261000,0,0,0,29000,0,0,0,0,510,510
580743767204333448,Order,2025/10/12,2025/10/19,VND,178350,290000,290000,360000,-70000,0,0,0,-111650,-13630,-30450,0,-47600,47600,0,0,0,0,0,0,-54520,-54520,0,0,0,0,0,0,0,0,0,0,0,-8700,0,0,0,-2900,-1450,0,0,0,0,580743767204333448,272600,0,0,0,17400,0,0,0,0,510,510
580743710415292001,Order,2025/10/12,2025/10/19,VND,50985,85000,85000,110000,-25000,0,0,0,-34015,-4265,-8925,0,-30300,30000,300,0,0,0,0,0,-17000,-17000,0,0,0,0,0,0,0,0,0,0,0,-2550,0,0,0,-850,-425,0,0,0,0,580743710415292001,85300,0,0,0,0,0,0,0,0,110,110
580743649816315219,Order,2025/10/12,2025/10/19,VND,50500,85000,85000,110000,-25000,0,0,0,-34500,-4750,-8925,0,-40000,30000,10000,0,0,0,0,0,-17000,-17000,0,0,0,0,0,0,0,0,0,0,0,-2550,0,0,0,-850,-425,0,0,0,0,580743649816315219,95000,0,0,0,0,0,0,0,0,110,110
580743548228502606,Order,2025/10/12,2025/10/19,VND,73540,123000,123000,150000,-27000,0,0,0,-49460,-6410,-12915,0,-35200,30000,5200,0,0,0,0,0,-24600,-24600,0,0,0,0,0,0,0,0,0,0,0,-3690,0,0,0,-1230,-615,0,0,0,0,580743548228502606,128200,0,0,0,0,0,0,0,0,210,210
580743521645004408,Order,2025/10/12,2025/10/19,VND,72800,123000,123000,150000,-27000,0,0,0,-50200,-7150,-12915,0,-40000,20000,20000,0,0,0,0,0,-24600,-24600,0,0,0,0,0,0,0,0,0,0,0,-3690,0,0,0,-1230,-615,0,0,0,0,580743521645004408,143000,0,0,0,0,0,0,0,0,210,210
580743400574191557,Order,2025/10/12,2025/10/19,VND,73800,123000,123000,150000,-27000,0,0,0,-49200,-6150,-12915,0,-40000,40000,0,0,0,0,0,0,-24600,-24600,0,0,0,0,0,0,0,0,0,0,0,-3690,0,0,0,-1230,-615,0,0,0,0,580743400574191557,123000,0,0,0,0,0,0,0,0,210,210
580743422809638256,Order,2025/10/12,2025/10/19,VND,179645,290000,290000,360000,-70000,0,0,0,-110355,-14075,-30450,0,-47600,30000,17600,0,0,0,0,0,-52780,-52780,0,0,0,0,0,0,0,0,0,0,0,-8700,0,0,0,-2900,-1450,0,0,0,0,580743422809638256,281500,0,0,0,26100,0,0,0,0,510,510
580743237607917305,Order,2025/10/12,2025/10/19,VND,174000,290000,290000,360000,-70000,0,0,0,-116000,-14500,-30450,0,-41400,41400,0,0,0,0,0,0,-58000,-58000,0,0,0,0,0,0,0,0,0,0,0,-8700,0,0,0,-2900,-1450,0,0,0,0,580743237607917305,290000,0,0,0,0,0,0,0,0,510,510
580742893032539940,Order,2025/10/12,2025/10/19,VND,105000,150000,150000,150000,0,0,0,0,-45000,-7500,-15750,0,-40000,40000,0,0,0,0,0,0,0,0,0,-15000,0,0,0,0,0,0,0,0,0,-4500,0,0,0,-1500,-750,0,0,0,0,580742893032539940,150000,0,0,0,0,0,0,0,0,210,210
580742916902388800,Order,2025/10/12,2025/10/19,VND,104185,150000,150000,150000,0,0,0,0,-45815,-8315,-15750,0,-30300,14000,16300,0,0,0,0,0,0,0,0,-15000,0,0,0,0,0,0,0,0,0,-4500,0,0,0,-1500,-750,0,0,0,0,580742916902388800,166300,0,0,0,0,0,0,0,0,210,210
580742853232592496,Order,2025/10/12,2025/10/19,VND,107200,150000,150000,150000,0,0,0,0,-42800,-7100,-15750,0,-40000,30000,10000,0,0,0,0,0,0,0,0,-13200,0,0,0,0,0,0,0,0,0,-4500,0,0,0,-1500,-750,0,0,0,0,580742853232592496,142000,0,0,0,18000,0,0,0,0,210,210
580742346136061289,Order,2025/10/12,2025/10/19,VND,76500,110000,110000,110000,0,0,0,0,-33500,-6000,-11550,0,-40000,30000,10000,0,0,0,0,0,0,0,0,-11000,0,0,0,0,0,0,0,0,0,-3300,0,0,0,-1100,-550,0,0,0,0,580742346136061289,120000,0,0,0,0,0,0,0,0,110,110
580742326500099736,Order,2025/10/12,2025/10/19,VND,76500,110000,110000,110000,0,0,0,0,-33500,-6000,-11550,0,-40000,30000,10000,0,0,0,0,0,0,0,0,-11000,0,0,0,0,0,0,0,0,0,-3300,0,0,0,-1100,-550,0,0,0,0,580742326500099736,120000,0,0,0,0,0,0,0,0,110,110
580742201484084228,Order,2025/10/12,2025/10/19,VND,216000,360000,360000,360000,0,0,0,0,-144000,-18000,-37800,0,-47600,47600,0,0,0,0,0,0,-72000,-72000,0,0,0,0,0,0,0,0,0,0,0,-10800,0,0,0,-3600,-1800,0,0,0,0,580742201484084228,360000,0,0,0,0,0,0,0,0,510,510
580741976982980134,Order,2025/10/12,2025/10/19,VND,90000,150000,150000,150000,0,0,0,0,-60000,-7500,-15750,0,-40000,40000,0,0,0,0,0,0,-30000,-30000,0,0,0,0,0,0,0,0,0,0,0,-4500,0,0,0,-1500,-750,0,0,0,0,580741976982980134,150000,0,0,0,0,0,0,0,0,210,210
580742008352638203,Order,2025/10/12,2025/10/19,VND,78000,110000,110000,110000,0,0,0,0,-32000,-5500,-11550,0,-40000,30000,10000,0,0,0,0,0,0,0,0,-10000,0,0,0,0,0,0,0,0,0,-3300,0,0,0,-1100,-550,0,0,0,0,580742008352638203,110000,0,0,0,10000,0,0,0,0,110,110
580741790269081541,Order,2025/10/12,2025/10/19,VND,78650,110000,110000,110000,0,0,0,0,-31350,-4950,-11550,0,-35200,35200,0,0,0,0,0,0,0,0,0,-9900,0,0,0,0,0,0,0,0,0,-3300,0,0,0,-1100,-550,0,0,0,0,580741790269081541,99000,0,0,0,11000,0,0,0,0,110,110
580741752544659082,Order,2025/10/12,2025/10/19,VND,76500,110000,110000,110000,0,0,0,0,-33500,-6000,-11550,0,-40000,30000,10000,0,0,0,0,0,0,0,0,-11000,0,0,0,0,0,0,0,0,0,-3300,0,0,0,-1100,-550,0,0,0,0,580741752544659082,120000,0,0,0,0,0,0,0,0,110,110
580741667496035401,Order,2025/10/12,2025/10/19,VND,89500,150000,150000,150000,0,0,0,0,-60500,-8000,-15750,0,-40000,30000,10000,0,0,0,0,0,-30000,-30000,0,0,0,0,0,0,0,0,0,0,0,-4500,0,0,0,-1500,-750,0,0,0,0,580741667496035401,160000,0,0,0,0,0,0,0,0,210,210
580741352512849369,Order,2025/10/12,2025/10/19,VND,76985,110000,110000,110000,0,0,0,0,-33015,-5515,-11550,0,-30300,30000,300,0,0,0,0,0,0,0,0,-11000,0,0,0,0,0,0,0,0,0,-3300,0,0,0,-1100,-550,0,0,0,0,580741352512849369,110300,0,0,0,0,0,0,0,0,110,110
580740914085790899,Order,2025/10/12,2025/10/19,VND,154000,220000,220000,220000,0,0,0,0,-66000,-11000,-23100,0,-30300,30300,0,0,0,0,0,0,0,0,0,-22000,0,0,0,0,0,0,0,0,0,-6600,0,0,0,-2200,-1100,0,0,0,0,580740914085790899,220000,0,0,0,0,0,0,0,0,210,210
580739532666210053,Order,2025/10/12,2025/10/19,VND,406000,580000,580000,720000,-140000,0,0,0,-174000,-29000,-60900,0,-55400,55400,0,0,0,0,0,0,0,0,0,-58000,0,0,0,0,0,0,0,0,0,-17400,0,0,0,-5800,-2900,0,0,0,0,580739532666210053,580000,0,0,0,0,0,0,0,0,1030,1030
580739019968841626,Order,2025/10/12,2025/10/19,VND,119000,170000,170000,220000,-50000,0,0,0,-51000,-8500,-17850,0,-35200,35200,0,0,0,0,0,0,0,0,0,-17000,0,0,0,0,0,0,0,0,0,-5100,0,0,0,-1700,-850,0,0,0,0,580739019968841626,170000,0,0,0,0,0,0,0,0,210,210
580738905642992710,Order,2025/10/12,2025/10/19,VND,309960,492000,492000,600000,-108000,0,0,0,-182040,-21648,-51660,0,-41400,41400,0,0,0,0,0,0,-86592,-86592,0,0,0,0,0,0,0,0,0,0,0,-14760,0,0,0,-4920,-2460,0,0,0,0,580738905642992710,432960,0,0,0,59040,0,0,0,0,810,810
580738581249492422,Order,2025/10/12,2025/10/19,VND,50500,85000,85000,110000,-25000,0,0,0,-34500,-4750,-8925,0,-40000,30000,10000,0,0,0,0,0,-17000,-17000,0,0,0,0,0,0,0,0,0,0,0,-2550,0,0,0,-850,-425,0,0,0,0,580738581249492422,95000,0,0,0,0,0,0,0,0,110,110
580738576724428662,Order,2025/10/12,2025/10/19,VND,73300,123000,123000,150000,-27000,0,0,0,-49700,-6650,-12915,0,-40000,30000,10000,0,0,0,0,0,-24600,-24600,0,0,0,0,0,0,0,0,0,0,0,-3690,0,0,0,-1230,-615,0,0,0,0,580738576724428662,133000,0,0,0,0,0,0,0,0,210,210
580738276804494865,Order,2025/10/12,2025/10/19,VND,348000,580000,580000,720000,-140000,0,0,0,-232000,-29000,-60900,0,-39400,39400,0,0,0,0,0,0,-116000,-116000,0,0,0,0,0,0,0,0,0,0,0,-17400,0,0,0,-5800,-2900,0,0,0,0,580738276804494865,580000,0,0,0,0,0,0,0,0,1030,1030
580737617531012114,Order,2025/10/12,2025/10/19,VND,49700,85000,85000,110000,-25000,0,0,0,-35300,-5550,-8925,0,-40000,14000,26000,0,0,0,0,0,-17000,-17000,0,0,0,0,0,0,0,0,0,0,0,-2550,0,0,0,-850,-425,0,0,0,0,580737617531012114,111000,0,0,0,0,0,0,0,0,110,110
580737230215939460,Order,2025/10/12,2025/10/19,VND,406000,580000,580000,720000,-140000,0,0,0,-174000,-29000,-60900,0,-55400,55400,0,0,0,0,0,0,0,0,0,-58000,0,0,0,0,0,0,0,0,0,-17400,0,0,0,-5800,-2900,0,0,0,0,580737230215939460,580000,0,0,0,0,0,0,0,0,1030,1030
580737156481517553,Order,2025/10/12,2025/10/19,VND,86100,123000,123000,150000,-27000,0,0,0,-36900,-6150,-12915,0,-35200,35200,0,0,0,0,0,0,0,0,0,-12300,0,0,0,0,0,0,0,0,0,-3690,0,0,0,-1230,-615,0,0,0,0,580737156481517553,123000,0,0,0,0,0,0,0,0,210,210
580736842220864824,Order,2025/10/12,2025/10/19,VND,50985,85000,85000,110000,-25000,0,0,0,-34015,-4265,-8925,0,-30300,30000,300,0,0,0,0,0,-17000,-17000,0,0,0,0,0,0,0,0,0,0,0,-2550,0,0,0,-850,-425,0,0,0,0,580736842220864824,85300,0,0,0,0,0,0,0,0,110,110
580736841900524702,Order,2025/10/12,2025/10/19,VND,59500,85000,85000,110000,-25000,0,0,0,-25500,-4250,-8925,0,-26200,26200,0,0,0,0,0,0,0,0,0,-8500,0,0,0,0,0,0,0,0,0,-2550,0,0,0,-850,-425,0,0,0,0,580736841900524702,85000,0,0,0,0,0,0,0,0,110,110
580736546778154624,Order,2025/10/12,2025/10/19,VND,72985,123000,123000,150000,-27000,0,0,0,-50015,-6965,-12915,0,-30300,14000,16300,0,0,0,0,0,-24600,-24600,0,0,0,0,0,0,0,0,0,0,0,-3690,0,0,0,-1230,-615,0,0,0,0,580736546778154624,139300,0,0,0,0,0,0,0,0,210,210
580733568079202271,Order,2025/10/11,2025/10/19,VND,73800,123000,123000,150000,-27000,0,0,0,-49200,-6150,-12915,0,-40000,40000,0,0,0,0,0,0,-24600,-24600,0,0,0,0,0,0,0,0,0,0,0,-3690,0,0,0,-1230,-615,0,0,0,0,580733568079202271,123000,0,0,0,0,0,0,0,0,210,210
580732667845379232,Order,2025/10/11,2025/10/19,VND,182700,290000,290000,360000,-70000,0,0,0,-107300,-12760,-30450,0,-47600,47600,0,0,0,0,0,0,-51040,-51040,0,0,0,0,0,0,0,0,0,0,0,-8700,0,0,0,-2900,-1450,0,0,0,0,580732667845379232,255200,0,0,0,34800,0,0,0,0,510,510
580732437758576454,Order,2025/10/11,2025/10/19,VND,75800,123000,123000,150000,-27000,0,0,0,-47200,-6150,-12915,0,-40000,30000,10000,0,0,0,0,0,-22600,-22600,0,0,0,0,0,0,0,0,0,0,0,-3690,0,0,0,-1230,-615,0,0,0,0,580732437758576454,123000,0,0,0,10000,0,0,0,0,210,210
580732283943683448,Order,2025/10/11,2025/10/19,VND,58440,85000,85000,110000,-25000,0,0,0,-26560,-5310,-8925,0,-35200,14000,21200,0,0,0,0,0,0,0,0,-8500,0,0,0,0,0,0,0,0,0,-2550,0,0,0,-850,-425,0,0,0,0,580732283943683448,106200,0,0,0,0,0,0,0,0,110,110
580732154100745371,Order,2025/10/11,2025/10/19,VND,73300,123000,123000,150000,-27000,0,0,0,-49700,-6650,-12915,0,-40000,30000,10000,0,0,0,0,0,-24600,-24600,0,0,0,0,0,0,0,0,0,0,0,-3690,0,0,0,-1230,-615,0,0,0,0,580732154100745371,133000,0,0,0,0,0,0,0,0,210,210
580732038945211652,Order,2025/10/11,2025/10/19,VND,86100,123000,123000,150000,-27000,0,0,0,-36900,-6150,-12915,0,-40000,40000,0,0,0,0,0,0,0,0,0,-12300,0,0,0,0,0,0,0,0,0,-3690,0,0,0,-1230,-615,0,0,0,0,580732038945211652,123000,0,0,0,0,0,0,0,0,210,210
580731540882359491,Order,2025/10/11,2025/10/19,VND,73540,123000,123000,150000,-27000,0,0,0,-49460,-6410,-12915,0,-35200,30000,5200,0,0,0,0,0,-24600,-24600,0,0,0,0,0,0,0,0,0,0,0,-3690,0,0,0,-1230,-615,0,0,0,0,580731540882359491,128200,0,0,0,0,0,0,0,0,210,210
580731151146124671,Order,2025/10/11,2025/10/19,VND,50500,85000,85000,110000,-25000,0,0,0,-34500,-4750,-8925,0,-40000,30000,10000,0,0,0,0,0,-17000,-17000,0,0,0,0,0,0,0,0,0,0,0,-2550,0,0,0,-850,-425,0,0,0,0,580731151146124671,95000,0,0,0,0,0,0,0,0,100,100
580731006243145448,Order,2025/10/11,2025/10/19,VND,84800,123000,123000,150000,-27000,0,0,0,-38200,-7450,-12915,0,-40000,14000,26000,0,0,0,0,0,0,0,0,-12300,0,0,0,0,0,0,0,0,0,-3690,0,0,0,-1230,-615,0,0,0,0,580731006243145448,149000,0,0,0,0,0,0,0,0,210,210
580731010746123808,Order,2025/10/11,2025/10/19,VND,73300,123000,123000,150000,-27000,0,0,0,-49700,-6650,-12915,0,-40000,30000,10000,0,0,0,0,0,-24600,-24600,0,0,0,0,0,0,0,0,0,0,0,-3690,0,0,0,-1230,-615,0,0,0,0,580731010746123808,133000,0,0,0,0,0,0,0,0,210,210
580730688340330351,Order,2025/10/11,2025/10/19,VND,86100,123000,123000,150000,-27000,0,0,0,-36900,-6150,-12915,0,-40000,40000,0,0,0,0,0,0,0,0,0,-12300,0,0,0,0,0,0,0,0,0,-3690,0,0,0,-1230,-615,0,0,0,0,580730688340330351,123000,0,0,0,0,0,0,0,0,210,210
580730652850751194,Order,2025/10/11,2025/10/19,VND,208220,290000,290000,360000,-70000,0,0,0,-81780,-12760,-30450,0,-47600,47600,0,0,0,0,0,0,0,0,0,-25520,0,0,0,0,0,0,0,0,0,-8700,0,0,0,-2900,-1450,0,0,0,0,580730652850751194,255200,0,0,0,34800,0,0,0,0,510,510
580730618864109553,Order,2025/10/11,2025/10/19,VND,58200,85000,85000,110000,-25000,0,0,0,-26800,-5550,-8925,0,-40000,14000,26000,0,0,0,0,0,0,0,0,-8500,0,0,0,0,0,0,0,0,0,-2550,0,0,0,-850,-425,0,0,0,0,580730618864109553,111000,0,0,0,0,0,0,0,0,110,110
580730612380042705,Order,2025/10/11,2025/10/19,VND,90600,123000,123000,150000,-27000,0,0,0,-32400,-4650,-12915,0,-40000,40000,0,0,0,0,0,0,0,0,0,-9300,0,0,0,0,0,0,0,0,0,-3690,0,0,0,-1230,-615,0,0,0,0,580730612380042705,93000,0,0,0,30000,0,0,0,0,210,210
580730633894266503,Order,2025/10/11,2025/10/19,VND,57985,85000,85000,110000,-25000,0,0,0,-27015,-5765,-8925,0,-30300,0,30300,0,0,0,0,0,0,0,0,-8500,0,0,0,0,0,0,0,0,0,-2550,0,0,0,-850,-425,0,0,0,0,580730633894266503,115300,0,0,0,0,0,0,0,0,110,110
580730597856871784,Order,2025/10/11,2025/10/19,VND,86100,123000,123000,150000,-27000,0,0,0,-36900,-6150,-12915,0,-35200,35200,0,0,0,0,0,0,0,0,0,-12300,0,0,0,0,0,0,0,0,0,-3690,0,0,0,-1230,-615,0,0,0,0,580730597856871784,123000,0,0,0,0,0,0,0,0,210,210
580730598070912305,Order,2025/10/11,2025/10/19,VND,73540,123000,123000,150000,-27000,0,0,0,-49460,-6410,-12915,0,-35200,30000,5200,0,0,0,0,0,-24600,-24600,0,0,0,0,0,0,0,0,0,0,0,-3690,0,0,0,-1230,-615,0,0,0,0,580730598070912305,128200,0,0,0,0,0,0,0,0,210,210
580730540541249375,Order,2025/10/11,2025/10/19,VND,174000,290000,290000,360000,-70000,0,0,0,-116000,-14500,-30450,0,-47600,47600,0,0,0,0,0,0,-58000,-58000,0,0,0,0,0,0,0,0,0,0,0,-8700,0,0,0,-2900,-1450,0,0,0,0,580730540541249375,290000,0,0,0,0,0,0,0,0,510,510
580730440185645038,Order,2025/10/11,2025/10/19,VND,51000,85000,85000,110000,-25000,0,0,0,-34000,-4250,-8925,0,-40000,40000,0,0,0,0,0,0,-17000,-17000,0,0,0,0,0,0,0,0,0,0,0,-2550,0,0,0,-850,-425,0,0,0,0,580730440185645038,85000,0,0,0,0,0,0,0,0,110,110
580730399792071696,Order,2025/10/11,2025/10/19,VND,174000,290000,290000,360000,-70000,0,0,0,-116000,-14500,-30450,0,-47600,47600,0,0,0,0,0,0,-58000,-58000,0,0,0,0,0,0,0,0,0,0,0,-8700,0,0,0,-2900,-1450,0,0,0,0,580730399792071696,290000,0,0,0,0,0,0,0,0,510,510
580729878307768301,Order,2025/10/11,2025/10/19,VND,85585,123000,123000,150000,-27000,0,0,0,-37415,-6665,-12915,0,-30300,20000,10300,0,0,0,0,0,0,0,0,-12300,0,0,0,0,0,0,0,0,0,-3690,0,0,0,-1230,-615,0,0,0,0,580729878307768301,133300,0,0,0,0,0,0,0,0,210,210
580728280004396469,Order,2025/10/11,2025/10/19,VND,50500,85000,85000,110000,-25000,0,0,0,-34500,-4750,-8925,0,-40000,30000,10000,0,0,0,0,0,-17000,-17000,0,0,0,0,0,0,0,0,0,0,0,-2550,0,0,0,-850,-425,0,0,0,0,580728280004396469,95000,0,0,0,0,0,0,0,0,110,110
580727976330626791,Order,2025/10/11,2025/10/19,VND,174000,290000,290000,360000,-70000,0,0,0,-116000,-14500,-30450,0,-47600,47600,0,0,0,0,0,0,-58000,-58000,0,0,0,0,0,0,0,0,0,0,0,-8700,0,0,0,-2900,-1450,0,0,0,0,580727976330626791,290000,0,0,0,0,0,0,0,0,510,510
580693951561040905,Order,2025/10/09,2025/10/19,VND,84850,123000,123000,150000,-27000,0,0,0,-38150,-7400,-12915,0,-40000,15000,25000,0,0,0,0,0,0,0,0,-12300,0,0,0,0,0,0,0,0,0,-3690,0,0,0,-1230,-615,0,0,0,0,580693951561040905,148000,0,0,0,0,0,0,0,0,210,210
580693375019681258,Order,2025/10/09,2025/10/19,VND,86085,123000,123000,150000,-27000,0,0,0,-36915,-6165,-12915,0,-30300,30000,300,0,0,0,0,0,0,0,0,-12300,0,0,0,0,0,0,0,0,0,-3690,0,0,0,-1230,-615,0,0,0,0,580693375019681258,123300,0,0,0,0,0,0,0,0,210,210
580660317710353903,Order,2025/10/06,2025/10/19,VND,1013575,1450000,1450000,1800000,-350000,0,0,0,-436425,-73925,-152250,0,-68500,40000,28500,0,0,0,0,0,0,0,0,-145000,0,0,0,0,0,0,0,0,0,-43500,0,0,0,-14500,-7250,0,0,0,0,580660317710353903,1478500,0,0,0,0,0,0,0,0,2530,2530
580649803154753058,Order,2025/10/05,2025/10/19,VND,-40000,0,0,0,0,0,0,0,-40000,0,0,-40000,-40000,0,0,0,0,0,0,0,0,0,0,0,0,0,0,0,0,0,0,0,0,0,0,0,0,0,0,0,0,0,0,580649803154753058,0,0,0,0,0,0,0,0,0,210,210
580637794484520089,Order,2025/10/04,2025/10/19,VND,-40000,0,0,0,0,0,0,0,-40000,0,0,-40000,-40000,0,0,0,0,0,0,0,0,0,0,0,0,0,0,0,0,0,0,0,0,0,0,0,0,0,0,0,0,0,0,580637794484520089,0,0,0,0,0,0,0,0,0,210,210
580626344275314014,Order,2025/10/03,2025/10/19,VND,-35100,0,0,0,0,0,0,0,-35100,0,0,-35100,-35100,0,0,0,0,0,0,0,0,0,0,0,0,0,0,0,0,0,0,0,0,0,0,0,0,0,0,0,0,0,0,580626344275314014,0,0,0,0,0,0,0,0,0,510,510
580762839659349215,Order,2025/10/14,2025/10/18,VND,-30300,0,0,0,0,0,0,0,-30300,0,0,-30300,-30300,0,0,0,0,0,0,0,0,0,0,0,0,0,0,0,0,0,0,0,0,0,0,0,0,0,0,0,0,0,0,580762839659349215,0,0,0,0,0,0,0,0,0,500,500
580756559417869427,Order,2025/10/13,2025/10/18,VND,172200,246000,246000,300000,-54000,0,0,0,-73800,-12300,-25830,0,-14000,14000,0,0,0,0,0,0,0,0,0,-24600,0,0,0,0,0,0,0,0,0,-7380,0,0,0,-2460,-1230,0,0,0,0,580756559417869427,246000,0,0,0,0,0,0,0,0,410,410
580756186955482992,Order,2025/10/13,2025/10/18,VND,86100,123000,123000,150000,-27000,0,0,0,-36900,-6150,-12915,0,-19700,19700,0,0,0,0,0,0,0,0,0,-12300,0,0,0,0,0,0,0,0,0,-3690,0,0,0,-1230,-615,0,0,0,0,580756186955482992,123000,0,0,0,0,0,0,0,0,210,210
580750659804497436,Order,2025/10/13,2025/10/18,VND,75666,123000,123000,150000,-27000,0,0,0,-47334,-6817,-12915,0,-40000,14000,26000,0,0,0,0,0,-22067,-22067,0,0,0,0,0,0,0,0,0,0,0,-3690,0,0,0,-1230,-615,0,0,0,0,580750659804497436,136336,0,0,0,12664,0,0,0,0,210,210
580750366008509945,Order,2025/10/13,2025/10/18,VND,174000,290000,290000,360000,-70000,0,0,0,-116000,-14500,-30450,0,-47600,47600,0,0,0,0,0,0,-58000,-58000,0,0,0,0,0,0,0,0,0,0,0,-8700,0,0,0,-2900,-1450,0,0,0,0,580750366008509945,290000,0,0,0,0,0,0,0,0,510,510
580749508180805205,Order,2025/10/13,2025/10/18,VND,73300,123000,123000,150000,-27000,0,0,0,-49700,-6650,-12915,0,-40000,30000,10000,0,0,0,0,0,-24600,-24600,0,0,0,0,0,0,0,0,0,0,0,-3690,0,0,0,-1230,-615,0,0,0,0,580749508180805205,133000,0,0,0,0,0,0,0,0,210,210
580743422660609592,Order,2025/10/12,2025/10/18,VND,206480,290000,290000,360000,-70000,0,0,0,-83520,-13340,-30450,0,-35100,35100,0,0,0,0,0,0,0,0,0,-26680,0,0,0,0,0,0,0,0,0,-8700,0,0,0,-2900,-1450,0,0,0,0,580743422660609592,266800,0,0,0,23200,0,0,0,0,510,510
580743152689907068,Order,2025/10/12,2025/10/18,VND,71800,123000,123000,150000,-27000,0,0,0,-51200,-8150,-12915,0,-40000,0,40000,0,0,0,0,0,-24600,-24600,0,0,0,0,0,0,0,0,0,0,0,-3690,0,0,0,-1230,-615,0,0,0,0,580743152689907068,163000,0,0,0,0,0,0,0,0,210,210
580742375987184879,Order,2025/10/12,2025/10/18,VND,90000,150000,150000,150000,0,0,0,0,-60000,-7500,-15750,0,-19700,19700,0,0,0,0,0,0,-30000,-30000,0,0,0,0,0,0,0,0,0,0,0,-4500,0,0,0,-1500,-750,0,0,0,0,580742375987184879,150000,0,0,0,0,0,0,0,0,210,210
580741710072022026,Order,2025/10/12,2025/10/18,VND,105000,150000,150000,150000,0,0,0,0,-45000,-7500,-15750,0,-30300,30300,0,0,0,0,0,0,0,0,0,-15000,0,0,0,0,0,0,0,0,0,-4500,0,0,0,-1500,-750,0,0,0,0,580741710072022026,150000,0,0,0,0,0,0,0,0,210,210
580740811004609584,Order,2025/10/12,2025/10/18,VND,256860,360000,360000,360000,0,0,0,0,-103140,-16380,-37800,0,-29700,29700,0,0,0,0,0,0,0,0,0,-32760,0,0,0,0,0,0,0,0,0,-10800,0,0,0,-3600,-1800,0,0,0,0,580740811004609584,327600,0,0,0,32400,0,0,0,0,510,510
580739090378687952,Order,2025/10/12,2025/10/18,VND,180525,290000,290000,360000,-70000,0,0,0,-109475,-13195,-30450,0,-35100,35100,0,0,0,0,0,0,-52780,-52780,0,0,0,0,0,0,0,0,0,0,0,-8700,0,0,0,-2900,-1450,0,0,0,0,580739090378687952,263900,0,0,0,26100,0,0,0,0,510,510
580738881062799197,Order,2025/10/12,2025/10/18,VND,86100,123000,123000,150000,-27000,0,0,0,-36900,-6150,-12915,0,-35200,35200,0,0,0,0,0,0,0,0,0,-12300,0,0,0,0,0,0,0,0,0,-3690,0,0,0,-1230,-615,0,0,0,0,580738881062799197,123000,0,0,0,0,0,0,0,0,210,210
580738106862372668,Order,2025/10/12,2025/10/18,VND,73785,123000,123000,150000,-27000,0,0,0,-49215,-6165,-12915,0,-30300,30000,300,0,0,0,0,0,-24600,-24600,0,0,0,0,0,0,0,0,0,0,0,-3690,0,0,0,-1230,-615,0,0,0,0,580738106862372668,123300,0,0,0,0,0,0,0,0,210,210
580737394037982765,Order,2025/10/12,2025/10/18,VND,59500,85000,85000,110000,-25000,0,0,0,-25500,-4250,-8925,0,-26200,26200,0,0,0,0,0,0,0,0,0,-8500,0,0,0,0,0,0,0,0,0,-2550,0,0,0,-850,-425,0,0,0,0,580737394037982765,85000,0,0,0,0,0,0,0,0,110,110
580734737706026229,Order,2025/10/12,2025/10/18,VND,232000,290000,290000,360000,-70000,0,0,0,-58000,-14500,-30450,0,-47600,47600,0,0,0,0,0,0,0,0,0,0,0,0,0,0,0,0,0,0,0,-8700,0,0,0,-2900,-1450,0,0,0,0,580734737706026229,290000,0,0,0,0,0,0,0,0,510,510
580732384658228486,Order,2025/10/11,2025/10/18,VND,179750,290000,290000,360000,-70000,0,0,0,-110250,-13350,-30450,0,-35100,35100,0,0,0,0,0,0,-53400,-53400,0,0,0,0,0,0,0,0,0,0,0,-8700,0,0,0,-2900,-1450,0,0,0,0,580732384658228486,267000,0,0,0,23000,0,0,0,0,510,510
580730789059069742,Order,2025/10/11,2025/10/18,VND,59500,85000,85000,110000,-25000,0,0,0,-25500,-4250,-8925,0,-35200,35200,0,0,0,0,0,0,0,0,0,-8500,0,0,0,0,0,0,0,0,0,-2550,0,0,0,-850,-425,0,0,0,0,580730789059069742,85000,0,0,0,0,0,0,0,0,110,110
580730807296493181,Order,2025/10/11,2025/10/18,VND,59500,85000,85000,110000,-25000,0,0,0,-25500,-4250,-8925,0,-40000,40000,0,0,0,0,0,0,0,0,0,-8500,0,0,0,0,0,0,0,0,0,-2550,0,0,0,-850,-425,0,0,0,0,580730807296493181,85000,0,0,0,0,0,0,0,0,110,110
580730686464034374,Order,2025/10/11,2025/10/18,VND,73785,123000,123000,150000,-27000,0,0,0,-49215,-6165,-12915,0,-30300,30000,300,0,0,0,0,0,-24600,-24600,0,0,0,0,0,0,0,0,0,0,0,-3690,0,0,0,-1230,-615,0,0,0,0,580730686464034374,123300,0,0,0,0,0,0,0,0,210,210
580730539626169810,Order,2025/10/11,2025/10/18,VND,58990,85000,85000,110000,-25000,0,0,0,-26010,-4760,-8925,0,-35200,25000,10200,0,0,0,0,0,0,0,0,-8500,0,0,0,0,0,0,0,0,0,-2550,0,0,0,-850,-425,0,0,0,0,580730539626169810,95200,0,0,0,0,0,0,0,0,110,110
580730486080832893,Order,2025/10/11,2025/10/18,VND,59500,85000,85000,110000,-25000,0,0,0,-25500,-4250,-8925,0,-26200,26200,0,0,0,0,0,0,0,0,0,-8500,0,0,0,0,0,0,0,0,0,-2550,0,0,0,-850,-425,0,0,0,0,580730486080832893,85000,0,0,0,0,0,0,0,0,110,110
580730407169525588,Order,2025/10/11,2025/10/18,VND,73300,123000,123000,150000,-27000,0,0,0,-49700,-6650,-12915,0,-40000,30000,10000,0,0,0,0,0,-24600,-24600,0,0,0,0,0,0,0,0,0,0,0,-3690,0,0,0,-1230,-615,0,0,0,0,580730407169525588,133000,0,0,0,0,0,0,0,0,210,210
580730146413577992,Order,2025/10/11,2025/10/18,VND,174000,290000,290000,360000,-70000,0,0,0,-116000,-14500,-30450,0,-47600,47600,0,0,0,0,0,0,-58000,-58000,0,0,0,0,0,0,0,0,0,0,0,-8700,0,0,0,-2900,-1450,0,0,0,0,580730146413577992,290000,0,0,0,0,0,0,0,0,510,510
580729720336778799,Order,2025/10/11,2025/10/18,VND,76300,123000,123000,150000,-27000,0,0,0,-46700,-5650,-12915,0,-26200,26200,0,0,0,0,0,0,-22600,-22600,0,0,0,0,0,0,0,0,0,0,0,-3690,0,0,0,-1230,-615,0,0,0,0,580729720336778799,113000,0,0,0,10000,0,0,0,0,210,210
580723753235220415,Order,2025/10/11,2025/10/18,VND,73300,123000,123000,150000,-27000,0,0,0,-49700,-6650,-12915,0,-40000,30000,10000,0,0,0,0,0,-24600,-24600,0,0,0,0,0,0,0,0,0,0,0,-3690,0,0,0,-1230,-615,0,0,0,0,580723753235220415,133000,0,0,0,0,0,0,0,0,210,210
580717179739669790,Order,2025/10/10,2025/10/18,VND,179075,290000,290000,360000,-70000,0,0,0,-110925,-13485,-30450,0,-47600,47600,0,0,0,0,0,0,-53940,-53940,0,0,0,0,0,0,0,0,0,0,0,-8700,0,0,0,-2900,-1450,0,0,0,0,580717179739669790,269700,0,0,0,20300,0,0,0,0,510,510
580716550604817439,Order,2025/10/10,2025/10/18,VND,181500,290000,290000,360000,-70000,0,0,0,-108500,-13000,-30450,0,-35100,35100,0,0,0,0,0,0,-52000,-52000,0,0,0,0,0,0,0,0,0,0,0,-8700,0,0,0,-2900,-1450,0,0,0,0,580716550604817439,260000,0,0,0,30000,0,0,0,0,510,510
580716022628320680,Order,2025/10/10,2025/10/18,VND,86100,123000,123000,150000,-27000,0,0,0,-36900,-6150,-12915,0,-40000,40000,0,0,0,0,0,0,0,0,0,-12300,0,0,0,0,0,0,0,0,0,-3690,0,0,0,-1230,-615,0,0,0,0,580716022628320680,123000,0,0,0,0,0,0,0,0,210,210
580707618302035587,Order,2025/10/10,2025/10/18,VND,90000,150000,150000,150000,0,0,0,0,-60000,-7500,-15750,0,-40000,40000,0,0,0,0,0,0,-30000,-30000,0,0,0,0,0,0,0,0,0,0,0,-4500,0,0,0,-1500,-750,0,0,0,0,580707618302035587,150000,0,0,0,0,0,0,0,0,210,210
580704274515396101,Order,2025/10/09,2025/10/18,VND,73785,123000,123000,150000,-27000,0,0,0,-49215,-6165,-12915,0,-30300,30000,300,0,0,0,0,0,-24600,-24600,0,0,0,0,0,0,0,0,0,0,0,-3690,0,0,0,-1230,-615,0,0,0,0,580704274515396101,123300,0,0,0,0,0,0,0,0,210,210
580702291181405961,Order,2025/10/09,2025/10/18,VND,172200,246000,246000,300000,-54000,0,0,0,-73800,-12300,-25830,0,-30300,30300,0,0,0,0,0,0,0,0,0,-24600,0,0,0,0,0,0,0,0,0,-7380,0,0,0,-2460,-1230,0,0,0,0,580702291181405961,246000,0,0,0,0,0,0,0,0,410,410
580638006034072597,Order,2025/10/04,2025/10/18,VND,-40000,0,0,0,0,0,0,0,-40000,0,0,-40000,-47600,0,0,0,0,0,7600,0,0,0,0,0,0,0,0,0,0,0,0,0,0,0,0,0,0,0,0,0,0,0,0,580638006034072597,0,0,0,0,0,0,0,0,0,610,610
580574922926753405,Order,2025/09/29,2025/10/18,VND,-40000,0,0,0,0,0,0,0,-40000,0,0,-40000,-40000,0,0,0,0,0,0,0,0,0,0,0,0,0,0,0,0,0,0,0,0,0,0,0,0,0,0,0,0,0,0,580574922926753405,0,0,0,0,0,0,0,0,0,110,110
580739677751445107,Order,2025/10/12,2025/10/17,VND,86100,123000,123000,150000,-27000,0,0,0,-36900,-6150,-12915,0,-26200,26200,0,0,0,0,0,0,0,0,0,-12300,0,0,0,0,0,0,0,0,0,-3690,0,0,0,-1230,-615,0,0,0,0,580739677751445107,123000,0,0,0,0,0,0,0,0,210,210
580739606486680764,Order,2025/10/12,2025/10/17,VND,50985,85000,85000,110000,-25000,0,0,0,-34015,-4265,-8925,0,-30300,30000,300,0,0,0,0,0,-17000,-17000,0,0,0,0,0,0,0,0,0,0,0,-2550,0,0,0,-850,-425,0,0,0,0,580739606486680764,85300,0,0,0,0,0,0,0,0,110,110
580731521690077008,Order,2025/10/11,2025/10/17,VND,73800,123000,123000,150000,-27000,0,0,0,-49200,-6150,-12915,0,-26200,26200,0,0,0,0,0,0,-24600,-24600,0,0,0,0,0,0,0,0,0,0,0,-3690,0,0,0,-1230,-615,0,0,0,0,580731521690077008,123000,0,0,0,0,0,0,0,0,210,210
580730597429249885,Order,2025/10/11,2025/10/17,VND,86100,123000,123000,150000,-27000,0,0,0,-36900,-6150,-12915,0,-30300,30300,0,0,0,0,0,0,0,0,0,-12300,0,0,0,0,0,0,0,0,0,-3690,0,0,0,-1230,-615,0,0,0,0,580730597429249885,123000,0,0,0,0,0,0,0,0,210,210
580727239653492152,Order,2025/10/11,2025/10/17,VND,181975,290000,290000,360000,-70000,0,0,0,-108025,-12905,-30450,0,-47600,47600,0,0,0,0,0,0,-51620,-51620,0,0,0,0,0,0,0,0,0,0,0,-8700,0,0,0,-2900,-1450,0,0,0,0,580727239653492152,258100,0,0,0,31900,0,0,0,0,510,510
580726235828094175,Order,2025/10/11,2025/10/17,VND,185250,290000,290000,360000,-70000,0,0,0,-104750,-12250,-30450,0,-47600,47600,0,0,0,0,0,0,-49000,-49000,0,0,0,0,0,0,0,0,0,0,0,-8700,0,0,0,-2900,-1450,0,0,0,0,580726235828094175,245000,0,0,0,45000,0,0,0,0,510,510
580725152034686718,Order,2025/10/11,2025/10/17,VND,50500,85000,85000,110000,-25000,0,0,0,-34500,-4750,-8925,0,-40000,30000,10000,0,0,0,0,0,-17000,-17000,0,0,0,0,0,0,0,0,0,0,0,-2550,0,0,0,-850,-425,0,0,0,0,580725152034686718,95000,0,0,0,0,0,0,0,0,110,110
580723827406767151,Order,2025/10/11,2025/10/17,VND,50500,85000,85000,110000,-25000,0,0,0,-34500,-4750,-8925,0,-40000,30000,10000,0,0,0,0,0,-17000,-17000,0,0,0,0,0,0,0,0,0,0,0,-2550,0,0,0,-850,-425,0,0,0,0,580723827406767151,95000,0,0,0,0,0,0,0,0,110,110
580722548955907315,Order,2025/10/11,2025/10/17,VND,73300,123000,123000,150000,-27000,0,0,0,-49700,-6650,-12915,0,-40000,30000,10000,0,0,0,0,0,-24600,-24600,0,0,0,0,0,0,0,0,0,0,0,-3690,0,0,0,-1230,-615,0,0,0,0,580722548955907315,133000,0,0,0,0,0,0,0,0,210,210
580721895882261746,Order,2025/10/11,2025/10/17,VND,50500,85000,85000,110000,-25000,0,0,0,-34500,-4750,-8925,0,-40000,30000,10000,0,0,0,0,0,-17000,-17000,0,0,0,0,0,0,0,0,0,0,0,-2550,0,0,0,-850,-425,0,0,0,0,580721895882261746,95000,0,0,0,0,0,0,0,0,110,110
580721658145376239,Order,2025/10/11,2025/10/17,VND,73800,123000,123000,150000,-27000,0,0,0,-49200,-6150,-12915,0,-40000,40000,0,0,0,0,0,0,-24600,-24600,0,0,0,0,0,0,0,0,0,0,0,-3690,0,0,0,-1230,-615,0,0,0,0,580721658145376239,123000,0,0,0,0,0,0,0,0,210,210
580718161696228958,Order,2025/10/10,2025/10/17,VND,51000,85000,85000,110000,-25000,0,0,0,-34000,-4250,-8925,0,-40000,40000,0,0,0,0,0,0,-17000,-17000,0,0,0,0,0,0,0,0,0,0,0,-2550,0,0,0,-850,-425,0,0,0,0,580718161696228958,85000,0,0,0,0,0,0,0,0,110,110
580717857300383212,Order,2025/10/10,2025/10/17,VND,59000,85000,85000,110000,-25000,0,0,0,-26000,-4750,-8925,0,-40000,30000,10000,0,0,0,0,0,0,0,0,-8500,0,0,0,0,0,0,0,0,0,-2550,0,0,0,-850,-425,0,0,0,0,580717857300383212,95000,0,0,0,0,0,0,0,0,110,110
580717637347346123,Order,2025/10/10,2025/10/17,VND,50740,85000,85000,110000,-25000,0,0,0,-34260,-4510,-8925,0,-35200,30000,5200,0,0,0,0,0,-17000,-17000,0,0,0,0,0,0,0,0,0,0,0,-2550,0,0,0,-850,-425,0,0,0,0,580717637347346123,90200,0,0,0,0,0,0,0,0,110,110
580717557970143029,Order,2025/10/10,2025/10/17,VND,73300,123000,123000,150000,-27000,0,0,0,-49700,-6650,-12915,0,-40000,30000,10000,0,0,0,0,0,-24600,-24600,0,0,0,0,0,0,0,0,0,0,0,-3690,0,0,0,-1230,-615,0,0,0,0,580717557970143029,133000,0,0,0,0,0,0,0,0,210,210
580717501198665037,Order,2025/10/10,2025/10/17,VND,73800,123000,123000,150000,-27000,0,0,0,-49200,-6150,-12915,0,-40000,40000,0,0,0,0,0,0,-24600,-24600,0,0,0,0,0,0,0,0,0,0,0,-3690,0,0,0,-1230,-615,0,0,0,0,580717501198665037,123000,0,0,0,0,0,0,0,0,210,210
580717356274648422,Order,2025/10/10,2025/10/17,VND,73300,123000,123000,150000,-27000,0,0,0,-49700,-6650,-12915,0,-40000,30000,10000,0,0,0,0,0,-24600,-24600,0,0,0,0,0,0,0,0,0,0,0,-3690,0,0,0,-1230,-615,0,0,0,0,580717356274648422,133000,0,0,0,0,0,0,0,0,210,210
580717368674714657,Order,2025/10/10,2025/10/17,VND,875215,1450000,1450000,1800000,-350000,0,0,0,-574785,-72085,-152250,0,-45700,30000,15700,0,0,0,0,0,-285200,-285200,0,0,0,0,0,0,0,0,0,0,0,-43500,0,0,0,-14500,-7250,0,0,0,0,580717368674714657,1441700,0,0,0,24000,0,0,0,0,2530,2530
580717214596302420,Order,2025/10/10,2025/10/17,VND,179075,290000,290000,360000,-70000,0,0,0,-110925,-13485,-30450,0,-47600,47600,0,0,0,0,0,0,-53940,-53940,0,0,0,0,0,0,0,0,0,0,0,-8700,0,0,0,-2900,-1450,0,0,0,0,580717214596302420,269700,0,0,0,20300,0,0,0,0,510,510
580717173787100756,Order,2025/10/10,2025/10/17,VND,50500,85000,85000,110000,-25000,0,0,0,-34500,-4750,-8925,0,-40000,30000,10000,0,0,0,0,0,-17000,-17000,0,0,0,0,0,0,0,0,0,0,0,-2550,0,0,0,-850,-425,0,0,0,0,580717173787100756,95000,0,0,0,0,0,0,0,0,110,110
580717170513905170,Order,2025/10/10,2025/10/17,VND,85600,123000,123000,150000,-27000,0,0,0,-37400,-6650,-12915,0,-40000,30000,10000,0,0,0,0,0,0,0,0,-12300,0,0,0,0,0,0,0,0,0,-3690,0,0,0,-1230,-615,0,0,0,0,580717170513905170,133000,0,0,0,0,0,0,0,0,210,210
580717047515940057,Order,2025/10/10,2025/10/17,VND,206045,290000,290000,360000,-70000,0,0,0,-83955,-13485,-30450,0,-35100,35100,0,0,0,0,0,0,0,0,0,-26970,0,0,0,0,0,0,0,0,0,-8700,0,0,0,-2900,-1450,0,0,0,0,580717047515940057,269700,0,0,0,20300,0,0,0,0,510,510
580717026862073201,Order,2025/10/10,2025/10/17,VND,86100,123000,123000,150000,-27000,0,0,0,-36900,-6150,-12915,0,-40000,40000,0,0,0,0,0,0,0,0,0,-12300,0,0,0,0,0,0,0,0,0,-3690,0,0,0,-1230,-615,0,0,0,0,580717026862073201,123000,0,0,0,0,0,0,0,0,210,210
580716958441965498,Order,2025/10/10,2025/10/17,VND,119000,170000,170000,220000,-50000,0,0,0,-51000,-8500,-17850,0,-26200,26200,0,0,0,0,0,0,0,0,0,-17000,0,0,0,0,0,0,0,0,0,-5100,0,0,0,-1700,-850,0,0,0,0,580716958441965498,170000,0,0,0,0,0,0,0,0,210,210
580716900299277329,Order,2025/10/10,2025/10/17,VND,179800,290000,290000,360000,-70000,0,0,0,-110200,-13340,-30450,0,-47600,47600,0,0,0,0,0,0,-53360,-53360,0,0,0,0,0,0,0,0,0,0,0,-8700,0,0,0,-2900,-1450,0,0,0,0,580716900299277329,266800,0,0,0,23200,0,0,0,0,510,510
580716813600851826,Order,2025/10/10,2025/10/17,VND,73785,123000,123000,150000,-27000,0,0,0,-49215,-6165,-12915,0,-30300,30000,300,0,0,0,0,0,-24600,-24600,0,0,0,0,0,0,0,0,0,0,0,-3690,0,0,0,-1230,-615,0,0,0,0,580716813600851826,123300,0,0,0,0,0,0,0,0,210,210
580716798644094397,Order,2025/10/10,2025/10/17,VND,178350,290000,290000,360000,-70000,0,0,0,-111650,-13630,-30450,0,-47600,47600,0,0,0,0,0,0,-54520,-54520,0,0,0,0,0,0,0,0,0,0,0,-8700,0,0,0,-2900,-1450,0,0,0,0,580716798644094397,272600,0,0,0,17400,0,0,0,0,510,510
580716828204041250,Order,2025/10/10,2025/10/17,VND,85600,123000,123000,150000,-27000,0,0,0,-37400,-6650,-12915,0,-40000,30000,10000,0,0,0,0,0,0,0,0,-12300,0,0,0,0,0,0,0,0,0,-3690,0,0,0,-1230,-615,0,0,0,0,580716828204041250,133000,0,0,0,0,0,0,0,0,210,210
580716731111474779,Order,2025/10/10,2025/10/17,VND,73800,123000,123000,150000,-27000,0,0,0,-49200,-6150,-12915,0,-40000,40000,0,0,0,0,0,0,-24600,-24600,0,0,0,0,0,0,0,0,0,0,0,-3690,0,0,0,-1230,-615,0,0,0,0,580716731111474779,123000,0,0,0,0,0,0,0,0,210,210
580716757720073431,Order,2025/10/10,2025/10/17,VND,86100,123000,123000,150000,-27000,0,0,0,-36900,-6150,-12915,0,-19700,19700,0,0,0,0,0,0,0,0,0,-12300,0,0,0,0,0,0,0,0,0,-3690,0,0,0,-1230,-615,0,0,0,0,580716757720073431,123000,0,0,0,0,0,0,0,0,210,210
580716630133671156,Order,2025/10/10,2025/10/17,VND,59000,85000,85000,110000,-25000,0,0,0,-26000,-4750,-8925,0,-40000,30000,10000,0,0,0,0,0,0,0,0,-8500,0,0,0,0,0,0,0,0,0,-2550,0,0,0,-850,-425,0,0,0,0,580716630133671156,95000,0,0,0,0,0,0,0,0,110,110
580716556094113625,Order,2025/10/10,2025/10/17,VND,50500,85000,85000,110000,-25000,0,0,0,-34500,-4750,-8925,0,-40000,30000,10000,0,0,0,0,0,-17000,-17000,0,0,0,0,0,0,0,0,0,0,0,-2550,0,0,0,-850,-425,0,0,0,0,580716556094113625,95000,0,0,0,0,0,0,0,0,110,110
580716485493294951,Order,2025/10/10,2025/10/17,VND,85600,123000,123000,150000,-27000,0,0,0,-37400,-6650,-12915,0,-40000,30000,10000,0,0,0,0,0,0,0,0,-12300,0,0,0,0,0,0,0,0,0,-3690,0,0,0,-1230,-615,0,0,0,0,580716485493294951,133000,0,0,0,0,0,0,0,0,210,210
580716318898882487,Order,2025/10/10,2025/10/17,VND,86085,123000,123000,150000,-27000,0,0,0,-36915,-6165,-12915,0,-30300,30000,300,0,0,0,0,0,0,0,0,-12300,0,0,0,0,0,0,0,0,0,-3690,0,0,0,-1230,-615,0,0,0,0,580716318898882487,123300,0,0,0,0,0,0,0,0,210,210
580716192014632216,Order,2025/10/10,2025/10/17,VND,174000,290000,290000,360000,-70000,0,0,0,-116000,-14500,-30450,0,-47600,47600,0,0,0,0,0,0,-58000,-58000,0,0,0,0,0,0,0,0,0,0,0,-8700,0,0,0,-2900,-1450,0,0,0,0,580716192014632216,290000,0,0,0,0,0,0,0,0,510,510
580716183781869376,Order,2025/10/10,2025/10/17,VND,86085,123000,123000,150000,-27000,0,0,0,-36915,-6165,-12915,0,-30300,30000,300,0,0,0,0,0,0,0,0,-12300,0,0,0,0,0,0,0,0,0,-3690,0,0,0,-1230,-615,0,0,0,0,580716183781869376,123300,0,0,0,0,0,0,0,0,210,210
580716132408394845,Order,2025/10/10,2025/10/17,VND,73300,123000,123000,150000,-27000,0,0,0,-49700,-6650,-12915,0,-40000,30000,10000,0,0,0,0,0,-24600,-24600,0,0,0,0,0,0,0,0,0,0,0,-3690,0,0,0,-1230,-615,0,0,0,0,580716132408394845,133000,0,0,0,0,0,0,0,0,210,210
580715376244196708,Order,2025/10/10,2025/10/17,VND,75338,123000,123000,150000,-27000,0,0,0,-47662,-5842,-12915,0,-40000,40000,0,0,0,0,0,0,-23370,-23370,0,0,0,0,0,0,0,0,0,0,0,-3690,0,0,0,-1230,-615,0,0,0,0,580715376244196708,116850,0,0,0,6150,0,0,0,0,210,210
580712959588074533,Order,2025/10/10,2025/10/17,VND,233015,290000,290000,360000,-70000,0,0,0,-56985,-13485,-30450,0,-35100,35100,0,0,0,0,0,0,0,0,0,0,0,0,0,0,0,0,0,0,0,-8700,0,0,0,-2900,-1450,0,0,0,0,580712959588074533,269700,0,0,0,20300,0,0,0,0,510,510
580709073475634558,Order,2025/10/10,2025/10/17,VND,216000,360000,360000,360000,0,0,0,0,-144000,-18000,-37800,0,-35100,35100,0,0,0,0,0,0,-72000,-72000,0,0,0,0,0,0,0,0,0,0,0,-10800,0,0,0,-3600,-1800,0,0,0,0,580709073475634558,360000,0,0,0,0,0,0,0,0,510,510
580702468077028994,Order,2025/10/09,2025/10/17,VND,73300,123000,123000,150000,-27000,0,0,0,-49700,-6650,-12915,0,-40000,30000,10000,0,0,0,0,0,-24600,-24600,0,0,0,0,0,0,0,0,0,0,0,-3690,0,0,0,-1230,-615,0,0,0,0,580702468077028994,133000,0,0,0,0,0,0,0,0,210,210
580700968125432944,Order,2025/10/09,2025/10/17,VND,348000,580000,580000,720000,-140000,0,0,0,-232000,-29000,-60900,0,-39400,39400,0,0,0,0,0,0,-116000,-116000,0,0,0,0,0,0,0,0,0,0,0,-17400,0,0,0,-5800,-2900,0,0,0,0,580700968125432944,580000,0,0,0,0,0,0,0,0,1030,1030
580700710687967186,Order,2025/10/09,2025/10/17,VND,49940,85000,85000,110000,-25000,0,0,0,-35060,-5310,-8925,0,-35200,14000,21200,0,0,0,0,0,-17000,-17000,0,0,0,0,0,0,0,0,0,0,0,-2550,0,0,0,-850,-425,0,0,0,0,580700710687967186,106200,0,0,0,0,0,0,0,0,110,110
580694814253025182,Order,2025/10/09,2025/10/17,VND,-40000,0,0,0,0,0,0,0,-40000,0,0,-40000,-40000,0,0,0,0,0,0,0,0,0,0,0,0,0,0,0,0,0,0,0,0,0,0,0,0,0,0,0,0,0,0,580694814253025182,0,0,0,0,0,0,0,0,0,100,100
580689424910419152,Order,2025/10/08,2025/10/17,VND,73300,123000,123000,150000,-27000,0,0,0,-49700,-6650,-12915,0,-40000,30000,10000,0,0,0,0,0,-24600,-24600,0,0,0,0,0,0,0,0,0,0,0,-3690,0,0,0,-1230,-615,0,0,0,0,580689424910419152,133000,0,0,0,0,0,0,0,0,210,210
580689267291620432,Order,2025/10/08,2025/10/17,VND,85840,123000,123000,150000,-27000,0,0,0,-37160,-6410,-12915,0,-35200,30000,5200,0,0,0,0,0,0,0,0,-12300,0,0,0,0,0,0,0,0,0,-3690,0,0,0,-1230,-615,0,0,0,0,580689267291620432,128200,0,0,0,0,0,0,0,0,210,210
580688574948148783,Order,2025/10/08,2025/10/17,VND,73800,123000,123000,150000,-27000,0,0,0,-49200,-6150,-12915,0,-40000,40000,0,0,0,0,0,0,-24600,-24600,0,0,0,0,0,0,0,0,0,0,0,-3690,0,0,0,-1230,-615,0,0,0,0,580688574948148783,123000,0,0,0,0,0,0,0,0,210,210
580687925156152435,Order,2025/10/08,2025/10/17,VND,174000,290000,290000,360000,-70000,0,0,0,-116000,-14500,-30450,0,-47600,47600,0,0,0,0,0,0,-58000,-58000,0,0,0,0,0,0,0,0,0,0,0,-8700,0,0,0,-2900,-1450,0,0,0,0,580687925156152435,290000,0,0,0,0,0,0,0,0,510,510
580638584227726801,Order,2025/10/04,2025/10/17,VND,-40000,0,0,0,0,0,0,0,-40000,0,0,-40000,-40000,0,0,0,0,0,0,0,0,0,0,0,0,0,0,0,0,0,0,0,0,0,0,0,0,0,0,0,0,0,0,580638584227726801,0,0,0,0,0,0,0,0,0,210,210
580638339730933216,Order,2025/10/04,2025/10/17,VND,-40000,0,0,0,0,0,0,0,-40000,0,0,-40000,-40000,0,0,0,0,0,0,0,0,0,0,0,0,0,0,0,0,0,0,0,0,0,0,0,0,0,0,0,0,0,0,580638339730933216,0,0,0,0,0,0,0,0,0,210,210
580638261231846720,Order,2025/10/04,2025/10/17,VND,-35100,0,0,0,0,0,0,0,-35100,0,0,-35100,-35100,0,0,0,0,0,0,0,0,0,0,0,0,0,0,0,0,0,0,0,0,0,0,0,0,0,0,0,0,0,0,580638261231846720,0,0,0,0,0,0,0,0,0,510,510
580614395122189844,Order,2025/10/02,2025/10/17,VND,-40000,0,0,0,0,0,0,0,-40000,0,0,-40000,-47600,0,0,0,0,0,7600,0,0,0,0,0,0,0,0,0,0,0,0,0,0,0,0,0,0,0,0,0,0,0,0,580614395122189844,0,0,0,0,0,0,0,0,0,510,510
580726302106421153,Order,2025/10/11,2025/10/16,VND,179926,290000,290000,360000,-70000,0,0,0,-110074,-13315,-30450,0,-40000,40000,0,0,0,0,0,0,-53259,-53259,0,0,0,0,0,0,0,0,0,0,0,-8700,0,0,0,-2900,-1450,0,0,0,0,580726302106421153,266294,0,0,0,23706,0,0,0,0,500,500
580725049828869481,Order,2025/10/11,2025/10/16,VND,73800,123000,123000,150000,-27000,0,0,0,-49200,-6150,-12915,0,-30300,30300,0,0,0,0,0,0,-24600,-24600,0,0,0,0,0,0,0,0,0,0,0,-3690,0,0,0,-1230,-615,0,0,0,0,580725049828869481,123000,0,0,0,0,0,0,0,0,210,210
580722314658154123,Order,2025/10/11,2025/10/16,VND,174000,290000,290000,360000,-70000,0,0,0,-116000,-14500,-30450,0,-35100,35100,0,0,0,0,0,0,-58000,-58000,0,0,0,0,0,0,0,0,0,0,0,-8700,0,0,0,-2900,-1450,0,0,0,0,580722314658154123,290000,0,0,0,0,0,0,0,0,510,510
580722015258182859,Order,2025/10/11,2025/10/16,VND,73300,123000,123000,150000,-27000,0,0,0,-49700,-6650,-12915,0,-40000,30000,10000,0,0,0,0,0,-24600,-24600,0,0,0,0,0,0,0,0,0,0,0,-3690,0,0,0,-1230,-615,0,0,0,0,580722015258182859,133000,0,0,0,0,0,0,0,0,210,210
580719118078477501,Order,2025/10/10,2025/10/16,VND,50985,85000,85000,110000,-25000,0,0,0,-34015,-4265,-8925,0,-30300,30000,300,0,0,0,0,0,-17000,-17000,0,0,0,0,0,0,0,0,0,0,0,-2550,0,0,0,-850,-425,0,0,0,0,580719118078477501,85300,0,0,0,0,0,0,0,0,110,110
580718739138971466,Order,2025/10/10,2025/10/16,VND,73300,123000,123000,150000,-27000,0,0,0,-49700,-6650,-12915,0,-40000,30000,10000,0,0,0,0,0,-24600,-24600,0,0,0,0,0,0,0,0,0,0,0,-3690,0,0,0,-1230,-615,0,0,0,0,580718739138971466,133000,0,0,0,0,0,0,0,0,210,210
580717948021147251,Order,2025/10/10,2025/10/16,VND,72500,123000,123000,150000,-27000,0,0,0,-50500,-7450,-12915,0,-40000,14000,26000,0,0,0,0,0,-24600,-24600,0,0,0,0,0,0,0,0,0,0,0,-3690,0,0,0,-1230,-615,0,0,0,0,580717948021147251,149000,0,0,0,0,0,0,0,0,210,210
580717892938270323,Order,2025/10/10,2025/10/16,VND,50500,85000,85000,110000,-25000,0,0,0,-34500,-4750,-8925,0,-40000,30000,10000,0,0,0,0,0,-17000,-17000,0,0,0,0,0,0,0,0,0,0,0,-2550,0,0,0,-850,-425,0,0,0,0,580717892938270323,95000,0,0,0,0,0,0,0,0,110,110
580717392274491304,Order,2025/10/10,2025/10/16,VND,73800,123000,123000,150000,-27000,0,0,0,-49200,-6150,-12915,0,-30300,30300,0,0,0,0,0,0,-24600,-24600,0,0,0,0,0,0,0,0,0,0,0,-3690,0,0,0,-1230,-615,0,0,0,0,580717392274491304,123000,0,0,0,0,0,0,0,0,210,210
580717405293676271,Order,2025/10/10,2025/10/16,VND,86100,123000,123000,150000,-27000,0,0,0,-36900,-6150,-12915,0,-40000,40000,0,0,0,0,0,0,0,0,0,-12300,0,0,0,0,0,0,0,0,0,-3690,0,0,0,-1230,-615,0,0,0,0,580717405293676271,123000,0,0,0,0,0,0,0,0,210,210
580717381204871106,Order,2025/10/10,2025/10/16,VND,97900,123000,123000,150000,-27000,0,0,0,-25100,-6650,-12915,0,-40000,30000,10000,0,0,0,0,0,0,0,0,0,0,0,0,0,0,0,0,0,0,-3690,0,0,0,-1230,-615,0,0,0,0,580717381204871106,133000,0,0,0,0,0,0,0,0,210,210
580717265390765752,Order,2025/10/10,2025/10/16,VND,50985,85000,85000,110000,-25000,0,0,0,-34015,-4265,-8925,0,-30300,30000,300,0,0,0,0,0,-17000,-17000,0,0,0,0,0,0,0,0,0,0,0,-2550,0,0,0,-850,-425,0,0,0,0,580717265390765752,85300,0,0,0,0,0,0,0,0,110,110
580717214486136560,Order,2025/10/10,2025/10/16,VND,179075,290000,290000,360000,-70000,0,0,0,-110925,-13485,-30450,0,-41400,41400,0,0,0,0,0,0,-53940,-53940,0,0,0,0,0,0,0,0,0,0,0,-8700,0,0,0,-2900,-1450,0,0,0,0,580717214486136560,269700,0,0,0,20300,0,0,0,0,510,510
580717172700185837,Order,2025/10/10,2025/10/16,VND,173620,290000,290000,360000,-70000,0,0,0,-116380,-14880,-30450,0,-47600,40000,7600,0,0,0,0,0,-58000,-58000,0,0,0,0,0,0,0,0,0,0,0,-8700,0,0,0,-2900,-1450,0,0,0,0,580717172700185837,297600,0,0,0,0,0,0,0,0,510,510
580717056288982549,Order,2025/10/10,2025/10/16,VND,51000,85000,85000,110000,-25000,0,0,0,-34000,-4250,-8925,0,-26200,26200,0,0,0,0,0,0,-17000,-17000,0,0,0,0,0,0,0,0,0,0,0,-2550,0,0,0,-850,-425,0,0,0,0,580717056288982549,85000,0,0,0,0,0,0,0,0,110,110
580717130884941173,Order,2025/10/10,2025/10/16,VND,59490,85000,85000,110000,-25000,0,0,0,-25510,-4260,-8925,0,-35200,35000,200,0,0,0,0,0,0,0,0,-8500,0,0,0,0,0,0,0,0,0,-2550,0,0,0,-850,-425,0,0,0,0,580717130884941173,85200,0,0,0,0,0,0,0,0,110,110
580716980389315624,Order,2025/10/10,2025/10/16,VND,406000,580000,580000,720000,-140000,0,0,0,-174000,-29000,-60900,0,-55400,55400,0,0,0,0,0,0,0,0,0,-58000,0,0,0,0,0,0,0,0,0,-17400,0,0,0,-5800,-2900,0,0,0,0,580716980389315624,580000,0,0,0,0,0,0,0,0,1030,1030
580716852011959940,Order,2025/10/10,2025/10/16,VND,85840,123000,123000,150000,-27000,0,0,0,-37160,-6410,-12915,0,-35200,30000,5200,0,0,0,0,0,0,0,0,-12300,0,0,0,0,0,0,0,0,0,-3690,0,0,0,-1230,-615,0,0,0,0,580716852011959940,128200,0,0,0,0,0,0,0,0,210,210
580716878051247375,Order,2025/10/10,2025/10/16,VND,73300,123000,123000,150000,-27000,0,0,0,-49700,-6650,-12915,0,-40000,30000,10000,0,0,0,0,0,-24600,-24600,0,0,0,0,0,0,0,0,0,0,0,-3690,0,0,0,-1230,-615,0,0,0,0,580716878051247375,133000,0,0,0,0,0,0,0,0,210,210
580716764996339010,Order,2025/10/10,2025/10/16,VND,86085,123000,123000,150000,-27000,0,0,0,-36915,-6165,-12915,0,-30300,30000,300,0,0,0,0,0,0,0,0,-12300,0,0,0,0,0,0,0,0,0,-3690,0,0,0,-1230,-615,0,0,0,0,580716764996339010,123300,0,0,0,0,0,0,0,0,210,210
580715939238348126,Order,2025/10/10,2025/10/16,VND,172185,246000,246000,300000,-54000,0,0,0,-73815,-12315,-25830,0,-30300,30000,300,0,0,0,0,0,0,0,0,-24600,0,0,0,0,0,0,0,0,0,-7380,0,0,0,-2460,-1230,0,0,0,0,580715939238348126,246300,0,0,0,0,0,0,0,0,410,410
580715805321037327,Order,2025/10/10,2025/10/16,VND,59000,85000,85000,110000,-25000,0,0,0,-26000,-4750,-8925,0,-40000,30000,10000,0,0,0,0,0,0,0,0,-8500,0,0,0,0,0,0,0,0,0,-2550,0,0,0,-850,-425,0,0,0,0,580715805321037327,95000,0,0,0,0,0,0,0,0,110,110
580711618169374703,Order,2025/10/10,2025/10/16,VND,174000,290000,290000,360000,-70000,0,0,0,-116000,-14500,-30450,0,-47600,47600,0,0,0,0,0,0,-58000,-58000,0,0,0,0,0,0,0,0,0,0,0,-8700,0,0,0,-2900,-1450,0,0,0,0,580711618169374703,290000,0,0,0,0,0,0,0,0,510,510
580711522168374845,Order,2025/10/10,2025/10/16,VND,51000,85000,85000,110000,-25000,0,0,0,-34000,-4250,-8925,0,-40000,40000,0,0,0,0,0,0,-17000,-17000,0,0,0,0,0,0,0,0,0,0,0,-2550,0,0,0,-850,-425,0,0,0,0,580711522168374845,85000,0,0,0,0,0,0,0,0,110,110
580709912837522893,Order,2025/10/10,2025/10/16,VND,221993,360000,360000,360000,0,0,0,0,-138007,-16801,-37800,0,-47600,47600,0,0,0,0,0,0,-67206,-67206,0,0,0,0,0,0,0,0,0,0,0,-10800,0,0,0,-3600,-1800,0,0,0,0,580709912837522893,336028,0,0,0,23972,0,0,0,0,510,510
580709504358778043,Order,2025/10/10,2025/10/16,VND,93750,150000,150000,150000,0,0,0,0,-56250,-6750,-15750,0,-30300,30300,0,0,0,0,0,0,-27000,-27000,0,0,0,0,0,0,0,0,0,0,0,-4500,0,0,0,-1500,-750,0,0,0,0,580709504358778043,135000,0,0,0,15000,0,0,0,0,210,210
580703749984913300,Order,2025/10/09,2025/10/16,VND,50740,85000,85000,110000,-25000,0,0,0,-34260,-4510,-8925,0,-35200,30000,5200,0,0,0,0,0,-17000,-17000,0,0,0,0,0,0,0,0,0,0,0,-2550,0,0,0,-850,-425,0,0,0,0,580703749984913300,90200,0,0,0,0,0,0,0,0,110,110
580703705509758585,Order,2025/10/09,2025/10/16,VND,84800,123000,123000,150000,-27000,0,0,0,-38200,-7450,-12915,0,-40000,14000,26000,0,0,0,0,0,0,0,0,-12300,0,0,0,0,0,0,0,0,0,-3690,0,0,0,-1230,-615,0,0,0,0,580703705509758585,149000,0,0,0,0,0,0,0,0,210,210
580703591821116775,Order,2025/10/09,2025/10/16,VND,206045,290000,290000,360000,-70000,0,0,0,-83955,-13485,-30450,0,-47600,47600,0,0,0,0,0,0,0,0,0,-26970,0,0,0,0,0,0,0,0,0,-8700,0,0,0,-2900,-1450,0,0,0,0,580703591821116775,269700,0,0,0,20300,0,0,0,0,510,510
580703276356633636,Order,2025/10/09,2025/10/16,VND,180525,290000,290000,360000,-70000,0,0,0,-109475,-13195,-30450,0,-47600,47600,0,0,0,0,0,0,-52780,-52780,0,0,0,0,0,0,0,0,0,0,0,-8700,0,0,0,-2900,-1450,0,0,0,0,580703276356633636,263900,0,0,0,26100,0,0,0,0,510,510
580702784906233247,Order,2025/10/09,2025/10/16,VND,73300,123000,123000,150000,-27000,0,0,0,-49700,-6650,-12915,0,-40000,30000,10000,0,0,0,0,0,-24600,-24600,0,0,0,0,0,0,0,0,0,0,0,-3690,0,0,0,-1230,-615,0,0,0,0,580702784906233247,133000,0,0,0,0,0,0,0,0,210,210
580702684294120718,Order,2025/10/09,2025/10/16,VND,922500,1450000,1450000,1800000,-350000,0,0,0,-527500,-62000,-152250,0,-68500,68500,0,0,0,0,0,0,-248000,-248000,0,0,0,0,0,0,0,0,0,0,0,-43500,0,0,0,-14500,-7250,0,0,0,0,580702684294120718,1240000,0,0,0,210000,0,0,0,0,2530,2530
580702617348900381,Order,2025/10/09,2025/10/16,VND,59000,85000,85000,110000,-25000,0,0,0,-26000,-4750,-8925,0,-40000,30000,10000,0,0,0,0,0,0,0,0,-8500,0,0,0,0,0,0,0,0,0,-2550,0,0,0,-850,-425,0,0,0,0,580702617348900381,95000,0,0,0,0,0,0,0,0,110,110
580702518689825974,Order,2025/10/09,2025/10/16,VND,51000,85000,85000,110000,-25000,0,0,0,-34000,-4250,-8925,0,-14300,14300,0,0,0,0,0,0,-17000,-17000,0,0,0,0,0,0,0,0,0,0,0,-2550,0,0,0,-850,-425,0,0,0,0,580702518689825974,85000,0,0,0,0,0,0,0,0,110,110
580702475239917015,Order,2025/10/09,2025/10/16,VND,87100,123000,123000,150000,-27000,0,0,0,-35900,-6150,-12915,0,-40000,30000,10000,0,0,0,0,0,0,0,0,-11300,0,0,0,0,0,0,0,0,0,-3690,0,0,0,-1230,-615,0,0,0,0,580702475239917015,123000,0,0,0,10000,0,0,0,0,210,210
580702502320899408,Order,2025/10/09,2025/10/16,VND,297500,425000,425000,550000,-125000,0,0,0,-127500,-21250,-44625,0,-47600,47600,0,0,0,0,0,0,0,0,0,-42500,0,0,0,0,0,0,0,0,0,-12750,0,0,0,-4250,-2125,0,0,0,0,580702502320899408,425000,0,0,0,0,0,0,0,0,510,510
580702369146242591,Order,2025/10/09,2025/10/16,VND,50740,85000,85000,110000,-25000,0,0,0,-34260,-4510,-8925,0,-35200,30000,5200,0,0,0,0,0,-17000,-17000,0,0,0,0,0,0,0,0,0,0,0,-2550,0,0,0,-850,-425,0,0,0,0,580702369146242591,90200,0,0,0,0,0,0,0,0,110,110
580702309700830258,Order,2025/10/09,2025/10/16,VND,73800,123000,123000,150000,-27000,0,0,0,-49200,-6150,-12915,0,-40000,40000,0,0,0,0,0,0,-24600,-24600,0,0,0,0,0,0,0,0,0,0,0,-3690,0,0,0,-1230,-615,0,0,0,0,580702309700830258,123000,0,0,0,0,0,0,0,0,210,210
580702329114429365,Order,2025/10/09,2025/10/16,VND,84800,123000,123000,150000,-27000,0,0,0,-38200,-7450,-12915,0,-40000,14000,26000,0,0,0,0,0,0,0,0,-12300,0,0,0,0,0,0,0,0,0,-3690,0,0,0,-1230,-615,0,0,0,0,580702329114429365,149000,0,0,0,0,0,0,0,0,210,210
580702309288478146,Order,2025/10/09,2025/10/16,VND,174000,290000,290000,360000,-70000,0,0,0,-116000,-14500,-30450,0,-47600,47600,0,0,0,0,0,0,-58000,-58000,0,0,0,0,0,0,0,0,0,0,0,-8700,0,0,0,-2900,-1450,0,0,0,0,580702309288478146,290000,0,0,0,0,0,0,0,0,510,510
580702276252436223,Order,2025/10/09,2025/10/16,VND,59000,85000,85000,110000,-25000,0,0,0,-26000,-4750,-8925,0,-40000,30000,10000,0,0,0,0,0,0,0,0,-8500,0,0,0,0,0,0,0,0,0,-2550,0,0,0,-850,-425,0,0,0,0,580702276252436223,95000,0,0,0,0,0,0,0,0,110,110
580702150228674213,Order,2025/10/09,2025/10/16,VND,86100,123000,123000,150000,-27000,0,0,0,-36900,-6150,-12915,0,-40000,40000,0,0,0,0,0,0,0,0,0,-12300,0,0,0,0,0,0,0,0,0,-3690,0,0,0,-1230,-615,0,0,0,0,580702150228674213,123000,0,0,0,0,0,0,0,0,210,210
580700790344549990,Order,2025/10/09,2025/10/16,VND,73300,123000,123000,150000,-27000,0,0,0,-49700,-6650,-12915,0,-40000,30000,10000,0,0,0,0,0,-24600,-24600,0,0,0,0,0,0,0,0,0,0,0,-3690,0,0,0,-1230,-615,0,0,0,0,580700790344549990,133000,0,0,0,0,0,0,0,0,210,210
580700745693300237,Order,2025/10/09,2025/10/16,VND,174000,290000,290000,360000,-70000,0,0,0,-116000,-14500,-30450,0,-41400,41400,0,0,0,0,0,0,-58000,-58000,0,0,0,0,0,0,0,0,0,0,0,-8700,0,0,0,-2900,-1450,0,0,0,0,580700745693300237,290000,0,0,0,0,0,0,0,0,510,510
580700555444454859,Order,2025/10/09,2025/10/16,VND,50500,85000,85000,110000,-25000,0,0,0,-34500,-4750,-8925,0,-40000,30000,10000,0,0,0,0,0,-17000,-17000,0,0,0,0,0,0,0,0,0,0,0,-2550,0,0,0,-850,-425,0,0,0,0,580700555444454859,95000,0,0,0,0,0,0,0,0,110,110
580700593381541508,Order,2025/10/09,2025/10/16,VND,50500,85000,85000,110000,-25000,0,0,0,-34500,-4750,-8925,0,-40000,30000,10000,0,0,0,0,0,-17000,-17000,0,0,0,0,0,0,0,0,0,0,0,-2550,0,0,0,-850,-425,0,0,0,0,580700593381541508,95000,0,0,0,0,0,0,0,0,110,110
580700591293433740,Order,2025/10/09,2025/10/16,VND,1404000,1740000,1740000,2160000,-420000,0,0,0,-336000,-75000,-182700,0,-54800,54800,0,0,0,0,0,0,0,0,0,0,0,0,0,0,0,0,0,0,0,-52200,0,0,0,-17400,-8700,0,0,0,0,580700591293433740,1500000,0,0,0,240000,0,0,0,0,3030,3030
580700530456429600,Order,2025/10/09,2025/10/16,VND,73300,123000,123000,150000,-27000,0,0,0,-49700,-6650,-12915,0,-40000,30000,10000,0,0,0,0,0,-24600,-24600,0,0,0,0,0,0,0,0,0,0,0,-3690,0,0,0,-1230,-615,0,0,0,0,580700530456429600,133000,0,0,0,0,0,0,0,0,210,210
580700108934055526,Order,2025/10/09,2025/10/16,VND,71800,123000,123000,150000,-27000,0,0,0,-51200,-8150,-12915,0,-40000,0,40000,0,0,0,0,0,-24600,-24600,0,0,0,0,0,0,0,0,0,0,0,-3690,0,0,0,-1230,-615,0,0,0,0,580700108934055526,163000,0,0,0,0,0,0,0,0,210,210
580697924253419363,Order,2025/10/09,2025/10/16,VND,348000,580000,580000,720000,-140000,0,0,0,-232000,-29000,-60900,0,-55400,55400,0,0,0,0,0,0,-116000,-116000,0,0,0,0,0,0,0,0,0,0,0,-17400,0,0,0,-5800,-2900,0,0,0,0,580697924253419363,580000,0,0,0,0,0,0,0,0,1030,1030
580694776170448519,Order,2025/10/09,2025/10/16,VND,-40000,0,0,0,0,0,0,0,-40000,0,0,-40000,-40000,0,0,0,0,0,0,0,0,0,0,0,0,0,0,0,0,0,0,0,0,0,0,0,0,0,0,0,0,0,0,580694776170448519,0,0,0,0,0,0,0,0,0,200,200
580693371813529587,Order,2025/10/09,2025/10/16,VND,209000,290000,290000,360000,-70000,0,0,0,-81000,-12500,-30450,0,-47600,47600,0,0,0,0,0,0,0,0,0,-25000,0,0,0,0,0,0,0,0,0,-8700,0,0,0,-2900,-1450,0,0,0,0,580693371813529587,250000,0,0,0,40000,0,0,0,0,510,510
580692567319086446,Order,2025/10/09,2025/10/16,VND,174000,290000,290000,360000,-70000,0,0,0,-116000,-14500,-30450,0,-47600,47600,0,0,0,0,0,0,-58000,-58000,0,0,0,0,0,0,0,0,0,0,0,-8700,0,0,0,-2900,-1450,0,0,0,0,580692567319086446,290000,0,0,0,0,0,0,0,0,510,510
580689836470469692,Order,2025/10/08,2025/10/16,VND,178815,290000,290000,360000,-70000,0,0,0,-111185,-13745,-30450,0,-35200,30000,5200,0,0,0,0,0,-53940,-53940,0,0,0,0,0,0,0,0,0,0,0,-8700,0,0,0,-2900,-1450,0,0,0,0,580689836470469692,274900,0,0,0,20300,0,0,0,0,500,500
580688953632851674,Order,2025/10/08,2025/10/16,VND,73800,123000,123000,150000,-27000,0,0,0,-49200,-6150,-12915,0,-26200,26200,0,0,0,0,0,0,-24600,-24600,0,0,0,0,0,0,0,0,0,0,0,-3690,0,0,0,-1230,-615,0,0,0,0,580688953632851674,123000,0,0,0,0,0,0,0,0,210,210
580688449666123145,Order,2025/10/08,2025/10/16,VND,85600,123000,123000,150000,-27000,0,0,0,-37400,-6650,-12915,0,-40000,30000,10000,0,0,0,0,0,0,0,0,-12300,0,0,0,0,0,0,0,0,0,-3690,0,0,0,-1230,-615,0,0,0,0,580688449666123145,133000,0,0,0,0,0,0,0,0,210,210
580688397255411293,Order,2025/10/08,2025/10/16,VND,49450,85000,85000,110000,-25000,0,0,0,-35550,-5800,-8925,0,-37000,6000,31000,0,0,0,0,0,-17000,-17000,0,0,0,0,0,0,0,0,0,0,0,-2550,0,0,0,-850,-425,0,0,0,0,580688397255411293,116000,0,0,0,0,0,0,0,0,110,110
580688350102128519,Order,2025/10/08,2025/10/16,VND,73200,123000,123000,150000,-27000,0,0,0,-49800,-6750,-12915,0,-37000,25000,12000,0,0,0,0,0,-24600,-24600,0,0,0,0,0,0,0,0,0,0,0,-3690,0,0,0,-1230,-615,0,0,0,0,580688350102128519,135000,0,0,0,0,0,0,0,0,210,210
580663174845006925,Order,2025/10/06,2025/10/16,VND,197062,276950,276950,360000,-83050,0,0,0,-79888,-13695,-29080,0,-41400,14000,27400,0,0,0,0,0,0,0,0,-24650,0,0,0,0,0,0,0,0,0,-8308,0,0,0,-2770,-1385,0,0,0,0,580663174845006925,273900,0,-13050,0,30450,0,30450,0,0,510,510
580574360925078528,Order,2025/09/29,2025/10/16,VND,-40000,0,0,0,0,0,0,0,-40000,0,0,-40000,-40000,0,0,0,0,0,0,0,0,0,0,0,0,0,0,0,0,0,0,0,0,0,0,0,0,0,0,0,0,0,0,580574360925078528,0,0,0,0,0,0,0,0,0,210,210
580720298997483384,Order,2025/10/10,2025/10/15,VND,51000,85000,85000,110000,-25000,0,0,0,-34000,-4250,-8925,0,-19700,19700,0,0,0,0,0,0,-17000,-17000,0,0,0,0,0,0,0,0,0,0,0,-2550,0,0,0,-850,-425,0,0,0,0,580720298997483384,85000,0,0,0,0,0,0,0,0,110,110
580718204051752323,Order,2025/10/10,2025/10/15,VND,68750,85000,85000,110000,-25000,0,0,0,-16250,-700,-8925,0,-30300,30300,0,0,0,0,0,0,-2800,-2800,0,0,0,0,0,0,0,0,0,0,0,-2550,0,0,0,-850,-425,0,0,0,0,580718204051752323,14000,0,0,0,71000,0,0,0,0,110,110
580716988621489916,Order,2025/10/10,2025/10/15,VND,205610,290000,290000,360000,-70000,0,0,0,-84390,-13630,-30450,0,-35100,35100,0,0,0,0,0,0,0,0,0,-27260,0,0,0,0,0,0,0,0,0,-8700,0,0,0,-2900,-1450,0,0,0,0,580716988621489916,272600,0,0,0,17400,0,0,0,0,510,510
580712542116939131,Order,2025/10/10,2025/10/15,VND,-35200,0,0,0,0,0,0,0,-35200,0,0,-35200,-35200,0,0,0,0,0,0,0,0,0,0,0,0,0,0,0,0,0,0,0,0,0,0,0,0,0,0,0,0,0,0,580712542116939131,0,0,0,0,0,0,0,0,0,200,200
580703219452773875,Order,2025/10/09,2025/10/15,VND,85600,123000,123000,150000,-27000,0,0,0,-37400,-6650,-12915,0,-40000,30000,10000,0,0,0,0,0,0,0,0,-12300,0,0,0,0,0,0,0,0,0,-3690,0,0,0,-1230,-615,0,0,0,0,580703219452773875,133000,0,0,0,0,0,0,0,0,210,210
580702570098164911,Order,2025/10/09,2025/10/15,VND,73540,123000,123000,150000,-27000,0,0,0,-49460,-6410,-12915,0,-35200,30000,5200,0,0,0,0,0,-24600,-24600,0,0,0,0,0,0,0,0,0,0,0,-3690,0,0,0,-1230,-615,0,0,0,0,580702570098164911,128200,0,0,0,0,0,0,0,0,210,210
580702430531257525,Order,2025/10/09,2025/10/15,VND,181975,290000,290000,360000,-70000,0,0,0,-108025,-12905,-30450,0,-47600,47600,0,0,0,0,0,0,-51620,-51620,0,0,0,0,0,0,0,0,0,0,0,-8700,0,0,0,-2900,-1450,0,0,0,0,580702430531257525,258100,0,0,0,31900,0,0,0,0,510,510
580702347292083620,Order,2025/10/09,2025/10/15,VND,96750,123000,123000,150000,-27000,0,0,0,-26250,-2600,-12915,0,-30300,30300,0,0,0,0,0,0,0,0,0,-5200,0,0,0,0,0,0,0,0,0,-3690,0,0,0,-1230,-615,0,0,0,0,580702347292083620,52000,0,0,0,71000,0,0,0,0,210,210
580702142685283468,Order,2025/10/09,2025/10/15,VND,50735,85000,85000,110000,-25000,0,0,0,-34265,-4515,-8925,0,-30300,25000,5300,0,0,0,0,0,-17000,-17000,0,0,0,0,0,0,0,0,0,0,0,-2550,0,0,0,-850,-425,0,0,0,0,580702142685283468,90300,0,0,0,0,0,0,0,0,110,110
580702154052764708,Order,2025/10/09,2025/10/15,VND,85350,123000,123000,150000,-27000,0,0,0,-37650,-6900,-12915,0,-40000,25000,15000,0,0,0,0,0,0,0,0,-12300,0,0,0,0,0,0,0,0,0,-3690,0,0,0,-1230,-615,0,0,0,0,580702154052764708,138000,0,0,0,0,0,0,0,0,210,210
580702016580978035,Order,2025/10/09,2025/10/15,VND,86085,123000,123000,150000,-27000,0,0,0,-36915,-6165,-12915,0,-30300,30000,300,0,0,0,0,0,0,0,0,-12300,0,0,0,0,0,0,0,0,0,-3690,0,0,0,-1230,-615,0,0,0,0,580702016580978035,123300,0,0,0,0,0,0,0,0,210,210
580701219472639150,Order,2025/10/09,2025/10/15,VND,73300,123000,123000,150000,-27000,0,0,0,-49700,-6650,-12915,0,-40000,30000,10000,0,0,0,0,0,-24600,-24600,0,0,0,0,0,0,0,0,0,0,0,-3690,0,0,0,-1230,-615,0,0,0,0,580701219472639150,133000,0,0,0,0,0,0,0,0,210,210
580697133231605442,Order,2025/10/09,2025/10/15,VND,174000,290000,290000,360000,-70000,0,0,0,-116000,-14500,-30450,0,-47600,47600,0,0,0,0,0,0,-58000,-58000,0,0,0,0,0,0,0,0,0,0,0,-8700,0,0,0,-2900,-1450,0,0,0,0,580697133231605442,290000,0,0,0,0,0,0,0,0,510,510
580694833216718313,Order,2025/10/09,2025/10/15,VND,-40000,0,0,0,0,0,0,0,-40000,0,0,-40000,-40000,0,0,0,0,0,0,0,0,0,0,0,0,0,0,0,0,0,0,0,0,0,0,0,0,0,0,0,0,0,0,580694833216718313,0,0,0,0,0,0,0,0,0,200,200
580693413548295819,Order,2025/10/09,2025/10/15,VND,86100,123000,123000,150000,-27000,0,0,0,-36900,-6150,-12915,0,-30300,30300,0,0,0,0,0,0,0,0,0,-12300,0,0,0,0,0,0,0,0,0,-3690,0,0,0,-1230,-615,0,0,0,0,580693413548295819,123000,0,0,0,0,0,0,0,0,210,210
580693391480554624,Order,2025/10/09,2025/10/15,VND,50985,85000,85000,110000,-25000,0,0,0,-34015,-4265,-8925,0,-30300,30000,300,0,0,0,0,0,-17000,-17000,0,0,0,0,0,0,0,0,0,0,0,-2550,0,0,0,-850,-425,0,0,0,0,580693391480554624,85300,0,0,0,0,0,0,0,0,110,110
580692789430879278,Order,2025/10/09,2025/10/15,VND,50000,85000,85000,110000,-25000,0,0,0,-35000,-5250,-8925,0,-40000,20000,20000,0,0,0,0,0,-17000,-17000,0,0,0,0,0,0,0,0,0,0,0,-2550,0,0,0,-850,-425,0,0,0,0,580692789430879278,105000,0,0,0,0,0,0,0,0,110,110
580692779418354945,Order,2025/10/09,2025/10/15,VND,73800,123000,123000,150000,-27000,0,0,0,-49200,-6150,-12915,0,-14300,14300,0,0,0,0,0,0,-24600,-24600,0,0,0,0,0,0,0,0,0,0,0,-3690,0,0,0,-1230,-615,0,0,0,0,580692779418354945,123000,0,0,0,0,0,0,0,0,210,210
580691037923804473,Order,2025/10/08,2025/10/15,VND,73300,123000,123000,150000,-27000,0,0,0,-49700,-6650,-12915,0,-40000,30000,10000,0,0,0,0,0,-24600,-24600,0,0,0,0,0,0,0,0,0,0,0,-3690,0,0,0,-1230,-615,0,0,0,0,580691037923804473,133000,0,0,0,0,0,0,0,0,210,210
580690816862488258,Order,2025/10/08,2025/10/15,VND,73300,123000,123000,150000,-27000,0,0,0,-49700,-6650,-12915,0,-40000,30000,10000,0,0,0,0,0,-24600,-24600,0,0,0,0,0,0,0,0,0,0,0,-3690,0,0,0,-1230,-615,0,0,0,0,580690816862488258,133000,0,0,0,0,0,0,0,0,210,210
580690366043817563,Order,2025/10/08,2025/10/15,VND,59500,85000,85000,110000,-25000,0,0,0,-25500,-4250,-8925,0,-40000,40000,0,0,0,0,0,0,0,0,0,-8500,0,0,0,0,0,0,0,0,0,-2550,0,0,0,-850,-425,0,0,0,0,580690366043817563,85000,0,0,0,0,0,0,0,0,110,110
580689469629564897,Order,2025/10/08,2025/10/15,VND,174000,290000,290000,360000,-70000,0,0,0,-116000,-14500,-30450,0,-47600,47600,0,0,0,0,0,0,-58000,-58000,0,0,0,0,0,0,0,0,0,0,0,-8700,0,0,0,-2900,-1450,0,0,0,0,580689469629564897,290000,0,0,0,0,0,0,0,0,510,510
580689180731016224,Order,2025/10/08,2025/10/15,VND,73300,123000,123000,150000,-27000,0,0,0,-49700,-6650,-12915,0,-40000,30000,10000,0,0,0,0,0,-24600,-24600,0,0,0,0,0,0,0,0,0,0,0,-3690,0,0,0,-1230,-615,0,0,0,0,580689180731016224,133000,0,0,0,0,0,0,0,0,210,210
580689122686109046,Order,2025/10/08,2025/10/15,VND,59485,85000,85000,110000,-25000,0,0,0,-25515,-4265,-8925,0,-30300,30000,300,0,0,0,0,0,0,0,0,-8500,0,0,0,0,0,0,0,0,0,-2550,0,0,0,-850,-425,0,0,0,0,580689122686109046,85300,0,0,0,0,0,0,0,0,110,110
580689095723025595,Order,2025/10/08,2025/10/15,VND,50500,85000,85000,110000,-25000,0,0,0,-34500,-4750,-8925,0,-40000,30000,10000,0,0,0,0,0,-17000,-17000,0,0,0,0,0,0,0,0,0,0,0,-2550,0,0,0,-850,-425,0,0,0,0,580689095723025595,95000,0,0,0,0,0,0,0,0,110,110
580688781495010621,Order,2025/10/08,2025/10/15,VND,86100,123000,123000,150000,-27000,0,0,0,-36900,-6150,-12915,0,-40000,40000,0,0,0,0,0,0,0,0,0,-12300,0,0,0,0,0,0,0,0,0,-3690,0,0,0,-1230,-615,0,0,0,0,580688781495010621,123000,0,0,0,0,0,0,0,0,210,210
580688814706230400,Order,2025/10/08,2025/10/15,VND,73300,123000,123000,150000,-27000,0,0,0,-49700,-6650,-12915,0,-40000,30000,10000,0,0,0,0,0,-24600,-24600,0,0,0,0,0,0,0,0,0,0,0,-3690,0,0,0,-1230,-615,0,0,0,0,580688814706230400,133000,0,0,0,0,0,0,0,0,210,210
580688728551097382,Order,2025/10/08,2025/10/15,VND,85840,123000,123000,150000,-27000,0,0,0,-37160,-6410,-12915,0,-35200,30000,5200,0,0,0,0,0,0,0,0,-12300,0,0,0,0,0,0,0,0,0,-3690,0,0,0,-1230,-615,0,0,0,0,580688728551097382,128200,0,0,0,0,0,0,0,0,210,210
580688689246209396,Order,2025/10/08,2025/10/15,VND,59500,85000,85000,110000,-25000,0,0,0,-25500,-4250,-8925,0,-40000,40000,0,0,0,0,0,0,0,0,0,-8500,0,0,0,0,0,0,0,0,0,-2550,0,0,0,-850,-425,0,0,0,0,580688689246209396,85000,0,0,0,0,0,0,0,0,110,110
580688607483888738,Order,2025/10/08,2025/10/15,VND,89790,123000,123000,150000,-27000,0,0,0,-33210,-4920,-12915,0,-40000,40000,0,0,0,0,0,0,0,0,0,-9840,0,0,0,0,0,0,0,0,0,-3690,0,0,0,-1230,-615,0,0,0,0,580688607483888738,98400,0,0,0,24600,0,0,0,0,210,210
580688594533058535,Order,2025/10/08,2025/10/15,VND,85040,123000,123000,150000,-27000,0,0,0,-37960,-7210,-12915,0,-35200,14000,21200,0,0,0,0,0,0,0,0,-12300,0,0,0,0,0,0,0,0,0,-3690,0,0,0,-1230,-615,0,0,0,0,580688594533058535,144200,0,0,0,0,0,0,0,0,210,210
580688556347196773,Order,2025/10/08,2025/10/15,VND,59000,85000,85000,110000,-25000,0,0,0,-26000,-4750,-8925,0,-40000,30000,10000,0,0,0,0,0,0,0,0,-8500,0,0,0,0,0,0,0,0,0,-2550,0,0,0,-850,-425,0,0,0,0,580688556347196773,95000,0,0,0,0,0,0,0,0,110,110
580688522984850965,Order,2025/10/08,2025/10/15,VND,49700,85000,85000,110000,-25000,0,0,0,-35300,-5550,-8925,0,-40000,14000,26000,0,0,0,0,0,-17000,-17000,0,0,0,0,0,0,0,0,0,0,0,-2550,0,0,0,-850,-425,0,0,0,0,580688522984850965,111000,0,0,0,0,0,0,0,0,110,110
580688248414308148,Order,2025/10/08,2025/10/15,VND,60770,85000,85000,110000,-25000,0,0,0,-24230,-4000,-8925,0,-35200,30000,5200,0,0,0,0,0,0,0,0,-7480,0,0,0,0,0,0,0,0,0,-2550,0,0,0,-850,-425,0,0,0,0,580688248414308148,80000,0,0,0,10200,0,0,0,0,110,110
580687444521092601,Order,2025/10/08,2025/10/15,VND,147600,246000,246000,300000,-54000,0,0,0,-98400,-12300,-25830,0,-40000,40000,0,0,0,0,0,0,-49200,-49200,0,0,0,0,0,0,0,0,0,0,0,-7380,0,0,0,-2460,-1230,0,0,0,0,580687444521092601,246000,0,0,0,0,0,0,0,0,410,410
580676058499876465,Order,2025/10/07,2025/10/15,VND,79950,123000,123000,150000,-27000,0,0,0,-43050,-4920,-12915,0,-40000,40000,0,0,0,0,0,0,-19680,-19680,0,0,0,0,0,0,0,0,0,0,0,-3690,0,0,0,-1230,-615,0,0,0,0,580676058499876465,98400,0,0,0,24600,0,0,0,0,210,210
580675715768026395,Order,2025/10/07,2025/10/15,VND,85600,123000,123000,150000,-27000,0,0,0,-37400,-6650,-12915,0,-40000,30000,10000,0,0,0,0,0,0,0,0,-12300,0,0,0,0,0,0,0,0,0,-3690,0,0,0,-1230,-615,0,0,0,0,580675715768026395,133000,0,0,0,0,0,0,0,0,210,210
580675512428627038,Order,2025/10/07,2025/10/15,VND,174000,290000,290000,360000,-70000,0,0,0,-116000,-14500,-30450,0,-35100,35100,0,0,0,0,0,0,-58000,-58000,0,0,0,0,0,0,0,0,0,0,0,-8700,0,0,0,-2900,-1450,0,0,0,0,580675512428627038,290000,0,0,0,0,0,0,0,0,510,510
580665033821947694,Order,2025/10/06,2025/10/15,VND,73800,123000,123000,150000,-27000,0,0,0,-49200,-6150,-12915,0,-40000,40000,0,0,0,0,0,0,-24600,-24600,0,0,0,0,0,0,0,0,0,0,0,-3690,0,0,0,-1230,-615,0,0,0,0,580665033821947694,123000,0,0,0,0,0,0,0,0,210,210
580662989031048380,Order,2025/10/06,2025/10/15,VND,869622,1427500,1427500,1800000,-372500,0,0,0,-557878,-68750,-149888,0,-48100,48100,0,0,0,0,0,0,-275000,-275000,0,0,0,0,0,0,0,0,0,0,0,-42825,0,0,0,-14275,-7140,0,0,0,0,580662989031048380,1375000,0,-22500,0,52500,0,52500,0,0,2530,2530
580647064357930163,Order,2025/10/05,2025/10/15,VND,105000,150000,150000,150000,0,0,0,0,-45000,-7500,-15750,0,-40000,40000,0,0,0,0,0,0,0,0,0,-15000,0,0,0,0,0,0,0,0,0,-4500,0,0,0,-1500,-750,0,0,0,0,580647064357930163,150000,0,0,0,0,0,0,0,0,210,210
580634805007189419,Order,2025/10/04,2025/10/15,VND,-35200,0,0,0,0,0,0,0,-35200,0,0,-35200,-35200,0,0,0,0,0,0,0,0,0,0,0,0,0,0,0,0,0,0,0,0,0,0,0,0,0,0,0,0,0,0,580634805007189419,0,0,0,0,0,0,0,0,0,410,410
580702666881468382,Order,2025/10/09,2025/10/14,VND,174000,290000,290000,360000,-70000,0,0,0,-116000,-14500,-30450,0,-29700,29700,0,0,0,0,0,0,-58000,-58000,0,0,0,0,0,0,0,0,0,0,0,-8700,0,0,0,-2900,-1450,0,0,0,0,580702666881468382,290000,0,0,0,0,0,0,0,0,510,510
580702162070504808,Order,2025/10/09,2025/10/14,VND,86100,123000,123000,150000,-27000,0,0,0,-36900,-6150,-12915,0,-26200,26200,0,0,0,0,0,0,0,0,0,-12300,0,0,0,0,0,0,0,0,0,-3690,0,0,0,-1230,-615,0,0,0,0,580702162070504808,123000,0,0,0,0,0,0,0,0,210,210
580697299153945721,Order,2025/10/09,2025/10/14,VND,73300,123000,123000,150000,-27000,0,0,0,-49700,-6650,-12915,0,-40000,30000,10000,0,0,0,0,0,-24600,-24600,0,0,0,0,0,0,0,0,0,0,0,-3690,0,0,0,-1230,-615,0,0,0,0,580697299153945721,133000,0,0,0,0,0,0,0,0,210,210
580694961415292642,Order,2025/10/09,2025/10/14,VND,85600,123000,123000,150000,-27000,0,0,0,-37400,-6650,-12915,0,-40000,30000,10000,0,0,0,0,0,0,0,0,-12300,0,0,0,0,0,0,0,0,0,-3690,0,0,0,-1230,-615,0,0,0,0,580694961415292642,133000,0,0,0,0,0,0,0,0,210,210
580694832668509556,Order,2025/10/09,2025/10/14,VND,73300,123000,123000,150000,-27000,0,0,0,-49700,-6650,-12915,0,-40000,30000,10000,0,0,0,0,0,-24600,-24600,0,0,0,0,0,0,0,0,0,0,0,-3690,0,0,0,-1230,-615,0,0,0,0,580694832668509556,133000,0,0,0,0,0,0,0,0,210,210
580690388557727465,Order,2025/10/08,2025/10/14,VND,73800,123000,123000,150000,-27000,0,0,0,-49200,-6150,-12915,0,-30300,30300,0,0,0,0,0,0,-24600,-24600,0,0,0,0,0,0,0,0,0,0,0,-3690,0,0,0,-1230,-615,0,0,0,0,580690388557727465,123000,0,0,0,0,0,0,0,0,210,210
580690004631585827,Order,2025/10/08,2025/10/14,VND,50500,85000,85000,110000,-25000,0,0,0,-34500,-4750,-8925,0,-40000,30000,10000,0,0,0,0,0,-17000,-17000,0,0,0,0,0,0,0,0,0,0,0,-2550,0,0,0,-850,-425,0,0,0,0,580690004631585827,95000,0,0,0,0,0,0,0,0,110,110
580689659606173432,Order,2025/10/08,2025/10/14,VND,369000,615000,615000,750000,-135000,0,0,0,-246000,-30750,-64575,0,-39400,39400,0,0,0,0,0,0,-123000,-123000,0,0,0,0,0,0,0,0,0,0,0,-18450,0,0,0,-6150,-3075,0,0,0,0,580689659606173432,615000,0,0,0,0,0,0,0,0,1030,1030
580689003629282967,Order,2025/10/08,2025/10/14,VND,181500,290000,290000,360000,-70000,0,0,0,-108500,-13000,-30450,0,-47600,47600,0,0,0,0,0,0,-52000,-52000,0,0,0,0,0,0,0,0,0,0,0,-8700,0,0,0,-2900,-1450,0,0,0,0,580689003629282967,260000,0,0,0,30000,0,0,0,0,510,510
580688784774170500,Order,2025/10/08,2025/10/14,VND,73785,123000,123000,150000,-27000,0,0,0,-49215,-6165,-12915,0,-30300,30000,300,0,0,0,0,0,-24600,-24600,0,0,0,0,0,0,0,0,0,0,0,-3690,0,0,0,-1230,-615,0,0,0,0,580688784774170500,123300,0,0,0,0,0,0,0,0,200,200
580688515403908440,Order,2025/10/08,2025/10/14,VND,73800,123000,123000,150000,-27000,0,0,0,-49200,-6150,-12915,0,-30300,30300,0,0,0,0,0,0,-24600,-24600,0,0,0,0,0,0,0,0,0,0,0,-3690,0,0,0,-1230,-615,0,0,0,0,580688515403908440,123000,0,0,0,0,0,0,0,0,210,210
580684848104965516,Order,2025/10/08,2025/10/14,VND,73800,123000,123000,150000,-27000,0,0,0,-49200,-6150,-12915,0,-26200,26200,0,0,0,0,0,0,-24600,-24600,0,0,0,0,0,0,0,0,0,0,0,-3690,0,0,0,-1230,-615,0,0,0,0,580684848104965516,123000,0,0,0,0,0,0,0,0,210,210
580684002916534037,Order,2025/10/08,2025/10/14,VND,107950,170000,170000,220000,-50000,0,0,0,-62050,-7310,-17850,0,-40000,40000,0,0,0,0,0,0,-29240,-29240,0,0,0,0,0,0,0,0,0,0,0,-5100,0,0,0,-1700,-850,0,0,0,0,580684002916534037,146200,0,0,0,23800,0,0,0,0,210,210
580682043529398191,Order,2025/10/08,2025/10/14,VND,50500,85000,85000,110000,-25000,0,0,0,-34500,-4750,-8925,0,-40000,30000,10000,0,0,0,0,0,-17000,-17000,0,0,0,0,0,0,0,0,0,0,0,-2550,0,0,0,-850,-425,0,0,0,0,580682043529398191,95000,0,0,0,0,0,0,0,0,110,110
580680429025854635,Order,2025/10/08,2025/10/14,VND,171940,246000,246000,300000,-54000,0,0,0,-74060,-12560,-25830,0,-35200,30000,5200,0,0,0,0,0,0,0,0,-24600,0,0,0,0,0,0,0,0,0,-7380,0,0,0,-2460,-1230,0,0,0,0,580680429025854635,251200,0,0,0,0,0,0,0,0,410,410
580678575447246819,Order,2025/10/07,2025/10/14,VND,85600,123000,123000,150000,-27000,0,0,0,-37400,-6650,-12915,0,-40000,30000,10000,0,0,0,0,0,0,0,0,-12300,0,0,0,0,0,0,0,0,0,-3690,0,0,0,-1230,-615,0,0,0,0,580678575447246819,133000,0,0,0,0,0,0,0,0,210,210
580678558486726354,Order,2025/10/07,2025/10/14,VND,73300,123000,123000,150000,-27000,0,0,0,-49700,-6650,-12915,0,-40000,30000,10000,0,0,0,0,0,-24600,-24600,0,0,0,0,0,0,0,0,0,0,0,-3690,0,0,0,-1230,-615,0,0,0,0,580678558486726354,133000,0,0,0,0,0,0,0,0,210,210
580678114479146676,Order,2025/10/07,2025/10/14,VND,58500,85000,85000,110000,-25000,0,0,0,-26500,-5250,-8925,0,-40000,20000,20000,0,0,0,0,0,0,0,0,-8500,0,0,0,0,0,0,0,0,0,-2550,0,0,0,-850,-425,0,0,0,0,580678114479146676,105000,0,0,0,0,0,0,0,0,110,110
580677437947086718,Order,2025/10/07,2025/10/14,VND,85600,123000,123000,150000,-27000,0,0,0,-37400,-6650,-12915,0,-40000,30000,10000,0,0,0,0,0,0,0,0,-12300,0,0,0,0,0,0,0,0,0,-3690,0,0,0,-1230,-615,0,0,0,0,580677437947086718,133000,0,0,0,0,0,0,0,0,210,210
580677049429230659,Order,2025/10/07,2025/10/14,VND,91350,123000,123000,150000,-27000,0,0,0,-31650,-4400,-12915,0,-40000,40000,0,0,0,0,0,0,0,0,0,-8800,0,0,0,0,0,0,0,0,0,-3690,0,0,0,-1230,-615,0,0,0,0,580677049429230659,88000,0,0,0,35000,0,0,0,0,210,210
580676998927189899,Order,2025/10/07,2025/10/14,VND,87600,123000,123000,150000,-27000,0,0,0,-35400,-5650,-12915,0,-30300,30300,0,0,0,0,0,0,0,0,0,-11300,0,0,0,0,0,0,0,0,0,-3690,0,0,0,-1230,-615,0,0,0,0,580676998927189899,113000,0,0,0,10000,0,0,0,0,210,210
580676983165388331,Order,2025/10/07,2025/10/14,VND,174000,290000,290000,360000,-70000,0,0,0,-116000,-14500,-30450,0,-41400,41400,0,0,0,0,0,0,-58000,-58000,0,0,0,0,0,0,0,0,0,0,0,-8700,0,0,0,-2900,-1450,0,0,0,0,580676983165388331,290000,0,0,0,0,0,0,0,0,510,510
580677009189930536,Order,2025/10/07,2025/10/14,VND,180525,290000,290000,360000,-70000,0,0,0,-109475,-13195,-30450,0,-41400,41400,0,0,0,0,0,0,-52780,-52780,0,0,0,0,0,0,0,0,0,0,0,-8700,0,0,0,-2900,-1450,0,0,0,0,580677009189930536,263900,0,0,0,26100,0,0,0,0,510,510
580676871222101198,Order,2025/10/07,2025/10/14,VND,73800,123000,123000,150000,-27000,0,0,0,-49200,-6150,-12915,0,-40000,40000,0,0,0,0,0,0,-24600,-24600,0,0,0,0,0,0,0,0,0,0,0,-3690,0,0,0,-1230,-615,0,0,0,0,580676871222101198,123000,0,0,0,0,0,0,0,0,210,210
580676493105857762,Order,2025/10/07,2025/10/14,VND,179075,290000,290000,360000,-70000,0,0,0,-110925,-13485,-30450,0,-29700,29700,0,0,0,0,0,0,-53940,-53940,0,0,0,0,0,0,0,0,0,0,0,-8700,0,0,0,-2900,-1450,0,0,0,0,580676493105857762,269700,0,0,0,20300,0,0,0,0,510,510
580676357314545451,Order,2025/10/07,2025/10/14,VND,73300,123000,123000,150000,-27000,0,0,0,-49700,-6650,-12915,0,-40000,30000,10000,0,0,0,0,0,-24600,-24600,0,0,0,0,0,0,0,0,0,0,0,-3690,0,0,0,-1230,-615,0,0,0,0,580676357314545451,133000,0,0,0,0,0,0,0,0,210,210
580675981728581235,Order,2025/10/07,2025/10/14,VND,89300,123000,123000,150000,-27000,0,0,0,-33700,-5950,-12915,0,-40000,14000,26000,0,0,0,0,0,0,0,0,-9300,0,0,0,0,0,0,0,0,0,-3690,0,0,0,-1230,-615,0,0,0,0,580675981728581235,119000,0,0,0,30000,0,0,0,0,210,210
580675823037023985,Order,2025/10/07,2025/10/14,VND,47650,80000,80000,127000,-47000,0,0,0,-32350,-4350,-8400,0,-37000,30000,7000,0,0,0,0,0,0,0,0,-16000,0,0,0,0,0,0,0,0,0,-2400,0,0,0,-800,-400,0,0,0,0,580675823037023985,87000,0,0,0,0,0,0,0,0,300,300
580675764268467953,Order,2025/10/07,2025/10/14,VND,85750,123000,123000,150000,-27000,0,0,0,-37250,-6500,-12915,0,-37000,30000,7000,0,0,0,0,0,0,0,0,-12300,0,0,0,0,0,0,0,0,0,-3690,0,0,0,-1230,-615,0,0,0,0,580675764268467953,130000,0,0,0,0,0,0,0,0,210,210
580675731887260672,Order,2025/10/07,2025/10/14,VND,87945,123000,123000,150000,-27000,0,0,0,-35055,-5535,-12915,0,-40000,40000,0,0,0,0,0,0,0,0,0,-11070,0,0,0,0,0,0,0,0,0,-3690,0,0,0,-1230,-615,0,0,0,0,580675731887260672,110700,0,0,0,12300,0,0,0,0,210,210
580675718536267737,Order,2025/10/07,2025/10/14,VND,73300,123000,123000,150000,-27000,0,0,0,-49700,-6650,-12915,0,-40000,30000,10000,0,0,0,0,0,-24600,-24600,0,0,0,0,0,0,0,0,0,0,0,-3690,0,0,0,-1230,-615,0,0,0,0,580675718536267737,133000,0,0,0,0,0,0,0,0,210,210
580675619375449187,Order,2025/10/07,2025/10/14,VND,85600,123000,123000,150000,-27000,0,0,0,-37400,-6650,-12915,0,-40000,30000,10000,0,0,0,0,0,0,0,0,-12300,0,0,0,0,0,0,0,0,0,-3690,0,0,0,-1230,-615,0,0,0,0,580675619375449187,133000,0,0,0,0,0,0,0,0,210,210
580675614805624781,Order,2025/10/07,2025/10/14,VND,176500,290000,290000,360000,-70000,0,0,0,-113500,-14000,-30450,0,-35100,35100,0,0,0,0,0,0,-56000,-56000,0,0,0,0,0,0,0,0,0,0,0,-8700,0,0,0,-2900,-1450,0,0,0,0,580675614805624781,280000,0,0,0,10000,0,0,0,0,510,510
580675568171189287,Order,2025/10/07,2025/10/14,VND,174000,290000,290000,360000,-70000,0,0,0,-116000,-14500,-30450,0,-29700,29700,0,0,0,0,0,0,-58000,-58000,0,0,0,0,0,0,0,0,0,0,0,-8700,0,0,0,-2900,-1450,0,0,0,0,580675568171189287,290000,0,0,0,0,0,0,0,0,510,510
580675500474926717,Order,2025/10/07,2025/10/14,VND,174000,290000,290000,360000,-70000,0,0,0,-116000,-14500,-30450,0,-47600,47600,0,0,0,0,0,0,-58000,-58000,0,0,0,0,0,0,0,0,0,0,0,-8700,0,0,0,-2900,-1450,0,0,0,0,580675500474926717,290000,0,0,0,0,0,0,0,0,510,510
580675437134907126,Order,2025/10/07,2025/10/14,VND,75800,123000,123000,150000,-27000,0,0,0,-47200,-6150,-12915,0,-40000,30000,10000,0,0,0,0,0,-22600,-22600,0,0,0,0,0,0,0,0,0,0,0,-3690,0,0,0,-1230,-615,0,0,0,0,580675437134907126,123000,0,0,0,10000,0,0,0,0,210,210
580673562499385283,Order,2025/10/07,2025/10/14,VND,73800,123000,123000,150000,-27000,0,0,0,-49200,-6150,-12915,0,-40000,40000,0,0,0,0,0,0,-24600,-24600,0,0,0,0,0,0,0,0,0,0,0,-3690,0,0,0,-1230,-615,0,0,0,0,580673562499385283,123000,0,0,0,0,0,0,0,0,210,210
580665813920548572,Order,2025/10/06,2025/10/14,VND,71500,115000,115000,150000,-35000,0,0,0,-43500,-5250,-12075,0,-35200,35200,0,0,0,0,0,0,-21000,-21000,0,0,0,0,0,0,0,0,0,0,0,-3450,0,0,0,-1150,-575,0,0,0,0,580665813920548572,105000,0,0,0,10000,0,0,0,0,210,210
580664452832134179,Order,2025/10/06,2025/10/14,VND,174000,290000,290000,360000,-70000,0,0,0,-116000,-14500,-30450,0,-35100,35100,0,0,0,0,0,0,-58000,-58000,0,0,0,0,0,0,0,0,0,0,0,-8700,0,0,0,-2900,-1450,0,0,0,0,580664452832134179,290000,0,0,0,0,0,0,0,0,510,510
580664205201474618,Order,2025/10/06,2025/10/14,VND,716000,1160000,1160000,1440000,-280000,0,0,0,-444000,-54000,-121800,0,-47600,47600,0,0,0,0,0,0,-216000,-216000,0,0,0,0,0,0,0,0,0,0,0,-34800,0,0,0,-11600,-5800,0,0,0,0,580664205201474618,1080000,0,0,0,80000,0,0,0,0,2030,2030
580663673391515416,Order,2025/10/06,2025/10/14,VND,181250,290000,290000,360000,-70000,0,0,0,-108750,-13050,-30450,0,-44600,44600,0,0,0,0,0,0,-52200,-52200,0,0,0,0,0,0,0,0,0,0,0,-8700,0,0,0,-2900,-1450,0,0,0,0,580663673391515416,261000,0,0,0,29000,0,0,0,0,510,510
580663211454793347,Order,2025/10/06,2025/10/14,VND,197552,276950,276950,360000,-83050,0,0,0,-79398,-13205,-29080,0,-47600,30000,17600,0,0,0,0,0,0,0,0,-24650,0,0,0,0,0,0,0,0,0,-8308,0,0,0,-2770,-1385,0,0,0,0,580663211454793347,264100,0,-13050,0,30450,0,30450,0,0,510,510
580662720239142585,Order,2025/10/06,2025/10/14,VND,80240,115000,115000,150000,-35000,0,0,0,-34760,-6010,-12075,0,-35200,30000,5200,0,0,0,0,0,0,0,0,-11500,0,0,0,0,0,0,0,0,0,-3450,0,0,0,-1150,-575,0,0,0,0,580662720239142585,120200,0,0,0,0,0,0,0,0,210,210
580613225269593862,Order,2025/10/02,2025/10/14,VND,-40000,0,0,0,0,0,0,0,-40000,0,0,-40000,-47600,0,0,0,0,0,7600,0,0,0,0,0,0,0,0,0,0,0,0,0,0,0,0,0,0,0,0,0,0,0,0,580613225269593862,0,0,0,0,0,0,0,0,0,510,510
580571288053909103,Order,2025/09/29,2025/10/14,VND,-40000,0,0,0,0,0,0,0,-40000,0,0,-40000,-40000,0,0,0,0,0,0,0,0,0,0,0,0,0,0,0,0,0,0,0,0,0,0,0,0,0,0,0,0,0,0,580571288053909103,0,0,0,0,0,0,0,0,0,310,310
580738789152556675,Order,2025/10/12,2025/10/13,VND,0,0,85000,110000,-25000,-85000,-110000,25000,0,0,0,0,0,0,10000,0,-10000,0,0,0,0,0,0,0,0,0,0,0,0,0,0,0,0,0,0,0,0,0,0,0,0,0,0,580738789152556675,82250,-82250,0,0,12750,-12750,0,0,0,110,0
580697112295475025,Order,2025/10/09,2025/10/13,VND,73800,123000,123000,150000,-27000,0,0,0,-49200,-6150,-12915,0,-30300,30300,0,0,0,0,0,0,-24600,-24600,0,0,0,0,0,0,0,0,0,0,0,-3690,0,0,0,-1230,-615,0,0,0,0,580697112295475025,123000,0,0,0,0,0,0,0,0,210,210
580696531651757543,Order,2025/10/09,2025/10/13,VND,73785,123000,123000,150000,-27000,0,0,0,-49215,-6165,-12915,0,-30300,30000,300,0,0,0,0,0,-24600,-24600,0,0,0,0,0,0,0,0,0,0,0,-3690,0,0,0,-1230,-615,0,0,0,0,580696531651757543,123300,0,0,0,0,0,0,0,0,210,210
580688768419792670,Order,2025/10/08,2025/10/13,VND,406000,580000,580000,720000,-140000,0,0,0,-174000,-29000,-60900,0,-34000,34000,0,0,0,0,0,0,0,0,0,-58000,0,0,0,0,0,0,0,0,0,-17400,0,0,0,-5800,-2900,0,0,0,0,580688768419792670,580000,0,0,0,0,0,0,0,0,1030,1030
580688711113344645,Order,2025/10/08,2025/10/13,VND,86100,123000,123000,150000,-27000,0,0,0,-36900,-6150,-12915,0,-14000,14000,0,0,0,0,0,0,0,0,0,-12300,0,0,0,0,0,0,0,0,0,-3690,0,0,0,-1230,-615,0,0,0,0,580688711113344645,123000,0,0,0,0,0,0,0,0,210,210
580688732655748575,Order,2025/10/08,2025/10/13,VND,73785,123000,123000,150000,-27000,0,0,0,-49215,-6165,-12915,0,-30300,30000,300,0,0,0,0,0,-24600,-24600,0,0,0,0,0,0,0,0,0,0,0,-3690,0,0,0,-1230,-615,0,0,0,0,580688732655748575,123300,0,0,0,0,0,0,0,0,210,210
580678016948864035,Order,2025/10/07,2025/10/13,VND,73800,123000,123000,150000,-27000,0,0,0,-49200,-6150,-12915,0,-35200,35200,0,0,0,0,0,0,-24600,-24600,0,0,0,0,0,0,0,0,0,0,0,-3690,0,0,0,-1230,-615,0,0,0,0,580678016948864035,123000,0,0,0,0,0,0,0,0,210,210
580677828410901890,Order,2025/10/07,2025/10/13,VND,77490,123000,123000,150000,-27000,0,0,0,-45510,-5412,-12915,0,-40000,40000,0,0,0,0,0,0,-21648,-21648,0,0,0,0,0,0,0,0,0,0,0,-3690,0,0,0,-1230,-615,0,0,0,0,580677828410901890,108240,0,0,0,14760,0,0,0,0,210,210
580677773336282301,Order,2025/10/07,2025/10/13,VND,73800,123000,123000,150000,-27000,0,0,0,-49200,-6150,-12915,0,-30300,30300,0,0,0,0,0,0,-24600,-24600,0,0,0,0,0,0,0,0,0,0,0,-3690,0,0,0,-1230,-615,0,0,0,0,580677773336282301,123000,0,0,0,0,0,0,0,0,210,210
580677245513139770,Order,2025/10/07,2025/10/13,VND,73800,123000,123000,150000,-27000,0,0,0,-49200,-6150,-12915,0,-40000,40000,0,0,0,0,0,0,-24600,-24600,0,0,0,0,0,0,0,0,0,0,0,-3690,0,0,0,-1230,-615,0,0,0,0,580677245513139770,123000,0,0,0,0,0,0,0,0,210,210
580677125741512250,Order,2025/10/07,2025/10/13,VND,73800,123000,123000,150000,-27000,0,0,0,-49200,-6150,-12915,0,-40000,40000,0,0,0,0,0,0,-24600,-24600,0,0,0,0,0,0,0,0,0,0,0,-3690,0,0,0,-1230,-615,0,0,0,0,580677125741512250,123000,0,0,0,0,0,0,0,0,210,210
580676462289782152,Order,2025/10/07,2025/10/13,VND,77230,123000,123000,150000,-27000,0,0,0,-45770,-5672,-12915,0,-35200,30000,5200,0,0,0,0,0,-21648,-21648,0,0,0,0,0,0,0,0,0,0,0,-3690,0,0,0,-1230,-615,0,0,0,0,580676462289782152,113440,0,0,0,14760,0,0,0,0,210,210
580675804054521389,Order,2025/10/07,2025/10/13,VND,86100,123000,123000,150000,-27000,0,0,0,-36900,-6150,-12915,0,-40000,40000,0,0,0,0,0,0,0,0,0,-12300,0,0,0,0,0,0,0,0,0,-3690,0,0,0,-1230,-615,0,0,0,0,580675804054521389,123000,0,0,0,0,0,0,0,0,210,210
580675735014180494,Order,2025/10/07,2025/10/13,VND,87100,123000,123000,150000,-27000,0,0,0,-35900,-6150,-12915,0,-40000,30000,10000,0,0,0,0,0,0,0,0,-11300,0,0,0,0,0,0,0,0,0,-3690,0,0,0,-1230,-615,0,0,0,0,580675735014180494,123000,0,0,0,10000,0,0,0,0,210,210
580675677244786390,Order,2025/10/07,2025/10/13,VND,181500,290000,290000,360000,-70000,0,0,0,-108500,-13000,-30450,0,-47600,47600,0,0,0,0,0,0,-52000,-52000,0,0,0,0,0,0,0,0,0,0,0,-8700,0,0,0,-2900,-1450,0,0,0,0,580675677244786390,260000,0,0,0,30000,0,0,0,0,510,510
580675597718291925,Order,2025/10/07,2025/10/13,VND,73800,123000,123000,150000,-27000,0,0,0,-49200,-6150,-12915,0,-35200,35200,0,0,0,0,0,0,-24600,-24600,0,0,0,0,0,0,0,0,0,0,0,-3690,0,0,0,-1230,-615,0,0,0,0,580675597718291925,123000,0,0,0,0,0,0,0,0,210,210
580673971401885064,Order,2025/10/07,2025/10/13,VND,82550,123000,123000,150000,-27000,0,0,0,-40450,-4400,-12915,0,-35200,35200,0,0,0,0,0,0,-17600,-17600,0,0,0,0,0,0,0,0,0,0,0,-3690,0,0,0,-1230,-615,0,0,0,0,580673971401885064,88000,0,0,0,35000,0,0,0,0,210,210
580672087956161701,Order,2025/10/07,2025/10/13,VND,590010,984000,984000,1200000,-216000,0,0,0,-393990,-49590,-103320,0,-37800,30000,7800,0,0,0,0,0,-196800,-196800,0,0,0,0,0,0,0,0,0,0,0,-29520,0,0,0,-9840,-4920,0,0,0,0,580672087956161701,991800,0,0,0,0,0,0,0,0,1630,1630
580670437207869318,Order,2025/10/07,2025/10/13,VND,76285,123000,123000,150000,-27000,0,0,0,-46715,-5665,-12915,0,-30300,30000,300,0,0,0,0,0,-22600,-22600,0,0,0,0,0,0,0,0,0,0,0,-3690,0,0,0,-1230,-615,0,0,0,0,580670437207869318,113300,0,0,0,10000,0,0,0,0,210,210
580670310593103518,Order,2025/10/07,2025/10/13,VND,179000,290000,290000,360000,-70000,0,0,0,-111000,-13500,-30450,0,-47600,47600,0,0,0,0,0,0,-54000,-54000,0,0,0,0,0,0,0,0,0,0,0,-8700,0,0,0,-2900,-1450,0,0,0,0,580670310593103518,270000,0,0,0,20000,0,0,0,0,510,510
580668777553757414,Order,2025/10/07,2025/10/13,VND,-35200,0,0,0,0,0,0,0,-35200,0,0,-35200,-35200,0,0,0,0,0,0,0,0,0,0,0,0,0,0,0,0,0,0,0,0,0,0,0,0,0,0,0,0,0,0,580668777553757414,0,0,0,0,0,0,0,0,0,200,200
580665639317964366,Order,2025/10/06,2025/10/13,VND,181250,290000,290000,360000,-70000,0,0,0,-108750,-13050,-30450,0,-35100,35100,0,0,0,0,0,0,-52200,-52200,0,0,0,0,0,0,0,0,0,0,0,-8700,0,0,0,-2900,-1450,0,0,0,0,580665639317964366,261000,0,0,0,29000,0,0,0,0,510,510
580665530475055023,Order,2025/10/06,2025/10/13,VND,68500,115000,115000,150000,-35000,0,0,0,-46500,-6250,-12075,0,-40000,30000,10000,0,0,0,0,0,-23000,-23000,0,0,0,0,0,0,0,0,0,0,0,-3450,0,0,0,-1150,-575,0,0,0,0,580665530475055023,125000,0,0,0,0,0,0,0,0,210,210
580665391478506600,Order,2025/10/06,2025/10/13,VND,68500,115000,115000,150000,-35000,0,0,0,-46500,-6250,-12075,0,-40000,30000,10000,0,0,0,0,0,-23000,-23000,0,0,0,0,0,0,0,0,0,0,0,-3450,0,0,0,-1150,-575,0,0,0,0,580665391478506600,125000,0,0,0,0,0,0,0,0,210,210
580664402766235097,Order,2025/10/06,2025/10/13,VND,157860,221030,221030,300000,-78970,0,0,0,-63170,-10005,-23208,0,-35200,35200,0,0,0,0,0,0,0,0,0,-20010,0,0,0,0,0,0,0,0,0,-6631,0,0,0,-2210,-1106,0,0,0,0,580664402766235097,200100,0,-8970,0,20930,0,20930,0,0,410,410
580664094573299403,Order,2025/10/06,2025/10/13,VND,68500,115000,115000,150000,-35000,0,0,0,-46500,-6250,-12075,0,-40000,30000,10000,0,0,0,0,0,-23000,-23000,0,0,0,0,0,0,0,0,0,0,0,-3450,0,0,0,-1150,-575,0,0,0,0,580664094573299403,125000,0,0,0,0,0,0,0,0,210,210
580663755349395028,Order,2025/10/06,2025/10/13,VND,521626,847500,847500,1080000,-232500,0,0,0,-325874,-39750,-88988,0,-61700,61700,0,0,0,0,0,0,-159000,-159000,0,0,0,0,0,0,0,0,0,0,0,-25425,0,0,0,-8475,-4236,0,0,0,0,580663755349395028,795000,0,-22500,0,52500,0,52500,0,0,1530,1530
580663456805652279,Order,2025/10/06,2025/10/13,VND,69000,115000,115000,150000,-35000,0,0,0,-46000,-5750,-12075,0,-40000,40000,0,0,0,0,0,0,-23000,-23000,0,0,0,0,0,0,0,0,0,0,0,-3450,0,0,0,-1150,-575,0,0,0,0,580663456805652279,115000,0,0,0,0,0,0,0,0,210,210
580663234443707726,Order,2025/10/06,2025/10/13,VND,68740,115000,115000,150000,-35000,0,0,0,-46260,-6010,-12075,0,-35200,30000,5200,0,0,0,0,0,-23000,-23000,0,0,0,0,0,0,0,0,0,0,0,-3450,0,0,0,-1150,-575,0,0,0,0,580663234443707726,120200,0,0,0,0,0,0,0,0,210,210
580663195180107505,Order,2025/10/06,2025/10/13,VND,198432,276950,276950,360000,-83050,0,0,0,-78518,-12325,-29080,0,-35100,35100,0,0,0,0,0,0,0,0,0,-24650,0,0,0,0,0,0,0,0,0,-8308,0,0,0,-2770,-1385,0,0,0,0,580663195180107505,246500,0,-13050,0,30450,0,30450,0,0,510,510
580663173185046428,Order,2025/10/06,2025/10/13,VND,184875,290000,290000,360000,-70000,0,0,0,-105125,-12325,-30450,0,-47600,47600,0,0,0,0,0,0,-49300,-49300,0,0,0,0,0,0,0,0,0,0,0,-8700,0,0,0,-2900,-1450,0,0,0,0,580663173185046428,246500,0,0,0,43500,0,0,0,0,510,510
580663121075733843,Order,2025/10/06,2025/10/13,VND,69000,115000,115000,150000,-35000,0,0,0,-46000,-5750,-12075,0,-40000,40000,0,0,0,0,0,0,-23000,-23000,0,0,0,0,0,0,0,0,0,0,0,-3450,0,0,0,-1150,-575,0,0,0,0,580663121075733843,115000,0,0,0,0,0,0,0,0,210,210
580662931378242700,Order,2025/10/06,2025/10/13,VND,1026845,1450000,1450000,1800000,-350000,0,0,0,-423155,-68655,-152250,0,-48100,45000,3100,0,0,0,0,0,0,0,0,-137000,0,0,0,0,0,0,0,0,0,-43500,0,0,0,-14500,-7250,0,0,0,0,580662931378242700,1373100,0,0,0,80000,0,0,0,0,2530,2530
580662678970271638,Order,2025/10/06,2025/10/13,VND,203000,290000,290000,360000,-70000,0,0,0,-87000,-14500,-30450,0,-47600,47600,0,0,0,0,0,0,0,0,0,-29000,0,0,0,0,0,0,0,0,0,-8700,0,0,0,-2900,-1450,0,0,0,0,580662678970271638,290000,0,0,0,0,0,0,0,0,510,510
580662152617952694,Order,2025/10/06,2025/10/13,VND,68740,115000,115000,150000,-35000,0,0,0,-46260,-6010,-12075,0,-35200,30000,5200,0,0,0,0,0,-23000,-23000,0,0,0,0,0,0,0,0,0,0,0,-3450,0,0,0,-1150,-575,0,0,0,0,580662152617952694,120200,0,0,0,0,0,0,0,0,210,210
580661822725260343,Order,2025/10/06,2025/10/13,VND,69000,115000,115000,150000,-35000,0,0,0,-46000,-5750,-12075,0,-19700,19700,0,0,0,0,0,0,-23000,-23000,0,0,0,0,0,0,0,0,0,0,0,-3450,0,0,0,-1150,-575,0,0,0,0,580661822725260343,115000,0,0,0,0,0,0,0,0,210,210
580660418521695316,Order,2025/10/06,2025/10/13,VND,183425,290000,290000,360000,-70000,0,0,0,-106575,-12615,-30450,0,-41400,41400,0,0,0,0,0,0,-50460,-50460,0,0,0,0,0,0,0,0,0,0,0,-8700,0,0,0,-2900,-1450,0,0,0,0,580660418521695316,252300,0,0,0,37700,0,0,0,0,510,510
580650661900027694,Order,2025/10/05,2025/10/13,VND,73300,123000,123000,150000,-27000,0,0,0,-49700,-6650,-12915,0,-40000,30000,10000,0,0,0,0,0,-24600,-24600,0,0,0,0,0,0,0,0,0,0,0,-3690,0,0,0,-1230,-615,0,0,0,0,580650661900027694,133000,0,0,0,0,0,0,0,0,210,210
580650355118998767,Order,2025/10/05,2025/10/13,VND,85840,123000,123000,150000,-27000,0,0,0,-37160,-6410,-12915,0,-35200,30000,5200,0,0,0,0,0,0,0,0,-12300,0,0,0,0,0,0,0,0,0,-3690,0,0,0,-1230,-615,0,0,0,0,580650355118998767,128200,0,0,0,0,0,0,0,0,210,210
580650138570490993,Order,2025/10/05,2025/10/13,VND,348000,580000,580000,720000,-140000,0,0,0,-232000,-29000,-60900,0,-39400,39400,0,0,0,0,0,0,-116000,-116000,0,0,0,0,0,0,0,0,0,0,0,-17400,0,0,0,-5800,-2900,0,0,0,0,580650138570490993,580000,0,0,0,0,0,0,0,0,1030,1030
580638112188826760,Order,2025/10/04,2025/10/13,VND,73785,123000,123000,150000,-27000,0,0,0,-49215,-6165,-12915,0,-30300,30000,300,0,0,0,0,0,-24600,-24600,0,0,0,0,0,0,0,0,0,0,0,-3690,0,0,0,-1230,-615,0,0,0,0,580638112188826760,123300,0,0,0,0,0,0,0,0,210,210
580618901593098015,Order,2025/10/03,2025/10/13,VND,-40000,0,0,0,0,0,0,0,-40000,0,0,-40000,-40000,0,0,0,0,0,0,0,0,0,0,0,0,0,0,0,0,0,0,0,0,0,0,0,0,0,0,0,0,0,0,580618901593098015,0,0,0,0,0,0,0,0,0,210,210
580601752353342775,Order,2025/10/01,2025/10/13,VND,-40000,0,0,0,0,0,0,0,-40000,0,0,-40000,-40000,0,0,0,0,0,0,0,0,0,0,0,0,0,0,0,0,0,0,0,0,0,0,0,0,0,0,0,0,0,0,580601752353342775,0,0,0,0,0,0,0,0,0,210,210
580600348727608947,Order,2025/10/01,2025/10/13,VND,-30300,0,0,0,0,0,0,0,-30300,0,0,-30300,-30300,0,0,0,0,0,0,0,0,0,0,0,0,0,0,0,0,0,0,0,0,0,0,0,0,0,0,0,0,0,0,580600348727608947,0,0,0,0,0,0,0,0,0,110,110
580683264980780438,Order,2025/10/08,2025/10/12,VND,73800,123000,123000,150000,-27000,0,0,0,-49200,-6150,-12915,0,-19700,19700,0,0,0,0,0,0,-24600,-24600,0,0,0,0,0,0,0,0,0,0,0,-3690,0,0,0,-1230,-615,0,0,0,0,580683264980780438,123000,0,0,0,0,0,0,0,0,210,210
580676656873571792,Order,2025/10/07,2025/10/12,VND,178350,290000,290000,360000,-70000,0,0,0,-111650,-13630,-30450,0,-20900,20900,0,0,0,0,0,0,-54520,-54520,0,0,0,0,0,0,0,0,0,0,0,-8700,0,0,0,-2900,-1450,0,0,0,0,580676656873571792,272600,0,0,0,17400,0,0,0,0,510,510
580675865893111333,Order,2025/10/07,2025/10/12,VND,73800,123000,123000,150000,-27000,0,0,0,-49200,-6150,-12915,0,-30300,30300,0,0,0,0,0,0,-24600,-24600,0,0,0,0,0,0,0,0,0,0,0,-3690,0,0,0,-1230,-615,0,0,0,0,580675865893111333,123000,0,0,0,0,0,0,0,0,210,210
580664231687586839,Order,2025/10/06,2025/10/12,VND,73300,123000,123000,150000,-27000,0,0,0,-49700,-6650,-12915,0,-40000,30000,10000,0,0,0,0,0,-24600,-24600,0,0,0,0,0,0,0,0,0,0,0,-3690,0,0,0,-1230,-615,0,0,0,0,580664231687586839,133000,0,0,0,0,0,0,0,0,210,210
580658939376797117,Order,2025/10/06,2025/10/12,VND,608915,870000,870000,1080000,-210000,0,0,0,-261085,-43585,-91350,0,-61700,60000,1700,0,0,0,0,0,0,0,0,-87000,0,0,0,0,0,0,0,0,0,-26100,0,0,0,-8700,-4350,0,0,0,0,580658939376797117,871700,0,0,0,0,0,0,0,0,1530,1530
580656707353216543,Order,2025/10/06,2025/10/12,VND,350500,580000,580000,720000,-140000,0,0,0,-229500,-28500,-60900,0,-55400,55400,0,0,0,0,0,0,-114000,-114000,0,0,0,0,0,0,0,0,0,0,0,-17400,0,0,0,-5800,-2900,0,0,0,0,580656707353216543,570000,0,0,0,10000,0,0,0,0,1030,1030
580656310875424446,Order,2025/10/06,2025/10/12,VND,-35200,0,0,0,0,0,0,0,-35200,0,0,-35200,-35200,0,0,0,0,0,0,0,0,0,0,0,0,0,0,0,0,0,0,0,0,0,0,0,0,0,0,0,0,0,0,580656310875424446,0,0,0,0,0,0,0,0,0,200,200
580655265680426007,Order,2025/10/06,2025/10/12,VND,71860,115000,115000,150000,-35000,0,0,0,-43140,-5190,-12075,0,-30300,30000,300,0,0,0,0,0,-20700,-20700,0,0,0,0,0,0,0,0,0,0,0,-3450,0,0,0,-1150,-575,0,0,0,0,580655265680426007,103800,0,0,0,11500,0,0,0,0,210,210
580652170693936471,Order,2025/10/05,2025/10/12,VND,73800,123000,123000,150000,-27000,0,0,0,-49200,-6150,-12915,0,-30300,30300,0,0,0,0,0,0,-24600,-24600,0,0,0,0,0,0,0,0,0,0,0,-3690,0,0,0,-1230,-615,0,0,0,0,580652170693936471,123000,0,0,0,0,0,0,0,0,210,210
580650676061046056,Order,2025/10/05,2025/10/12,VND,73800,123000,123000,150000,-27000,0,0,0,-49200,-6150,-12915,0,-40000,40000,0,0,0,0,0,0,-24600,-24600,0,0,0,0,0,0,0,0,0,0,0,-3690,0,0,0,-1230,-615,0,0,0,0,580650676061046056,123000,0,0,0,0,0,0,0,0,210,210
580650653112174124,Order,2025/10/05,2025/10/12,VND,76615,123000,123000,150000,-27000,0,0,0,-46385,-5795,-12915,0,-35200,30000,5200,0,0,0,0,0,-22140,-22140,0,0,0,0,0,0,0,0,0,0,0,-3690,0,0,0,-1230,-615,0,0,0,0,580650653112174124,115900,0,0,0,12300,0,0,0,0,210,210
580650661898323946,Order,2025/10/05,2025/10/12,VND,76990,123000,123000,150000,-27000,0,0,0,-46010,-5912,-12915,0,-40000,30000,10000,0,0,0,0,0,-21648,-21648,0,0,0,0,0,0,0,0,0,0,0,-3690,0,0,0,-1230,-615,0,0,0,0,580650661898323946,118240,0,0,0,14760,0,0,0,0,210,210
580650520978293919,Order,2025/10/05,2025/10/12,VND,73800,123000,123000,150000,-27000,0,0,0,-49200,-6150,-12915,0,-40000,40000,0,0,0,0,0,0,-24600,-24600,0,0,0,0,0,0,0,0,0,0,0,-3690,0,0,0,-1230,-615,0,0,0,0,580650520978293919,123000,0,0,0,0,0,0,0,0,210,210
580650438276908300,Order,2025/10/05,2025/10/12,VND,76990,123000,123000,150000,-27000,0,0,0,-46010,-5912,-12915,0,-40000,30000,10000,0,0,0,0,0,-21648,-21648,0,0,0,0,0,0,0,0,0,0,0,-3690,0,0,0,-1230,-615,0,0,0,0,580650438276908300,118240,0,0,0,14760,0,0,0,0,210,210
580650368008619213,Order,2025/10/05,2025/10/12,VND,73300,123000,123000,150000,-27000,0,0,0,-49700,-6650,-12915,0,-40000,30000,10000,0,0,0,0,0,-24600,-24600,0,0,0,0,0,0,0,0,0,0,0,-3690,0,0,0,-1230,-615,0,0,0,0,580650368008619213,133000,0,0,0,0,0,0,0,0,210,210
580650347449451784,Order,2025/10/05,2025/10/12,VND,87485,123000,123000,150000,-27000,0,0,0,-35515,-5765,-12915,0,-27300,25000,2300,0,0,0,0,0,0,0,0,-11300,0,0,0,0,0,0,0,0,0,-3690,0,0,0,-1230,-615,0,0,0,0,580650347449451784,115300,0,0,0,10000,0,0,0,0,210,210
580650349039159165,Order,2025/10/05,2025/10/12,VND,73800,123000,123000,150000,-27000,0,0,0,-49200,-6150,-12915,0,-30300,30300,0,0,0,0,0,0,-24600,-24600,0,0,0,0,0,0,0,0,0,0,0,-3690,0,0,0,-1230,-615,0,0,0,0,580650349039159165,123000,0,0,0,0,0,0,0,0,210,210
580650324809123231,Order,2025/10/05,2025/10/12,VND,174000,290000,290000,360000,-70000,0,0,0,-116000,-14500,-30450,0,-47600,47600,0,0,0,0,0,0,-58000,-58000,0,0,0,0,0,0,0,0,0,0,0,-8700,0,0,0,-2900,-1450,0,0,0,0,580650324809123231,290000,0,0,0,0,0,0,0,0,510,510
580650299093779923,Order,2025/10/05,2025/10/12,VND,73800,123000,123000,150000,-27000,0,0,0,-49200,-6150,-12915,0,-40000,40000,0,0,0,0,0,0,-24600,-24600,0,0,0,0,0,0,0,0,0,0,0,-3690,0,0,0,-1230,-615,0,0,0,0,580650299093779923,123000,0,0,0,0,0,0,0,0,210,210
580650218453370126,Order,2025/10/05,2025/10/12,VND,73800,123000,123000,150000,-27000,0,0,0,-49200,-6150,-12915,0,-40000,40000,0,0,0,0,0,0,-24600,-24600,0,0,0,0,0,0,0,0,0,0,0,-3690,0,0,0,-1230,-615,0,0,0,0,580650218453370126,123000,0,0,0,0,0,0,0,0,210,210
580650155083138365,Order,2025/10/05,2025/10/12,VND,85840,123000,123000,150000,-27000,0,0,0,-37160,-6410,-12915,0,-35200,30000,5200,0,0,0,0,0,0,0,0,-12300,0,0,0,0,0,0,0,0,0,-3690,0,0,0,-1230,-615,0,0,0,0,580650155083138365,128200,0,0,0,0,0,0,0,0,210,210
580649990567527947,Order,2025/10/05,2025/10/12,VND,73800,123000,123000,150000,-27000,0,0,0,-49200,-6150,-12915,0,-40000,40000,0,0,0,0,0,0,-24600,-24600,0,0,0,0,0,0,0,0,0,0,0,-3690,0,0,0,-1230,-615,0,0,0,0,580649990567527947,123000,0,0,0,0,0,0,0,0,210,210
580648965237409676,Order,2025/10/05,2025/10/12,VND,105000,150000,150000,150000,0,0,0,0,-45000,-7500,-15750,0,-40000,40000,0,0,0,0,0,0,0,0,0,-15000,0,0,0,0,0,0,0,0,0,-4500,0,0,0,-1500,-750,0,0,0,0,580648965237409676,150000,0,0,0,0,0,0,0,0,210,210
580648843572774123,Order,2025/10/05,2025/10/12,VND,97500,150000,150000,150000,0,0,0,0,-52500,-6000,-15750,0,-40000,40000,0,0,0,0,0,0,-24000,-24000,0,0,0,0,0,0,0,0,0,0,0,-4500,0,0,0,-1500,-750,0,0,0,0,580648843572774123,120000,0,0,0,30000,0,0,0,0,210,210
580648410183402574,Order,2025/10/05,2025/10/12,VND,104500,150000,150000,150000,0,0,0,0,-45500,-8000,-15750,0,-40000,30000,10000,0,0,0,0,0,0,0,0,-15000,0,0,0,0,0,0,0,0,0,-4500,0,0,0,-1500,-750,0,0,0,0,580648410183402574,160000,0,0,0,0,0,0,0,0,210,210
580648250863682977,Order,2025/10/05,2025/10/12,VND,105000,150000,150000,150000,0,0,0,0,-45000,-7500,-15750,0,-40000,40000,0,0,0,0,0,0,0,0,0,-15000,0,0,0,0,0,0,0,0,0,-4500,0,0,0,-1500,-750,0,0,0,0,580648250863682977,150000,0,0,0,0,0,0,0,0,200,200
580648213272167609,Order,2025/10/05,2025/10/12,VND,90000,150000,150000,150000,0,0,0,0,-60000,-7500,-15750,0,-35200,35200,0,0,0,0,0,0,-30000,-30000,0,0,0,0,0,0,0,0,0,0,0,-4500,0,0,0,-1500,-750,0,0,0,0,580648213272167609,150000,0,0,0,0,0,0,0,0,210,210
580648127286642419,Order,2025/10/05,2025/10/12,VND,89990,150000,150000,150000,0,0,0,0,-60010,-7510,-15750,0,-35200,35000,200,0,0,0,0,0,-30000,-30000,0,0,0,0,0,0,0,0,0,0,0,-4500,0,0,0,-1500,-750,0,0,0,0,580648127286642419,150200,0,0,0,0,0,0,0,0,210,210
580647759233188948,Order,2025/10/05,2025/10/12,VND,110250,150000,150000,150000,0,0,0,0,-39750,-5750,-15750,0,-40000,40000,0,0,0,0,0,0,0,0,0,-11500,0,0,0,0,0,0,0,0,0,-4500,0,0,0,-1500,-750,0,0,0,0,580647759233188948,115000,0,0,0,35000,0,0,0,0,210,210
580647113256896071,Order,2025/10/05,2025/10/12,VND,257400,360000,360000,360000,0,0,0,0,-102600,-16200,-37800,0,-47600,47600,0,0,0,0,0,0,0,0,0,-32400,0,0,0,0,0,0,0,0,0,-10800,0,0,0,-3600,-1800,0,0,0,0,580647113256896071,324000,0,0,0,36000,0,0,0,0,510,510
580639521163216004,Order,2025/10/04,2025/10/12,VND,73800,123000,123000,150000,-27000,0,0,0,-49200,-6150,-12915,0,-40000,40000,0,0,0,0,0,0,-24600,-24600,0,0,0,0,0,0,0,0,0,0,0,-3690,0,0,0,-1230,-615,0,0,0,0,580639521163216004,123000,0,0,0,0,0,0,0,0,210,210
580638967820486157,Order,2025/10/04,2025/10/12,VND,73800,123000,123000,150000,-27000,0,0,0,-49200,-6150,-12915,0,-40000,40000,0,0,0,0,0,0,-24600,-24600,0,0,0,0,0,0,0,0,0,0,0,-3690,0,0,0,-1230,-615,0,0,0,0,580638967820486157,123000,0,0,0,0,0,0,0,0,210,210
580638897093510976,Order,2025/10/04,2025/10/12,VND,73540,123000,123000,150000,-27000,0,0,0,-49460,-6410,-12915,0,-35200,30000,5200,0,0,0,0,0,-24600,-24600,0,0,0,0,0,0,0,0,0,0,0,-3690,0,0,0,-1230,-615,0,0,0,0,580638897093510976,128200,0,0,0,0,0,0,0,0,210,210
580638663348421927,Order,2025/10/04,2025/10/12,VND,87445,123000,123000,150000,-27000,0,0,0,-35555,-6035,-12915,0,-40000,30000,10000,0,0,0,0,0,0,0,0,-11070,0,0,0,0,0,0,0,0,0,-3690,0,0,0,-1230,-615,0,0,0,0,580638663348421927,120700,0,0,0,12300,0,0,0,0,200,200
580638462228268291,Order,2025/10/04,2025/10/12,VND,86085,123000,123000,150000,-27000,0,0,0,-36915,-6165,-12915,0,-30300,30000,300,0,0,0,0,0,0,0,0,-12300,0,0,0,0,0,0,0,0,0,-3690,0,0,0,-1230,-615,0,0,0,0,580638462228268291,123300,0,0,0,0,0,0,0,0,210,210
580638402330920519,Order,2025/10/04,2025/10/12,VND,73800,123000,123000,150000,-27000,0,0,0,-49200,-6150,-12915,0,-27300,27300,0,0,0,0,0,0,-24600,-24600,0,0,0,0,0,0,0,0,0,0,0,-3690,0,0,0,-1230,-615,0,0,0,0,580638402330920519,123000,0,0,0,0,0,0,0,0,210,210
580638284808030025,Order,2025/10/04,2025/10/12,VND,179075,290000,290000,360000,-70000,0,0,0,-110925,-13485,-30450,0,-47600,47600,0,0,0,0,0,0,-53940,-53940,0,0,0,0,0,0,0,0,0,0,0,-8700,0,0,0,-2900,-1450,0,0,0,0,580638284808030025,269700,0,0,0,20300,0,0,0,0,510,510
580638216954021579,Order,2025/10/04,2025/10/12,VND,75700,123000,123000,150000,-27000,0,0,0,-47300,-6250,-12915,0,-37000,25000,12000,0,0,0,0,0,-22600,-22600,0,0,0,0,0,0,0,0,0,0,0,-3690,0,0,0,-1230,-615,0,0,0,0,580638216954021579,125000,0,0,0,10000,0,0,0,0,210,210
580638214238078711,Order,2025/10/04,2025/10/12,VND,76990,123000,123000,150000,-27000,0,0,0,-46010,-5912,-12915,0,-40000,30000,10000,0,0,0,0,0,-21648,-21648,0,0,0,0,0,0,0,0,0,0,0,-3690,0,0,0,-1230,-615,0,0,0,0,580638214238078711,118240,0,0,0,14760,0,0,0,0,210,210
580638135294527339,Order,2025/10/04,2025/10/12,VND,87600,123000,123000,150000,-27000,0,0,0,-35400,-5650,-12915,0,-40000,40000,0,0,0,0,0,0,0,0,0,-11300,0,0,0,0,0,0,0,0,0,-3690,0,0,0,-1230,-615,0,0,0,0,580638135294527339,113000,0,0,0,10000,0,0,0,0,210,210
580637956042818804,Order,2025/10/04,2025/10/12,VND,72500,123000,123000,150000,-27000,0,0,0,-50500,-7450,-12915,0,-40000,14000,26000,0,0,0,0,0,-24600,-24600,0,0,0,0,0,0,0,0,0,0,0,-3690,0,0,0,-1230,-615,0,0,0,0,580637956042818804,149000,0,0,0,0,0,0,0,0,210,210
580637931332077557,Order,2025/10/04,2025/10/12,VND,174000,290000,290000,360000,-70000,0,0,0,-116000,-14500,-30450,0,-44600,44600,0,0,0,0,0,0,-58000,-58000,0,0,0,0,0,0,0,0,0,0,0,-8700,0,0,0,-2900,-1450,0,0,0,0,580637931332077557,290000,0,0,0,0,0,0,0,0,510,510
580637861635982397,Order,2025/10/04,2025/10/12,VND,352230,580000,580000,720000,-140000,0,0,0,-227770,-28770,-60900,0,-55400,40000,15400,0,0,0,0,0,-112000,-112000,0,0,0,0,0,0,0,0,0,0,0,-17400,0,0,0,-5800,-2900,0,0,0,0,580637861635982397,575400,0,0,0,20000,0,0,0,0,1030,1030
580637746932713380,Order,2025/10/04,2025/10/12,VND,178930,290000,290000,360000,-70000,0,0,0,-111070,-13570,-30450,0,-41400,40000,1400,0,0,0,0,0,-54000,-54000,0,0,0,0,0,0,0,0,0,0,0,-8700,0,0,0,-2900,-1450,0,0,0,0,580637746932713380,271400,0,0,0,20000,0,0,0,0,510,510
580637588003981044,Order,2025/10/04,2025/10/12,VND,736575,1230000,1230000,1500000,-270000,0,0,0,-493425,-62925,-129150,0,-68500,40000,28500,0,0,0,0,0,-246000,-246000,0,0,0,0,0,0,0,0,0,0,0,-36900,0,0,0,-12300,-6150,0,0,0,0,580637588003981044,1258500,0,0,0,0,0,0,0,0,2030,2030
580637375841273687,Order,2025/10/04,2025/10/12,VND,85350,123000,123000,150000,-27000,0,0,0,-37650,-6900,-12915,0,-40000,25000,15000,0,0,0,0,0,0,0,0,-12300,0,0,0,0,0,0,0,0,0,-3690,0,0,0,-1230,-615,0,0,0,0,580637375841273687,138000,0,0,0,0,0,0,0,0,210,210
580636920544003459,Order,2025/10/04,2025/10/12,VND,87085,123000,123000,150000,-27000,0,0,0,-35915,-6165,-12915,0,-30300,20000,10300,0,0,0,0,0,0,0,0,-11300,0,0,0,0,0,0,0,0,0,-3690,0,0,0,-1230,-615,0,0,0,0,580636920544003459,123300,0,0,0,10000,0,0,0,0,210,210
580636607353422931,Order,2025/10/04,2025/10/12,VND,86100,123000,123000,150000,-27000,0,0,0,-36900,-6150,-12915,0,-26200,26200,0,0,0,0,0,0,0,0,0,-12300,0,0,0,0,0,0,0,0,0,-3690,0,0,0,-1230,-615,0,0,0,0,580636607353422931,123000,0,0,0,0,0,0,0,0,210,210
580636571739784884,Order,2025/10/04,2025/10/12,VND,73785,123000,123000,150000,-27000,0,0,0,-49215,-6165,-12915,0,-30300,30000,300,0,0,0,0,0,-24600,-24600,0,0,0,0,0,0,0,0,0,0,0,-3690,0,0,0,-1230,-615,0,0,0,0,580636571739784884,123300,0,0,0,0,0,0,0,0,210,210
580635949380109455,Order,2025/10/04,2025/10/12,VND,205620,290000,290000,360000,-70000,0,0,0,-84380,-13880,-30450,0,-47600,40000,7600,0,0,0,0,0,0,0,0,-27000,0,0,0,0,0,0,0,0,0,-8700,0,0,0,-2900,-1450,0,0,0,0,580635949380109455,277600,0,0,0,20000,0,0,0,0,510,510
580626086631999130,Order,2025/10/03,2025/10/12,VND,73050,123000,123000,150000,-27000,0,0,0,-49950,-6900,-12915,0,-40000,25000,15000,0,0,0,0,0,-24600,-24600,0,0,0,0,0,0,0,0,0,0,0,-3690,0,0,0,-1230,-615,0,0,0,0,580626086631999130,138000,0,0,0,0,0,0,0,0,210,210
580504184852087966,Order,2025/09/24,2025/10/12,VND,-30300,0,0,0,0,0,0,0,-30300,0,0,-30300,-30300,0,0,0,0,0,0,0,0,0,0,0,0,0,0,0,0,0,0,0,0,0,0,0,0,0,0,0,0,0,0,580504184852087966,0,0,0,0,0,0,0,0,0,410,410
580665550763099662,Order,2025/10/06,2025/10/11,VND,91985,115000,115000,150000,-35000,0,0,0,-23015,-5765,-12075,0,-30300,30000,300,0,0,0,0,0,0,0,0,0,0,0,0,0,0,0,0,0,0,-3450,0,0,0,-1150,-575,0,0,0,0,580665550763099662,115300,0,0,0,0,0,0,0,0,210,210
580662978116159253,Order,2025/10/06,2025/10/11,VND,82570,115000,115000,150000,-35000,0,0,0,-32430,-5060,-12075,0,-27300,27300,0,0,0,0,0,0,0,0,0,-10120,0,0,0,0,0,0,0,0,0,-3450,0,0,0,-1150,-575,0,0,0,0,580662978116159253,101200,0,0,0,13800,0,0,0,0,210,210
580657820724069826,Order,2025/10/06,2025/10/11,VND,173782,276950,276950,360000,-83050,0,0,0,-103168,-12325,-29080,0,-47600,47600,0,0,0,0,0,0,-49300,-49300,0,0,0,0,0,0,0,0,0,0,0,-8308,0,0,0,-2770,-1385,0,0,0,0,580657820724069826,246500,0,-13050,0,30450,0,30450,0,0,510,510
580652341928821951,Order,2025/10/05,2025/10/11,VND,77448,123000,123000,150000,-27000,0,0,0,-45552,-5700,-12915,0,-37000,30000,7000,0,0,0,0,0,-21402,-21402,0,0,0,0,0,0,0,0,0,0,0,-3690,0,0,0,-1230,-615,0,0,0,0,580652341928821951,114010,0,0,0,15990,0,0,0,0,210,210
580651430456165850,Order,2025/10/05,2025/10/11,VND,77490,123000,123000,150000,-27000,0,0,0,-45510,-5412,-12915,0,-19700,19700,0,0,0,0,0,0,-21648,-21648,0,0,0,0,0,0,0,0,0,0,0,-3690,0,0,0,-1230,-615,0,0,0,0,580651430456165850,108240,0,0,0,14760,0,0,0,0,210,210
580650152109245662,Order,2025/10/05,2025/10/11,VND,73800,123000,123000,150000,-27000,0,0,0,-49200,-6150,-12915,0,-40000,40000,0,0,0,0,0,0,-24600,-24600,0,0,0,0,0,0,0,0,0,0,0,-3690,0,0,0,-1230,-615,0,0,0,0,580650152109245662,123000,0,0,0,0,0,0,0,0,210,210
580650014849271746,Order,2025/10/05,2025/10/11,VND,174000,290000,290000,360000,-70000,0,0,0,-116000,-14500,-30450,0,-47600,47600,0,0,0,0,0,0,-58000,-58000,0,0,0,0,0,0,0,0,0,0,0,-8700,0,0,0,-2900,-1450,0,0,0,0,580650014849271746,290000,0,0,0,0,0,0,0,0,510,510
580649860410082631,Order,2025/10/05,2025/10/11,VND,104500,150000,150000,150000,0,0,0,0,-45500,-8000,-15750,0,-40000,30000,10000,0,0,0,0,0,0,0,0,-15000,0,0,0,0,0,0,0,0,0,-4500,0,0,0,-1500,-750,0,0,0,0,580649860410082631,160000,0,0,0,0,0,0,0,0,210,210
580647914978707262,Order,2025/10/05,2025/10/11,VND,182500,300000,300000,300000,0,0,0,0,-117500,-14500,-31500,0,-30300,30300,0,0,0,0,0,0,-58000,-58000,0,0,0,0,0,0,0,0,0,0,0,-9000,0,0,0,-3000,-1500,0,0,0,0,580647914978707262,290000,0,0,0,10000,0,0,0,0,410,410
580639155869156502,Order,2025/10/04,2025/10/11,VND,76568,123000,123000,150000,-27000,0,0,0,-46432,-5596,-12915,0,-40000,40000,0,0,0,0,0,0,-22386,-22386,0,0,0,0,0,0,0,0,0,0,0,-3690,0,0,0,-1230,-615,0,0,0,0,580639155869156502,111930,0,0,0,11070,0,0,0,0,210,210
580638887086098345,Order,2025/10/04,2025/10/11,VND,73300,123000,123000,150000,-27000,0,0,0,-49700,-6650,-12915,0,-40000,30000,10000,0,0,0,0,0,-24600,-24600,0,0,0,0,0,0,0,0,0,0,0,-3690,0,0,0,-1230,-615,0,0,0,0,580638887086098345,133000,0,0,0,0,0,0,0,0,210,210
580638650432586821,Order,2025/10/04,2025/10/11,VND,355250,580000,580000,720000,-140000,0,0,0,-224750,-27550,-60900,0,-55400,55400,0,0,0,0,0,0,-110200,-110200,0,0,0,0,0,0,0,0,0,0,0,-17400,0,0,0,-5800,-2900,0,0,0,0,580638650432586821,551000,0,0,0,29000,0,0,0,0,1030,1030
580638609852827561,Order,2025/10/04,2025/10/11,VND,179800,290000,290000,360000,-70000,0,0,0,-110200,-13340,-30450,0,-35100,35100,0,0,0,0,0,0,-53360,-53360,0,0,0,0,0,0,0,0,0,0,0,-8700,0,0,0,-2900,-1450,0,0,0,0,580638609852827561,266800,0,0,0,23200,0,0,0,0,510,510
580638570889184737,Order,2025/10/04,2025/10/11,VND,80800,123000,123000,150000,-27000,0,0,0,-42200,-5150,-12915,0,-40000,30000,10000,0,0,0,0,0,-18600,-18600,0,0,0,0,0,0,0,0,0,0,0,-3690,0,0,0,-1230,-615,0,0,0,0,580638570889184737,103000,0,0,0,30000,0,0,0,0,210,210
580638477916996909,Order,2025/10/04,2025/10/11,VND,207350,290000,290000,360000,-70000,0,0,0,-82650,-13050,-30450,0,-35100,35100,0,0,0,0,0,0,0,0,0,-26100,0,0,0,0,0,0,0,0,0,-8700,0,0,0,-2900,-1450,0,0,0,0,580638477916996909,261000,0,0,0,29000,0,0,0,0,510,510
580638410332210407,Order,2025/10/04,2025/10/11,VND,73050,123000,123000,150000,-27000,0,0,0,-49950,-6900,-12915,0,-40000,25000,15000,0,0,0,0,0,-24600,-24600,0,0,0,0,0,0,0,0,0,0,0,-3690,0,0,0,-1230,-615,0,0,0,0,580638410332210407,138000,0,0,0,0,0,0,0,0,210,210
580638162364564758,Order,2025/10/04,2025/10/11,VND,203000,290000,290000,360000,-70000,0,0,0,-87000,-14500,-30450,0,-41400,41400,0,0,0,0,0,0,0,0,0,-29000,0,0,0,0,0,0,0,0,0,-8700,0,0,0,-2900,-1450,0,0,0,0,580638162364564758,290000,0,0,0,0,0,0,0,0,510,510
580638080782533846,Order,2025/10/04,2025/10/11,VND,73300,123000,123000,150000,-27000,0,0,0,-49700,-6650,-12915,0,-40000,30000,10000,0,0,0,0,0,-24600,-24600,0,0,0,0,0,0,0,0,0,0,0,-3690,0,0,0,-1230,-615,0,0,0,0,580638080782533846,133000,0,0,0,0,0,0,0,0,210,210
580638098883052789,Order,2025/10/04,2025/10/11,VND,91350,123000,123000,150000,-27000,0,0,0,-31650,-4400,-12915,0,-30300,30300,0,0,0,0,0,0,0,0,0,-8800,0,0,0,0,0,0,0,0,0,-3690,0,0,0,-1230,-615,0,0,0,0,580638098883052789,88000,0,0,0,35000,0,0,0,0,210,210
580637914355369335,Order,2025/10/04,2025/10/11,VND,174000,290000,290000,360000,-70000,0,0,0,-116000,-14500,-30450,0,-47600,47600,0,0,0,0,0,0,-58000,-58000,0,0,0,0,0,0,0,0,0,0,0,-8700,0,0,0,-2900,-1450,0,0,0,0,580637914355369335,290000,0,0,0,0,0,0,0,0,510,510
580637799624639509,Order,2025/10/04,2025/10/11,VND,72040,123000,123000,150000,-27000,0,0,0,-50960,-7910,-12915,0,-35200,0,35200,0,0,0,0,0,-24600,-24600,0,0,0,0,0,0,0,0,0,0,0,-3690,0,0,0,-1230,-615,0,0,0,0,580637799624639509,158200,0,0,0,0,0,0,0,0,210,210
580637783526245991,Order,2025/10/04,2025/10/11,VND,84790,123000,123000,150000,-27000,0,0,0,-38210,-7460,-12915,0,-26200,0,26200,0,0,0,0,0,0,0,0,-12300,0,0,0,0,0,0,0,0,0,-3690,0,0,0,-1230,-615,0,0,0,0,580637783526245991,149200,0,0,0,0,0,0,0,0,210,210
580627052601902238,Order,2025/10/03,2025/10/11,VND,362500,580000,580000,720000,-140000,0,0,0,-217500,-26100,-60900,0,-48600,48600,0,0,0,0,0,0,-104400,-104400,0,0,0,0,0,0,0,0,0,0,0,-17400,0,0,0,-5800,-2900,0,0,0,0,580627052601902238,522000,0,0,0,58000,0,0,0,0,1030,1030
580626149559272617,Order,2025/10/03,2025/10/11,VND,73800,123000,123000,150000,-27000,0,0,0,-49200,-6150,-12915,0,-40000,40000,0,0,0,0,0,0,-24600,-24600,0,0,0,0,0,0,0,0,0,0,0,-3690,0,0,0,-1230,-615,0,0,0,0,580626149559272617,123000,0,0,0,0,0,0,0,0,210,210
580625634081539121,Order,2025/10/03,2025/10/11,VND,181250,290000,290000,360000,-70000,0,0,0,-108750,-13050,-30450,0,-35100,35100,0,0,0,0,0,0,-52200,-52200,0,0,0,0,0,0,0,0,0,0,0,-8700,0,0,0,-2900,-1450,0,0,0,0,580625634081539121,261000,0,0,0,29000,0,0,0,0,510,510
580625587929122045,Order,2025/10/03,2025/10/11,VND,85600,123000,123000,150000,-27000,0,0,0,-37400,-6650,-12915,0,-40000,30000,10000,0,0,0,0,0,0,0,0,-12300,0,0,0,0,0,0,0,0,0,-3690,0,0,0,-1230,-615,0,0,0,0,580625587929122045,133000,0,0,0,0,0,0,0,0,210,210
580605207451632753,Order,2025/10/02,2025/10/11,VND,90000,150000,150000,150000,0,0,0,0,-60000,-7500,-15750,0,-40000,40000,0,0,0,0,0,0,-30000,-30000,0,0,0,0,0,0,0,0,0,0,0,-4500,0,0,0,-1500,-750,0,0,0,0,580605207451632753,150000,0,0,0,0,0,0,0,0,210,210
580570586574586967,Order,2025/09/29,2025/10/11,VND,-35100,0,0,0,0,0,0,0,-35100,0,0,-35100,-35100,0,0,0,0,0,0,0,0,0,0,0,0,0,0,0,0,0,0,0,0,0,0,0,0,0,0,0,0,0,0,580570586574586967,0,0,0,0,0,0,0,0,0,510,510
580636930038007636,Order,2025/10/04,2025/10/10,VND,86085,123000,123000,150000,-27000,0,0,0,-36915,-6165,-12915,0,-30300,30000,300,0,0,0,0,0,0,0,0,-12300,0,0,0,0,0,0,0,0,0,-3690,0,0,0,-1230,-615,0,0,0,0,580636930038007636,123300,0,0,0,0,0,0,0,0,210,210
580631177716597977,Order,2025/10/04,2025/10/10,VND,72500,123000,123000,150000,-27000,0,0,0,-50500,-7450,-12915,0,-40000,14000,26000,0,0,0,0,0,-24600,-24600,0,0,0,0,0,0,0,0,0,0,0,-3690,0,0,0,-1230,-615,0,0,0,0,580631177716597977,149000,0,0,0,0,0,0,0,0,210,210
580630354078697044,Order,2025/10/04,2025/10/10,VND,73785,123000,123000,150000,-27000,0,0,0,-49215,-6165,-12915,0,-30300,30000,300,0,0,0,0,0,-24600,-24600,0,0,0,0,0,0,0,0,0,0,0,-3690,0,0,0,-1230,-615,0,0,0,0,580630354078697044,123300,0,0,0,0,0,0,0,0,210,210
580627197004907678,Order,2025/10/03,2025/10/10,VND,73300,123000,123000,150000,-27000,0,0,0,-49700,-6650,-12915,0,-40000,30000,10000,0,0,0,0,0,-24600,-24600,0,0,0,0,0,0,0,0,0,0,0,-3690,0,0,0,-1230,-615,0,0,0,0,580627197004907678,133000,0,0,0,0,0,0,0,0,210,210
580626831906211776,Order,2025/10/03,2025/10/10,VND,181250,290000,290000,360000,-70000,0,0,0,-108750,-13050,-30450,0,-35100,35100,0,0,0,0,0,0,-52200,-52200,0,0,0,0,0,0,0,0,0,0,0,-8700,0,0,0,-2900,-1450,0,0,0,0,580626831906211776,261000,0,0,0,29000,0,0,0,0,510,510
580626586450298709,Order,2025/10/03,2025/10/10,VND,180870,290000,290000,360000,-70000,0,0,0,-109130,-13430,-30450,0,-47600,40000,7600,0,0,0,0,0,-52200,-52200,0,0,0,0,0,0,0,0,0,0,0,-8700,0,0,0,-2900,-1450,0,0,0,0,580626586450298709,268600,0,0,0,29000,0,0,0,0,510,510
580626393661147040,Order,2025/10/03,2025/10/10,VND,76260,123000,123000,150000,-27000,0,0,0,-46740,-5658,-12915,0,-30300,30300,0,0,0,0,0,0,-22632,-22632,0,0,0,0,0,0,0,0,0,0,0,-3690,0,0,0,-1230,-615,0,0,0,0,580626393661147040,113160,0,0,0,9840,0,0,0,0,210,210
580626281129608204,Order,2025/10/03,2025/10/10,VND,77298,123000,123000,150000,-27000,0,0,0,-45702,-5850,-12915,0,-40000,30000,10000,0,0,0,0,0,-21402,-21402,0,0,0,0,0,0,0,0,0,0,0,-3690,0,0,0,-1230,-615,0,0,0,0,580626281129608204,117010,0,0,0,15990,0,0,0,0,210,210
580626255895037286,Order,2025/10/03,2025/10/10,VND,180525,290000,290000,360000,-70000,0,0,0,-109475,-13195,-30450,0,-47600,47600,0,0,0,0,0,0,-52780,-52780,0,0,0,0,0,0,0,0,0,0,0,-8700,0,0,0,-2900,-1450,0,0,0,0,580626255895037286,263900,0,0,0,26100,0,0,0,0,510,510
580626214078743935,Order,2025/10/03,2025/10/10,VND,206045,290000,290000,360000,-70000,0,0,0,-83955,-13485,-30450,0,-36400,36400,0,0,0,0,0,0,0,0,0,-26970,0,0,0,0,0,0,0,0,0,-8700,0,0,0,-2900,-1450,0,0,0,0,580626214078743935,269700,0,0,0,20300,0,0,0,0,510,510
580626141724116620,Order,2025/10/03,2025/10/10,VND,181235,290000,290000,360000,-70000,0,0,0,-108765,-13065,-30450,0,-15300,15000,300,0,0,0,0,0,-52200,-52200,0,0,0,0,0,0,0,0,0,0,0,-8700,0,0,0,-2900,-1450,0,0,0,0,580626141724116620,261300,0,0,0,29000,0,0,0,0,510,510
580626095593260567,Order,2025/10/03,2025/10/10,VND,73050,123000,123000,150000,-27000,0,0,0,-49950,-6900,-12915,0,-40000,25000,15000,0,0,0,0,0,-24600,-24600,0,0,0,0,0,0,0,0,0,0,0,-3690,0,0,0,-1230,-615,0,0,0,0,580626095593260567,138000,0,0,0,0,0,0,0,0,210,210
580626067105482307,Order,2025/10/03,2025/10/10,VND,85600,123000,123000,150000,-27000,0,0,0,-37400,-6650,-12915,0,-40000,30000,10000,0,0,0,0,0,0,0,0,-12300,0,0,0,0,0,0,0,0,0,-3690,0,0,0,-1230,-615,0,0,0,0,580626067105482307,133000,0,0,0,0,0,0,0,0,210,210
580625979063895913,Order,2025/10/03,2025/10/10,VND,181250,290000,290000,360000,-70000,0,0,0,-108750,-13050,-30450,0,-41400,41400,0,0,0,0,0,0,-52200,-52200,0,0,0,0,0,0,0,0,0,0,0,-8700,0,0,0,-2900,-1450,0,0,0,0,580625979063895913,261000,0,0,0,29000,0,0,0,0,510,510
580625977682527994,Order,2025/10/03,2025/10/10,VND,86100,123000,123000,150000,-27000,0,0,0,-36900,-6150,-12915,0,-40000,40000,0,0,0,0,0,0,0,0,0,-12300,0,0,0,0,0,0,0,0,0,-3690,0,0,0,-1230,-615,0,0,0,0,580625977682527994,123000,0,0,0,0,0,0,0,0,210,210
580625941689632664,Order,2025/10/03,2025/10/10,VND,73300,123000,123000,150000,-27000,0,0,0,-49700,-6650,-12915,0,-40000,30000,10000,0,0,0,0,0,-24600,-24600,0,0,0,0,0,0,0,0,0,0,0,-3690,0,0,0,-1230,-615,0,0,0,0,580625941689632664,133000,0,0,0,0,0,0,0,0,210,210
580625929276524373,Order,2025/10/03,2025/10/10,VND,207350,290000,290000,360000,-70000,0,0,0,-82650,-13050,-30450,0,-47600,47600,0,0,0,0,0,0,0,0,0,-26100,0,0,0,0,0,0,0,0,0,-8700,0,0,0,-2900,-1450,0,0,0,0,580625929276524373,261000,0,0,0,29000,0,0,0,0,510,510
580625903016576537,Order,2025/10/03,2025/10/10,VND,85600,123000,123000,150000,-27000,0,0,0,-37400,-6650,-12915,0,-40000,30000,10000,0,0,0,0,0,0,0,0,-12300,0,0,0,0,0,0,0,0,0,-3690,0,0,0,-1230,-615,0,0,0,0,580625903016576537,133000,0,0,0,0,0,0,0,0,210,210
580625863517570637,Order,2025/10/03,2025/10/10,VND,207350,290000,290000,360000,-70000,0,0,0,-82650,-13050,-30450,0,-47600,47600,0,0,0,0,0,0,0,0,0,-26100,0,0,0,0,0,0,0,0,0,-8700,0,0,0,-2900,-1450,0,0,0,0,580625863517570637,261000,0,0,0,29000,0,0,0,0,510,510
580625897548317902,Order,2025/10/03,2025/10/10,VND,181250,290000,290000,360000,-70000,0,0,0,-108750,-13050,-30450,0,-47600,47600,0,0,0,0,0,0,-52200,-52200,0,0,0,0,0,0,0,0,0,0,0,-8700,0,0,0,-2900,-1450,0,0,0,0,580625897548317902,261000,0,0,0,29000,0,0,0,0,510,510
580625860618520513,Order,2025/10/03,2025/10/10,VND,73800,123000,123000,150000,-27000,0,0,0,-49200,-6150,-12915,0,-40000,40000,0,0,0,0,0,0,-24600,-24600,0,0,0,0,0,0,0,0,0,0,0,-3690,0,0,0,-1230,-615,0,0,0,0,580625860618520513,123000,0,0,0,0,0,0,0,0,210,210
580625818790364416,Order,2025/10/03,2025/10/10,VND,207845,290000,290000,360000,-70000,0,0,0,-82155,-14005,-30450,0,-47600,14000,33600,0,0,0,0,0,0,0,0,-24650,0,0,0,0,0,0,0,0,0,-8700,0,0,0,-2900,-1450,0,0,0,0,580625818790364416,280100,0,0,0,43500,0,0,0,0,510,510
580625764601529708,Order,2025/10/03,2025/10/10,VND,77112,123000,123000,150000,-27000,0,0,0,-45888,-6528,-12915,0,-40000,14000,26000,0,0,0,0,0,-20910,-20910,0,0,0,0,0,0,0,0,0,0,0,-3690,0,0,0,-1230,-615,0,0,0,0,580625764601529708,130550,0,0,0,18450,0,0,0,0,210,210
580625746032363464,Order,2025/10/03,2025/10/10,VND,73785,123000,123000,150000,-27000,0,0,0,-49215,-6165,-12915,0,-14300,14000,300,0,0,0,0,0,-24600,-24600,0,0,0,0,0,0,0,0,0,0,0,-3690,0,0,0,-1230,-615,0,0,0,0,580625746032363464,123300,0,0,0,0,0,0,0,0,210,210
580625705525281828,Order,2025/10/03,2025/10/10,VND,80800,123000,123000,150000,-27000,0,0,0,-42200,-5150,-12915,0,-40000,30000,10000,0,0,0,0,0,-18600,-18600,0,0,0,0,0,0,0,0,0,0,0,-3690,0,0,0,-1230,-615,0,0,0,0,580625705525281828,103000,0,0,0,30000,0,0,0,0,210,210
580625624163517901,Order,2025/10/03,2025/10/10,VND,86100,123000,123000,150000,-27000,0,0,0,-36900,-6150,-12915,0,-40000,40000,0,0,0,0,0,0,0,0,0,-12300,0,0,0,0,0,0,0,0,0,-3690,0,0,0,-1230,-615,0,0,0,0,580625624163517901,123000,0,0,0,0,0,0,0,0,210,210
580625579732403782,Order,2025/10/03,2025/10/10,VND,73800,123000,123000,150000,-27000,0,0,0,-49200,-6150,-12915,0,-40000,40000,0,0,0,0,0,0,-24600,-24600,0,0,0,0,0,0,0,0,0,0,0,-3690,0,0,0,-1230,-615,0,0,0,0,580625579732403782,123000,0,0,0,0,0,0,0,0,210,210
580625574185043763,Order,2025/10/03,2025/10/10,VND,171700,246000,246000,300000,-54000,0,0,0,-74300,-12800,-25830,0,-40000,30000,10000,0,0,0,0,0,0,0,0,-24600,0,0,0,0,0,0,0,0,0,-7380,0,0,0,-2460,-1230,0,0,0,0,580625574185043763,256000,0,0,0,0,0,0,0,0,410,410
580625573649286183,Order,2025/10/03,2025/10/10,VND,73800,123000,123000,150000,-27000,0,0,0,-49200,-6150,-12915,0,-26200,26200,0,0,0,0,0,0,-24600,-24600,0,0,0,0,0,0,0,0,0,0,0,-3690,0,0,0,-1230,-615,0,0,0,0,580625573649286183,123000,0,0,0,0,0,0,0,0,210,210
580625521128277533,Order,2025/10/03,2025/10/10,VND,86245,123000,123000,150000,-27000,0,0,0,-36755,-7235,-12915,0,-40000,6000,34000,0,0,0,0,0,0,0,0,-11070,0,0,0,0,0,0,0,0,0,-3690,0,0,0,-1230,-615,0,0,0,0,580625521128277533,144700,0,0,0,12300,0,0,0,0,210,210
580625506490943431,Order,2025/10/03,2025/10/10,VND,73300,123000,123000,150000,-27000,0,0,0,-49700,-6650,-12915,0,-40000,30000,10000,0,0,0,0,0,-24600,-24600,0,0,0,0,0,0,0,0,0,0,0,-3690,0,0,0,-1230,-615,0,0,0,0,580625506490943431,133000,0,0,0,0,0,0,0,0,210,210
580625415038796992,Order,2025/10/03,2025/10/10,VND,207350,290000,290000,360000,-70000,0,0,0,-82650,-13050,-30450,0,-47600,47600,0,0,0,0,0,0,0,0,0,-26100,0,0,0,0,0,0,0,0,0,-8700,0,0,0,-2900,-1450,0,0,0,0,580625415038796992,261000,0,0,0,29000,0,0,0,0,510,510
580625414621791240,Order,2025/10/03,2025/10/10,VND,73800,123000,123000,150000,-27000,0,0,0,-49200,-6150,-12915,0,-40000,40000,0,0,0,0,0,0,-24600,-24600,0,0,0,0,0,0,0,0,0,0,0,-3690,0,0,0,-1230,-615,0,0,0,0,580625414621791240,123000,0,0,0,0,0,0,0,0,210,210
580625444269688187,Order,2025/10/03,2025/10/10,VND,890000,1450000,1450000,1800000,-350000,0,0,0,-560000,-68500,-152250,0,-68500,68500,0,0,0,0,0,0,-274000,-274000,0,0,0,0,0,0,0,0,0,0,0,-43500,0,0,0,-14500,-7250,0,0,0,0,580625444269688187,1370000,0,0,0,80000,0,0,0,0,2530,2530
580625420461835387,Order,2025/10/03,2025/10/10,VND,85600,123000,123000,150000,-27000,0,0,0,-37400,-6650,-12915,0,-40000,30000,10000,0,0,0,0,0,0,0,0,-12300,0,0,0,0,0,0,0,0,0,-3690,0,0,0,-1230,-615,0,0,0,0,580625420461835387,133000,0,0,0,0,0,0,0,0,210,210
580625303804806216,Order,2025/10/03,2025/10/10,VND,181250,290000,290000,360000,-70000,0,0,0,-108750,-13050,-30450,0,-47600,47600,0,0,0,0,0,0,-52200,-52200,0,0,0,0,0,0,0,0,0,0,0,-8700,0,0,0,-2900,-1450,0,0,0,0,580625303804806216,261000,0,0,0,29000,0,0,0,0,510,510
580625280189760873,Order,2025/10/03,2025/10/10,VND,82550,123000,123000,150000,-27000,0,0,0,-40450,-4400,-12915,0,-40000,40000,0,0,0,0,0,0,-17600,-17600,0,0,0,0,0,0,0,0,0,0,0,-3690,0,0,0,-1230,-615,0,0,0,0,580625280189760873,88000,0,0,0,35000,0,0,0,0,210,210
580625325134546317,Order,2025/10/03,2025/10/10,VND,85150,123000,123000,150000,-27000,0,0,0,-37850,-7100,-12915,0,-40000,21000,19000,0,0,0,0,0,0,0,0,-12300,0,0,0,0,0,0,0,0,0,-3690,0,0,0,-1230,-615,0,0,0,0,580625325134546317,142000,0,0,0,0,0,0,0,0,210,210
580625289274165170,Order,2025/10/03,2025/10/10,VND,181165,290000,290000,360000,-70000,0,0,0,-108835,-13135,-30450,0,-29700,28000,1700,0,0,0,0,0,-52200,-52200,0,0,0,0,0,0,0,0,0,0,0,-8700,0,0,0,-2900,-1450,0,0,0,0,580625289274165170,262700,0,0,0,29000,0,0,0,0,510,510
580625257595635058,Order,2025/10/03,2025/10/10,VND,73200,123000,123000,150000,-27000,0,0,0,-49800,-6750,-12915,0,-37000,25000,12000,0,0,0,0,0,-24600,-24600,0,0,0,0,0,0,0,0,0,0,0,-3690,0,0,0,-1230,-615,0,0,0,0,580625257595635058,135000,0,0,0,0,0,0,0,0,210,210
580625024358647487,Order,2025/10/03,2025/10/10,VND,179800,290000,290000,360000,-70000,0,0,0,-110200,-13340,-30450,0,-35100,35100,0,0,0,0,0,0,-53360,-53360,0,0,0,0,0,0,0,0,0,0,0,-8700,0,0,0,-2900,-1450,0,0,0,0,580625024358647487,266800,0,0,0,23200,0,0,0,0,510,510
580624834120484529,Order,2025/10/03,2025/10/10,VND,98400,123000,123000,150000,-27000,0,0,0,-24600,-6150,-12915,0,-40000,40000,0,0,0,0,0,0,0,0,0,0,0,0,0,0,0,0,0,0,0,-3690,0,0,0,-1230,-615,0,0,0,0,580624834120484529,123000,0,0,0,0,0,0,0,0,210,210
580623565521585413,Order,2025/10/03,2025/10/10,VND,-40000,0,0,0,0,0,0,0,-40000,0,0,-40000,-40000,0,0,0,0,0,0,0,0,0,0,0,0,0,0,0,0,0,0,0,0,0,0,0,0,0,0,0,0,0,0,580623565521585413,0,0,0,0,0,0,0,0,0,500,500
580623566932051417,Order,2025/10/03,2025/10/10,VND,-40000,0,0,0,0,0,0,0,-40000,0,0,-40000,-40000,0,0,0,0,0,0,0,0,0,0,0,0,0,0,0,0,0,0,0,0,0,0,0,0,0,0,0,0,0,0,580623566932051417,0,0,0,0,0,0,0,0,0,200,200
580620439089677943,Order,2025/10/03,2025/10/10,VND,84700,123000,123000,150000,-27000,0,0,0,-38300,-7550,-12915,0,-40000,12000,28000,0,0,0,0,0,0,0,0,-12300,0,0,0,0,0,0,0,0,0,-3690,0,0,0,-1230,-615,0,0,0,0,580620439089677943,151000,0,0,0,0,0,0,0,0,210,210
580614395679311074,Order,2025/10/02,2025/10/10,VND,84800,123000,123000,150000,-27000,0,0,0,-38200,-7450,-12915,0,-40000,14000,26000,0,0,0,0,0,0,0,0,-12300,0,0,0,0,0,0,0,0,0,-3690,0,0,0,-1230,-615,0,0,0,0,580614395679311074,149000,0,0,0,0,0,0,0,0,210,210
580595862739060691,Order,2025/10/01,2025/10/10,VND,348000,580000,580000,720000,-140000,0,0,0,-232000,-29000,-60900,0,-52400,52400,0,0,0,0,0,0,-116000,-116000,0,0,0,0,0,0,0,0,0,0,0,-17400,0,0,0,-5800,-2900,0,0,0,0,580595862739060691,580000,0,0,0,0,0,0,0,0,1030,1030
580588396071781499,Order,2025/09/30,2025/10/10,VND,50000,85000,85000,110000,-25000,0,0,0,-35000,-5250,-8925,0,-40000,20000,20000,0,0,0,0,0,-17000,-17000,0,0,0,0,0,0,0,0,0,0,0,-2550,0,0,0,-850,-425,0,0,0,0,580588396071781499,105000,0,0,0,0,0,0,0,0,110,110
580582807354574404,Order,2025/09/30,2025/10/10,VND,-30300,0,0,0,0,0,0,0,-30300,0,0,-30300,-30300,0,0,0,0,0,0,0,0,0,0,0,0,0,0,0,0,0,0,0,0,0,0,0,0,0,0,0,0,0,0,580582807354574404,0,0,0,0,0,0,0,0,0,210,210
580561624376903384,Order,2025/09/28,2025/10/10,VND,-40000,0,0,0,0,0,0,0,-40000,0,0,-40000,-40000,0,0,0,0,0,0,0,0,0,0,0,0,0,0,0,0,0,0,0,0,0,0,0,0,0,0,0,0,0,0,580561624376903384,0,0,0,0,0,0,0,0,0,210,210
580554855007421830,Order,2025/09/28,2025/10/10,VND,90000,150000,150000,150000,0,0,0,0,-60000,-7500,-15750,0,-8800,8800,0,0,0,0,0,0,-30000,-30000,0,0,0,0,0,0,0,0,0,0,0,-4500,0,0,0,-1500,-750,0,0,0,0,580554855007421830,150000,0,0,0,0,0,0,0,0,210,210
580548888325359109,Order,2025/09/27,2025/10/10,VND,59500,85000,85000,110000,-25000,0,0,0,-25500,-4250,-8925,0,-26200,26200,0,0,0,0,0,0,0,0,0,-8500,0,0,0,0,0,0,0,0,0,-2550,0,0,0,-850,-425,0,0,0,0,580548888325359109,85000,0,0,0,0,0,0,0,0,110,110
580535638305507324,Order,2025/09/26,2025/10/10,VND,-40000,0,0,0,0,0,0,0,-40000,0,0,-40000,-47600,0,0,0,0,0,7600,0,0,0,0,0,0,0,0,0,0,0,0,0,0,0,0,0,0,0,0,0,0,0,0,580535638305507324,0,0,0,0,0,0,0,0,0,510,510
580534834093262503,Order,2025/09/26,2025/10/10,VND,-40000,0,0,0,0,0,0,0,-40000,0,0,-40000,-55400,0,0,0,0,0,15400,0,0,0,0,0,0,0,0,0,0,0,0,0,0,0,0,0,0,0,0,0,0,0,0,580534834093262503,0,0,0,0,0,0,0,0,0,1030,1030
580503655113852730,Order,2025/09/24,2025/10/10,VND,-40000,0,0,0,0,0,0,0,-40000,0,0,-40000,-40000,0,0,0,0,0,0,0,0,0,0,0,0,0,0,0,0,0,0,0,0,0,0,0,0,0,0,0,0,0,0,580503655113852730,0,0,0,0,0,0,0,0,0,210,210
580626506226042076,Order,2025/10/03,2025/10/09,VND,73800,123000,123000,150000,-27000,0,0,0,-49200,-6150,-12915,0,-30300,30300,0,0,0,0,0,0,-24600,-24600,0,0,0,0,0,0,0,0,0,0,0,-3690,0,0,0,-1230,-615,0,0,0,0,580626506226042076,123000,0,0,0,0,0,0,0,0,210,210
580626184160249305,Order,2025/10/03,2025/10/09,VND,73290,123000,123000,150000,-27000,0,0,0,-49710,-6660,-12915,0,-35200,25000,10200,0,0,0,0,0,-24600,-24600,0,0,0,0,0,0,0,0,0,0,0,-3690,0,0,0,-1230,-615,0,0,0,0,580626184160249305,133200,0,0,0,0,0,0,0,0,210,210
580626027360650744,Order,2025/10/03,2025/10/09,VND,181250,290000,290000,360000,-70000,0,0,0,-108750,-13050,-30450,0,-41400,41400,0,0,0,0,0,0,-52200,-52200,0,0,0,0,0,0,0,0,0,0,0,-8700,0,0,0,-2900,-1450,0,0,0,0,580626027360650744,261000,0,0,0,29000,0,0,0,0,510,510
580625802641114685,Order,2025/10/03,2025/10/09,VND,73785,123000,123000,150000,-27000,0,0,0,-49215,-6165,-12915,0,-30300,30000,300,0,0,0,0,0,-24600,-24600,0,0,0,0,0,0,0,0,0,0,0,-3690,0,0,0,-1230,-615,0,0,0,0,580625802641114685,123300,0,0,0,0,0,0,0,0,210,210
580625667004597576,Order,2025/10/03,2025/10/09,VND,86100,123000,123000,150000,-27000,0,0,0,-36900,-6150,-12915,0,-21200,21200,0,0,0,0,0,0,0,0,0,-12300,0,0,0,0,0,0,0,0,0,-3690,0,0,0,-1230,-615,0,0,0,0,580625667004597576,123000,0,0,0,0,0,0,0,0,210,210
580625483549541423,Order,2025/10/03,2025/10/09,VND,181120,290000,290000,360000,-70000,0,0,0,-108880,-13180,-30450,0,-47600,45000,2600,0,0,0,0,0,-52200,-52200,0,0,0,0,0,0,0,0,0,0,0,-8700,0,0,0,-2900,-1450,0,0,0,0,580625483549541423,263600,0,0,0,29000,0,0,0,0,510,510
580625461886486080,Order,2025/10/03,2025/10/09,VND,890000,1450000,1450000,1800000,-350000,0,0,0,-560000,-68500,-152250,0,-18100,18100,0,0,0,0,0,0,-274000,-274000,0,0,0,0,0,0,0,0,0,0,0,-43500,0,0,0,-14500,-7250,0,0,0,0,580625461886486080,1370000,0,0,0,80000,0,0,0,0,2530,2530
580625419451008117,Order,2025/10/03,2025/10/09,VND,181250,290000,290000,360000,-70000,0,0,0,-108750,-13050,-30450,0,-47600,47600,0,0,0,0,0,0,-52200,-52200,0,0,0,0,0,0,0,0,0,0,0,-8700,0,0,0,-2900,-1450,0,0,0,0,580625419451008117,261000,0,0,0,29000,0,0,0,0,510,510
580625185375225845,Order,2025/10/03,2025/10/09,VND,76300,123000,123000,150000,-27000,0,0,0,-46700,-5650,-12915,0,-40000,40000,0,0,0,0,0,0,-22600,-22600,0,0,0,0,0,0,0,0,0,0,0,-3690,0,0,0,-1230,-615,0,0,0,0,580625185375225845,113000,0,0,0,10000,0,0,0,0,210,210
580620902791350008,Order,2025/10/03,2025/10/09,VND,356000,580000,580000,720000,-140000,0,0,0,-224000,-27400,-60900,0,-48600,48600,0,0,0,0,0,0,-109600,-109600,0,0,0,0,0,0,0,0,0,0,0,-17400,0,0,0,-5800,-2900,0,0,0,0,580620902791350008,548000,0,0,0,32000,0,0,0,0,1030,1030
580620192478430317,Order,2025/10/03,2025/10/09,VND,86100,123000,123000,150000,-27000,0,0,0,-36900,-6150,-12915,0,-40000,40000,0,0,0,0,0,0,0,0,0,-12300,0,0,0,0,0,0,0,0,0,-3690,0,0,0,-1230,-615,0,0,0,0,580620192478430317,123000,0,0,0,0,0,0,0,0,210,210
580618707076744953,Order,2025/10/03,2025/10/09,VND,84700,123000,123000,150000,-27000,0,0,0,-38300,-7550,-12915,0,-40000,12000,28000,0,0,0,0,0,0,0,0,-12300,0,0,0,0,0,0,0,0,0,-3690,0,0,0,-1230,-615,0,0,0,0,580618707076744953,151000,0,0,0,0,0,0,0,0,210,210
580618342953158422,Order,2025/10/03,2025/10/09,VND,76375,123000,123000,150000,-27000,0,0,0,-46625,-6035,-12915,0,-40000,30000,10000,0,0,0,0,0,-22140,-22140,0,0,0,0,0,0,0,0,0,0,0,-3690,0,0,0,-1230,-615,0,0,0,0,580618342953158422,120700,0,0,0,12300,0,0,0,0,210,210
580616741016601625,Order,2025/10/03,2025/10/09,VND,174000,290000,290000,360000,-70000,0,0,0,-116000,-14500,-30450,0,-47600,47600,0,0,0,0,0,0,-58000,-58000,0,0,0,0,0,0,0,0,0,0,0,-8700,0,0,0,-2900,-1450,0,0,0,0,580616741016601625,290000,0,0,0,0,0,0,0,0,510,510
580615576032282459,Order,2025/10/02,2025/10/09,VND,73300,123000,123000,150000,-27000,0,0,0,-49700,-6650,-12915,0,-40000,30000,10000,0,0,0,0,0,-24600,-24600,0,0,0,0,0,0,0,0,0,0,0,-3690,0,0,0,-1230,-615,0,0,0,0,580615576032282459,133000,0,0,0,0,0,0,0,0,210,210
580615203564586083,Order,2025/10/02,2025/10/09,VND,174000,290000,290000,360000,-70000,0,0,0,-116000,-14500,-30450,0,-47600,47600,0,0,0,0,0,0,-58000,-58000,0,0,0,0,0,0,0,0,0,0,0,-8700,0,0,0,-2900,-1450,0,0,0,0,580615203564586083,290000,0,0,0,0,0,0,0,0,510,510
580615050396862450,Order,2025/10/02,2025/10/09,VND,73540,123000,123000,150000,-27000,0,0,0,-49460,-6410,-12915,0,-35200,30000,5200,0,0,0,0,0,-24600,-24600,0,0,0,0,0,0,0,0,0,0,0,-3690,0,0,0,-1230,-615,0,0,0,0,580615050396862450,128200,0,0,0,0,0,0,0,0,210,210
580614156167448564,Order,2025/10/02,2025/10/09,VND,85600,123000,123000,150000,-27000,0,0,0,-37400,-6650,-12915,0,-40000,30000,10000,0,0,0,0,0,0,0,0,-12300,0,0,0,0,0,0,0,0,0,-3690,0,0,0,-1230,-615,0,0,0,0,580614156167448564,133000,0,0,0,0,0,0,0,0,210,210
580613801551496464,Order,2025/10/02,2025/10/09,VND,178695,290000,290000,360000,-70000,0,0,0,-111305,-13865,-30450,0,-47600,40000,7600,0,0,0,0,0,-53940,-53940,0,0,0,0,0,0,0,0,0,0,0,-8700,0,0,0,-2900,-1450,0,0,0,0,580613801551496464,277300,0,0,0,20300,0,0,0,0,510,510
580613603550135649,Order,2025/10/02,2025/10/09,VND,87600,123000,123000,150000,-27000,0,0,0,-35400,-5650,-12915,0,-26200,26200,0,0,0,0,0,0,0,0,0,-11300,0,0,0,0,0,0,0,0,0,-3690,0,0,0,-1230,-615,0,0,0,0,580613603550135649,113000,0,0,0,10000,0,0,0,0,210,210
580613261185156235,Order,2025/10/02,2025/10/09,VND,82550,123000,123000,150000,-27000,0,0,0,-40450,-4400,-12915,0,-14300,14300,0,0,0,0,0,0,-17600,-17600,0,0,0,0,0,0,0,0,0,0,0,-3690,0,0,0,-1230,-615,0,0,0,0,580613261185156235,88000,0,0,0,35000,0,0,0,0,210,210
580613258634888634,Order,2025/10/02,2025/10/09,VND,84100,123000,123000,150000,-27000,0,0,0,-38900,-8150,-12915,0,-40000,0,40000,0,0,0,0,0,0,0,0,-12300,0,0,0,0,0,0,0,0,0,-3690,0,0,0,-1230,-615,0,0,0,0,580613258634888634,163000,0,0,0,0,0,0,0,0,210,210
580612784345482346,Order,2025/10/02,2025/10/09,VND,73785,123000,123000,150000,-27000,0,0,0,-49215,-6165,-12915,0,-30300,30000,300,0,0,0,0,0,-24600,-24600,0,0,0,0,0,0,0,0,0,0,0,-3690,0,0,0,-1230,-615,0,0,0,0,580612784345482346,123300,0,0,0,0,0,0,0,0,210,210
580606340086334524,Order,2025/10/02,2025/10/09,VND,-40000,0,0,0,0,0,0,0,-40000,0,0,-40000,-40000,0,0,0,0,0,0,0,0,0,0,0,0,0,0,0,0,0,0,0,0,0,0,0,0,0,0,0,0,0,0,580606340086334524,0,0,0,0,0,0,0,0,0,200,200
580605315447752597,Order,2025/10/02,2025/10/09,VND,104740,150000,150000,150000,0,0,0,0,-45260,-7760,-15750,0,-35200,30000,5200,0,0,0,0,0,0,0,0,-15000,0,0,0,0,0,0,0,0,0,-4500,0,0,0,-1500,-750,0,0,0,0,580605315447752597,155200,0,0,0,0,0,0,0,0,210,210
580605254360401350,Order,2025/10/02,2025/10/09,VND,105000,150000,150000,150000,0,0,0,0,-45000,-7500,-15750,0,-40000,40000,0,0,0,0,0,0,0,0,0,-15000,0,0,0,0,0,0,0,0,0,-4500,0,0,0,-1500,-750,0,0,0,0,580605254360401350,150000,0,0,0,0,0,0,0,0,210,210
580604936792212685,Order,2025/10/02,2025/10/09,VND,216000,360000,360000,360000,0,0,0,0,-144000,-18000,-37800,0,-47600,47600,0,0,0,0,0,0,-72000,-72000,0,0,0,0,0,0,0,0,0,0,0,-10800,0,0,0,-3600,-1800,0,0,0,0,580604936792212685,360000,0,0,0,0,0,0,0,0,510,510
580602366132913186,Order,2025/10/01,2025/10/09,VND,174000,290000,290000,360000,-70000,0,0,0,-116000,-14500,-30450,0,-35100,35100,0,0,0,0,0,0,-58000,-58000,0,0,0,0,0,0,0,0,0,0,0,-8700,0,0,0,-2900,-1450,0,0,0,0,580602366132913186,290000,0,0,0,0,0,0,0,0,510,510
580601893883316181,Order,2025/10/01,2025/10/09,VND,73800,123000,123000,150000,-27000,0,0,0,-49200,-6150,-12915,0,-26200,26200,0,0,0,0,0,0,-24600,-24600,0,0,0,0,0,0,0,0,0,0,0,-3690,0,0,0,-1230,-615,0,0,0,0,580601893883316181,123000,0,0,0,0,0,0,0,0,210,210
580601408544670848,Order,2025/10/01,2025/10/09,VND,59000,85000,85000,110000,-25000,0,0,0,-26000,-4750,-8925,0,-40000,30000,10000,0,0,0,0,0,0,0,0,-8500,0,0,0,0,0,0,0,0,0,-2550,0,0,0,-850,-425,0,0,0,0,580601408544670848,95000,0,0,0,0,0,0,0,0,110,110
580601082233259371,Order,2025/10/01,2025/10/09,VND,51775,85000,85000,110000,-25000,0,0,0,-33225,-4495,-8925,0,-40000,30000,10000,0,0,0,0,0,-15980,-15980,0,0,0,0,0,0,0,0,0,0,0,-2550,0,0,0,-850,-425,0,0,0,0,580601082233259371,89900,0,0,0,5100,0,0,0,0,110,110
580601036056331691,Order,2025/10/01,2025/10/09,VND,59000,85000,85000,110000,-25000,0,0,0,-26000,-4750,-8925,0,-40000,30000,10000,0,0,0,0,0,0,0,0,-8500,0,0,0,0,0,0,0,0,0,-2550,0,0,0,-850,-425,0,0,0,0,580601036056331691,95000,0,0,0,0,0,0,0,0,110,110
580600765290087916,Order,2025/10/01,2025/10/09,VND,202735,290000,290000,360000,-70000,0,0,0,-87265,-14765,-30450,0,-30300,25000,5300,0,0,0,0,0,0,0,0,-29000,0,0,0,0,0,0,0,0,0,-8700,0,0,0,-2900,-1450,0,0,0,0,580600765290087916,295300,0,0,0,0,0,0,0,0,500,500
580600695982163849,Order,2025/10/01,2025/10/09,VND,85600,123000,123000,150000,-27000,0,0,0,-37400,-6650,-12915,0,-40000,30000,10000,0,0,0,0,0,0,0,0,-12300,0,0,0,0,0,0,0,0,0,-3690,0,0,0,-1230,-615,0,0,0,0,580600695982163849,133000,0,0,0,0,0,0,0,0,210,210
580600694655059492,Order,2025/10/01,2025/10/09,VND,85840,123000,123000,150000,-27000,0,0,0,-37160,-6410,-12915,0,-35200,30000,5200,0,0,0,0,0,0,0,0,-12300,0,0,0,0,0,0,0,0,0,-3690,0,0,0,-1230,-615,0,0,0,0,580600694655059492,128200,0,0,0,0,0,0,0,0,210,210
580600430520403181,Order,2025/10/01,2025/10/09,VND,90585,123000,123000,150000,-27000,0,0,0,-32415,-4665,-12915,0,-30300,30000,300,0,0,0,0,0,0,0,0,-9300,0,0,0,0,0,0,0,0,0,-3690,0,0,0,-1230,-615,0,0,0,0,580600430520403181,93300,0,0,0,30000,0,0,0,0,210,210
580600394041361651,Order,2025/10/01,2025/10/09,VND,73300,123000,123000,150000,-27000,0,0,0,-49700,-6650,-12915,0,-40000,30000,10000,0,0,0,0,0,-24600,-24600,0,0,0,0,0,0,0,0,0,0,0,-3690,0,0,0,-1230,-615,0,0,0,0,580600394041361651,133000,0,0,0,0,0,0,0,0,210,210
580598507562959914,Order,2025/10/01,2025/10/09,VND,203000,290000,290000,360000,-70000,0,0,0,-87000,-14500,-30450,0,-29700,29700,0,0,0,0,0,0,0,0,0,-29000,0,0,0,0,0,0,0,0,0,-8700,0,0,0,-2900,-1450,0,0,0,0,580598507562959914,290000,0,0,0,0,0,0,0,0,510,510
580594310528861892,Order,2025/10/01,2025/10/09,VND,97900,123000,123000,150000,-27000,0,0,0,-25100,-6650,-12915,0,-40000,30000,10000,0,0,0,0,0,0,0,0,0,0,0,0,0,0,0,0,0,0,-3690,0,0,0,-1230,-615,0,0,0,0,580594310528861892,133000,0,0,0,0,0,0,0,0,210,210
580567873699153318,Order,2025/09/29,2025/10/09,VND,50500,85000,85000,110000,-25000,0,0,0,-34500,-4750,-8925,0,-40000,30000,10000,0,0,0,0,0,-17000,-17000,0,0,0,0,0,0,0,0,0,0,0,-2550,0,0,0,-850,-425,0,0,0,0,580567873699153318,95000,0,0,0,0,0,0,0,0,110,110
580547668185482948,Order,2025/09/27,2025/10/09,VND,88500,125000,125000,150000,-25000,0,0,0,-36500,-6250,-13125,0,-40000,30000,10000,0,0,0,0,0,0,0,0,-11500,0,0,0,0,0,0,0,0,0,-3750,0,0,0,-1250,-625,0,0,0,0,580547668185482948,125000,0,0,0,10000,0,0,0,0,210,210
580547005964518729,Order,2025/09/27,2025/10/09,VND,75000,125000,125000,150000,-25000,0,0,0,-50000,-6250,-13125,0,-40000,40000,0,0,0,0,0,0,-25000,-25000,0,0,0,0,0,0,0,0,0,0,0,-3750,0,0,0,-1250,-625,0,0,0,0,580547005964518729,125000,0,0,0,0,0,0,0,0,210,210
580626509828490635,Order,2025/10/03,2025/10/08,VND,414500,580000,580000,720000,-140000,0,0,0,-165500,-26300,-60900,0,-34000,30000,4000,0,0,0,0,0,0,0,0,-52200,0,0,0,0,0,0,0,0,0,-17400,0,0,0,-5800,-2900,0,0,0,0,580626509828490635,526000,0,0,0,58000,0,0,0,0,1030,1030
580625699845932517,Order,2025/10/03,2025/10/08,VND,126875,203000,203000,277000,-74000,0,0,0,-76125,-9135,-21315,0,-20900,20900,0,0,0,0,0,0,-36540,-36540,0,0,0,0,0,0,0,0,0,0,0,-6090,0,0,0,-2030,-1015,0,0,0,0,580625699845932517,182700,0,0,0,20300,0,0,0,0,510,510
580625345213465813,Order,2025/10/03,2025/10/08,VND,86100,123000,123000,150000,-27000,0,0,0,-36900,-6150,-12915,0,-26200,26200,0,0,0,0,0,0,0,0,0,-12300,0,0,0,0,0,0,0,0,0,-3690,0,0,0,-1230,-615,0,0,0,0,580625345213465813,123000,0,0,0,0,0,0,0,0,210,210
580622308352493447,Order,2025/10/03,2025/10/08,VND,98400,123000,123000,150000,-27000,0,0,0,-24600,-6150,-12915,0,-40000,40000,0,0,0,0,0,0,0,0,0,0,0,0,0,0,0,0,0,0,0,-3690,0,0,0,-1230,-615,0,0,0,0,580622308352493447,123000,0,0,0,0,0,0,0,0,210,210
580621668652647827,Order,2025/10/03,2025/10/08,VND,73300,123000,123000,150000,-27000,0,0,0,-49700,-6650,-12915,0,-40000,30000,10000,0,0,0,0,0,-24600,-24600,0,0,0,0,0,0,0,0,0,0,0,-3690,0,0,0,-1230,-615,0,0,0,0,580621668652647827,133000,0,0,0,0,0,0,0,0,210,210
580621014999729169,Order,2025/10/03,2025/10/08,VND,85600,123000,123000,150000,-27000,0,0,0,-37400,-6650,-12915,0,-40000,30000,10000,0,0,0,0,0,0,0,0,-12300,0,0,0,0,0,0,0,0,0,-3690,0,0,0,-1230,-615,0,0,0,0,580621014999729169,133000,0,0,0,0,0,0,0,0,210,210
580621049153226578,Order,2025/10/03,2025/10/08,VND,86085,123000,123000,150000,-27000,0,0,0,-36915,-6165,-12915,0,-30300,30000,300,0,0,0,0,0,0,0,0,-12300,0,0,0,0,0,0,0,0,0,-3690,0,0,0,-1230,-615,0,0,0,0,580621049153226578,123300,0,0,0,0,0,0,0,0,210,210
580620701731619978,Order,2025/10/03,2025/10/08,VND,86100,123000,123000,150000,-27000,0,0,0,-36900,-6150,-12915,0,-40000,40000,0,0,0,0,0,0,0,0,0,-12300,0,0,0,0,0,0,0,0,0,-3690,0,0,0,-1230,-615,0,0,0,0,580620701731619978,123000,0,0,0,0,0,0,0,0,210,210
580620641506526863,Order,2025/10/03,2025/10/08,VND,75800,123000,123000,150000,-27000,0,0,0,-47200,-6150,-12915,0,-40000,30000,10000,0,0,0,0,0,-22600,-22600,0,0,0,0,0,0,0,0,0,0,0,-3690,0,0,0,-1230,-615,0,0,0,0,580620641506526863,123000,0,0,0,10000,0,0,0,0,210,210
580620566660220137,Order,2025/10/03,2025/10/08,VND,87585,123000,123000,150000,-27000,0,0,0,-35415,-5665,-12915,0,-30300,30000,300,0,0,0,0,0,0,0,0,-11300,0,0,0,0,0,0,0,0,0,-3690,0,0,0,-1230,-615,0,0,0,0,580620566660220137,113300,0,0,0,10000,0,0,0,0,210,210
580619865771116308,Order,2025/10/03,2025/10/08,VND,73800,123000,123000,150000,-27000,0,0,0,-49200,-6150,-12915,0,-30300,30300,0,0,0,0,0,0,-24600,-24600,0,0,0,0,0,0,0,0,0,0,0,-3690,0,0,0,-1230,-615,0,0,0,0,580619865771116308,123000,0,0,0,0,0,0,0,0,210,210
580619845440276341,Order,2025/10/03,2025/10/08,VND,86085,123000,123000,150000,-27000,0,0,0,-36915,-6165,-12915,0,-30300,30000,300,0,0,0,0,0,0,0,0,-12300,0,0,0,0,0,0,0,0,0,-3690,0,0,0,-1230,-615,0,0,0,0,580619845440276341,123300,0,0,0,0,0,0,0,0,210,210
580619669951907569,Order,2025/10/03,2025/10/08,VND,181250,290000,290000,360000,-70000,0,0,0,-108750,-13050,-30450,0,-47600,47600,0,0,0,0,0,0,-52200,-52200,0,0,0,0,0,0,0,0,0,0,0,-8700,0,0,0,-2900,-1450,0,0,0,0,580619669951907569,261000,0,0,0,29000,0,0,0,0,510,510
580618815711446084,Order,2025/10/03,2025/10/08,VND,85600,123000,123000,150000,-27000,0,0,0,-37400,-6650,-12915,0,-40000,30000,10000,0,0,0,0,0,0,0,0,-12300,0,0,0,0,0,0,0,0,0,-3690,0,0,0,-1230,-615,0,0,0,0,580618815711446084,133000,0,0,0,0,0,0,0,0,210,210
580618591323719643,Order,2025/10/03,2025/10/08,VND,-40000,0,0,0,0,0,0,0,-40000,0,0,-40000,-40000,0,0,0,0,0,0,0,0,0,0,0,0,0,0,0,0,0,0,0,0,0,0,0,0,0,0,0,0,0,0,580618591323719643,0,0,0,0,0,0,0,0,0,500,500
580617395976636190,Order,2025/10/03,2025/10/08,VND,231620,290000,290000,360000,-70000,0,0,0,-58380,-14880,-30450,0,-47600,40000,7600,0,0,0,0,0,0,0,0,0,0,0,0,0,0,0,0,0,0,-8700,0,0,0,-2900,-1450,0,0,0,0,580617395976636190,297600,0,0,0,0,0,0,0,0,510,510
580617193529443639,Order,2025/10/03,2025/10/08,VND,97400,123000,123000,150000,-27000,0,0,0,-25600,-7150,-12915,0,-40000,20000,20000,0,0,0,0,0,0,0,0,0,0,0,0,0,0,0,0,0,0,-3690,0,0,0,-1230,-615,0,0,0,0,580617193529443639,143000,0,0,0,0,0,0,0,0,210,210
580616967356384521,Order,2025/10/03,2025/10/08,VND,85600,123000,123000,150000,-27000,0,0,0,-37400,-6650,-12915,0,-40000,30000,10000,0,0,0,0,0,0,0,0,-12300,0,0,0,0,0,0,0,0,0,-3690,0,0,0,-1230,-615,0,0,0,0,580616967356384521,133000,0,0,0,0,0,0,0,0,210,210
580616958425662898,Order,2025/10/03,2025/10/08,VND,147600,246000,246000,300000,-54000,0,0,0,-98400,-12300,-25830,0,-40000,40000,0,0,0,0,0,0,-49200,-49200,0,0,0,0,0,0,0,0,0,0,0,-7380,0,0,0,-2460,-1230,0,0,0,0,580616958425662898,246000,0,0,0,0,0,0,0,0,410,410
580616936032208825,Order,2025/10/03,2025/10/08,VND,85600,123000,123000,150000,-27000,0,0,0,-37400,-6650,-12915,0,-40000,30000,10000,0,0,0,0,0,0,0,0,-12300,0,0,0,0,0,0,0,0,0,-3690,0,0,0,-1230,-615,0,0,0,0,580616936032208825,133000,0,0,0,0,0,0,0,0,210,210
580616638516266251,Order,2025/10/03,2025/10/08,VND,207845,290000,290000,360000,-70000,0,0,0,-82155,-14005,-30450,0,-47600,14000,33600,0,0,0,0,0,0,0,0,-24650,0,0,0,0,0,0,0,0,0,-8700,0,0,0,-2900,-1450,0,0,0,0,580616638516266251,280100,0,0,0,43500,0,0,0,0,510,510
580615613412116391,Order,2025/10/02,2025/10/08,VND,176500,290000,290000,360000,-70000,0,0,0,-113500,-14000,-30450,0,-47600,47600,0,0,0,0,0,0,-56000,-56000,0,0,0,0,0,0,0,0,0,0,0,-8700,0,0,0,-2900,-1450,0,0,0,0,580615613412116391,280000,0,0,0,10000,0,0,0,0,510,510
580615622075123209,Order,2025/10/02,2025/10/08,VND,73040,123000,123000,150000,-27000,0,0,0,-49960,-6910,-12915,0,-35200,20000,15200,0,0,0,0,0,-24600,-24600,0,0,0,0,0,0,0,0,0,0,0,-3690,0,0,0,-1230,-615,0,0,0,0,580615622075123209,138200,0,0,0,0,0,0,0,0,210,210
580614955538285765,Order,2025/10/02,2025/10/08,VND,73800,123000,123000,150000,-27000,0,0,0,-49200,-6150,-12915,0,-35200,35200,0,0,0,0,0,0,-24600,-24600,0,0,0,0,0,0,0,0,0,0,0,-3690,0,0,0,-1230,-615,0,0,0,0,580614955538285765,123000,0,0,0,0,0,0,0,0,210,210
580614745869419563,Order,2025/10/02,2025/10/08,VND,203000,290000,290000,360000,-70000,0,0,0,-87000,-14500,-30450,0,-32100,32100,0,0,0,0,0,0,0,0,0,-29000,0,0,0,0,0,0,0,0,0,-8700,0,0,0,-2900,-1450,0,0,0,0,580614745869419563,290000,0,0,0,0,0,0,0,0,510,510
580614704612280305,Order,2025/10/02,2025/10/08,VND,104500,150000,150000,150000,0,0,0,0,-45500,-8000,-15750,0,-40000,30000,10000,0,0,0,0,0,0,0,0,-15000,0,0,0,0,0,0,0,0,0,-4500,0,0,0,-1500,-750,0,0,0,0,580614704612280305,160000,0,0,0,0,0,0,0,0,210,210
580614266736182489,Order,2025/10/02,2025/10/08,VND,73800,123000,123000,150000,-27000,0,0,0,-49200,-6150,-12915,0,-26200,26200,0,0,0,0,0,0,-24600,-24600,0,0,0,0,0,0,0,0,0,0,0,-3690,0,0,0,-1230,-615,0,0,0,0,580614266736182489,123000,0,0,0,0,0,0,0,0,210,210
580614207327864378,Order,2025/10/02,2025/10/08,VND,221400,369000,369000,450000,-81000,0,0,0,-147600,-18450,-38745,0,-35100,35100,0,0,0,0,0,0,-73800,-73800,0,0,0,0,0,0,0,0,0,0,0,-11070,0,0,0,-3690,-1845,0,0,0,0,580614207327864378,369000,0,0,0,0,0,0,0,0,610,610
580614112632342407,Order,2025/10/02,2025/10/08,VND,73300,123000,123000,150000,-27000,0,0,0,-49700,-6650,-12915,0,-40000,30000,10000,0,0,0,0,0,-24600,-24600,0,0,0,0,0,0,0,0,0,0,0,-3690,0,0,0,-1230,-615,0,0,0,0,580614112632342407,133000,0,0,0,0,0,0,0,0,210,210
580613655819813954,Order,2025/10/02,2025/10/08,VND,206045,290000,290000,360000,-70000,0,0,0,-83955,-13485,-30450,0,-41400,41400,0,0,0,0,0,0,0,0,0,-26970,0,0,0,0,0,0,0,0,0,-8700,0,0,0,-2900,-1450,0,0,0,0,580613655819813954,269700,0,0,0,20300,0,0,0,0,510,510
580613677278201321,Order,2025/10/02,2025/10/08,VND,206045,290000,290000,360000,-70000,0,0,0,-83955,-13485,-30450,0,-35100,35100,0,0,0,0,0,0,0,0,0,-26970,0,0,0,0,0,0,0,0,0,-8700,0,0,0,-2900,-1450,0,0,0,0,580613677278201321,269700,0,0,0,20300,0,0,0,0,510,510
580613471976392359,Order,2025/10/02,2025/10/08,VND,85600,123000,123000,150000,-27000,0,0,0,-37400,-6650,-12915,0,-40000,30000,10000,0,0,0,0,0,0,0,0,-12300,0,0,0,0,0,0,0,0,0,-3690,0,0,0,-1230,-615,0,0,0,0,580613471976392359,133000,0,0,0,0,0,0,0,0,210,210
580613388928320604,Order,2025/10/02,2025/10/08,VND,350500,580000,580000,720000,-140000,0,0,0,-229500,-28500,-60900,0,-39400,39400,0,0,0,0,0,0,-114000,-114000,0,0,0,0,0,0,0,0,0,0,0,-17400,0,0,0,-5800,-2900,0,0,0,0,580613388928320604,570000,0,0,0,10000,0,0,0,0,1030,1030
580613361791698118,Order,2025/10/02,2025/10/08,VND,84800,123000,123000,150000,-27000,0,0,0,-38200,-7450,-12915,0,-40000,14000,26000,0,0,0,0,0,0,0,0,-12300,0,0,0,0,0,0,0,0,0,-3690,0,0,0,-1230,-615,0,0,0,0,580613361791698118,149000,0,0,0,0,0,0,0,0,210,210
580613299346703793,Order,2025/10/02,2025/10/08,VND,75800,123000,123000,150000,-27000,0,0,0,-47200,-6150,-12915,0,-40000,30000,10000,0,0,0,0,0,-22600,-22600,0,0,0,0,0,0,0,0,0,0,0,-3690,0,0,0,-1230,-615,0,0,0,0,580613299346703793,123000,0,0,0,10000,0,0,0,0,210,210
580613145849726891,Order,2025/10/02,2025/10/08,VND,173930,290000,290000,360000,-70000,0,0,0,-116070,-14570,-30450,0,-41400,40000,1400,0,0,0,0,0,-58000,-58000,0,0,0,0,0,0,0,0,0,0,0,-8700,0,0,0,-2900,-1450,0,0,0,0,580613145849726891,291400,0,0,0,0,0,0,0,0,510,510
580613137280632315,Order,2025/10/02,2025/10/08,VND,73450,123000,123000,150000,-27000,0,0,0,-49550,-6500,-12915,0,-37000,30000,7000,0,0,0,0,0,-24600,-24600,0,0,0,0,0,0,0,0,0,0,0,-3690,0,0,0,-1230,-615,0,0,0,0,580613137280632315,130000,0,0,0,0,0,0,0,0,210,210
580613026732541844,Order,2025/10/02,2025/10/08,VND,47740,80000,80000,127000,-47000,0,0,0,-32260,-4260,-8400,0,-35200,30000,5200,0,0,0,0,0,-16000,-16000,0,0,0,0,0,0,0,0,0,0,0,-2400,0,0,0,-800,-400,0,0,0,0,580613026732541844,85200,0,0,0,0,0,0,0,0,300,300
580612949537228692,Order,2025/10/02,2025/10/08,VND,76040,123000,123000,150000,-27000,0,0,0,-46960,-5910,-12915,0,-35200,30000,5200,0,0,0,0,0,-22600,-22600,0,0,0,0,0,0,0,0,0,0,0,-3690,0,0,0,-1230,-615,0,0,0,0,580612949537228692,118200,0,0,0,10000,0,0,0,0,210,210
580612906716136608,Order,2025/10/02,2025/10/08,VND,73800,123000,123000,150000,-27000,0,0,0,-49200,-6150,-12915,0,-35200,35200,0,0,0,0,0,0,-24600,-24600,0,0,0,0,0,0,0,0,0,0,0,-3690,0,0,0,-1230,-615,0,0,0,0,580612906716136608,123000,0,0,0,0,0,0,0,0,210,210
580612750400914668,Order,2025/10/02,2025/10/08,VND,73300,123000,123000,150000,-27000,0,0,0,-49700,-6650,-12915,0,-40000,30000,10000,0,0,0,0,0,-24600,-24600,0,0,0,0,0,0,0,0,0,0,0,-3690,0,0,0,-1230,-615,0,0,0,0,580612750400914668,133000,0,0,0,0,0,0,0,0,210,210
580612798928356490,Order,2025/10/02,2025/10/08,VND,73800,123000,123000,150000,-27000,0,0,0,-49200,-6150,-12915,0,-40000,40000,0,0,0,0,0,0,-24600,-24600,0,0,0,0,0,0,0,0,0,0,0,-3690,0,0,0,-1230,-615,0,0,0,0,580612798928356490,123000,0,0,0,0,0,0,0,0,210,210
580612221155705886,Order,2025/10/02,2025/10/08,VND,90000,150000,150000,150000,0,0,0,0,-60000,-7500,-15750,0,-40000,40000,0,0,0,0,0,0,-30000,-30000,0,0,0,0,0,0,0,0,0,0,0,-4500,0,0,0,-1500,-750,0,0,0,0,580612221155705886,150000,0,0,0,0,0,0,0,0,210,210
580605784141628474,Order,2025/10/02,2025/10/08,VND,224100,360000,360000,360000,0,0,0,0,-135900,-16380,-37800,0,-30300,30300,0,0,0,0,0,0,-65520,-65520,0,0,0,0,0,0,0,0,0,0,0,-10800,0,0,0,-3600,-1800,0,0,0,0,580605784141628474,327600,0,0,0,32400,0,0,0,0,500,500
580605123793225212,Order,2025/10/02,2025/10/08,VND,89500,150000,150000,150000,0,0,0,0,-60500,-8000,-15750,0,-40000,30000,10000,0,0,0,0,0,-30000,-30000,0,0,0,0,0,0,0,0,0,0,0,-4500,0,0,0,-1500,-750,0,0,0,0,580605123793225212,160000,0,0,0,0,0,0,0,0,210,210
580605058302248374,Order,2025/10/02,2025/10/08,VND,65500,110000,110000,110000,0,0,0,0,-44500,-6000,-11550,0,-40000,30000,10000,0,0,0,0,0,-22000,-22000,0,0,0,0,0,0,0,0,0,0,0,-3300,0,0,0,-1100,-550,0,0,0,0,580605058302248374,120000,0,0,0,0,0,0,0,0,110,110
580604570183566944,Order,2025/10/02,2025/10/08,VND,105000,150000,150000,150000,0,0,0,0,-45000,-7500,-15750,0,-40000,40000,0,0,0,0,0,0,0,0,0,-15000,0,0,0,0,0,0,0,0,0,-4500,0,0,0,-1500,-750,0,0,0,0,580604570183566944,150000,0,0,0,0,0,0,0,0,210,210
580604521654682893,Order,2025/10/02,2025/10/08,VND,252000,360000,360000,360000,0,0,0,0,-108000,-18000,-37800,0,-47600,47600,0,0,0,0,0,0,0,0,0,-36000,0,0,0,0,0,0,0,0,0,-10800,0,0,0,-3600,-1800,0,0,0,0,580604521654682893,360000,0,0,0,0,0,0,0,0,510,510
580604114485347581,Order,2025/10/02,2025/10/08,VND,77185,110000,110000,110000,0,0,0,0,-32815,-6305,-11550,0,-40000,14000,26000,0,0,0,0,0,0,0,0,-10010,0,0,0,0,0,0,0,0,0,-3300,0,0,0,-1100,-550,0,0,0,0,580604114485347581,126100,0,0,0,9900,0,0,0,0,110,110
580603805821011190,Order,2025/10/02,2025/10/08,VND,106975,150000,150000,150000,0,0,0,0,-43025,-7175,-15750,0,-40000,30000,10000,0,0,0,0,0,0,0,0,-13350,0,0,0,0,0,0,0,0,0,-4500,0,0,0,-1500,-750,0,0,0,0,580603805821011190,143500,0,0,0,16500,0,0,0,0,210,210
580603645372434238,Order,2025/10/01,2025/10/08,VND,65485,110000,110000,110000,0,0,0,0,-44515,-6015,-11550,0,-30300,20000,10300,0,0,0,0,0,-22000,-22000,0,0,0,0,0,0,0,0,0,0,0,-3300,0,0,0,-1100,-550,0,0,0,0,580603645372434238,120300,0,0,0,0,0,0,0,0,110,110
580603167479465259,Order,2025/10/01,2025/10/08,VND,90000,150000,150000,150000,0,0,0,0,-60000,-7500,-15750,0,-40000,40000,0,0,0,0,0,0,-30000,-30000,0,0,0,0,0,0,0,0,0,0,0,-4500,0,0,0,-1500,-750,0,0,0,0,580603167479465259,150000,0,0,0,0,0,0,0,0,210,210
580602993117004804,Order,2025/10/01,2025/10/08,VND,65740,110000,110000,110000,0,0,0,0,-44260,-5760,-11550,0,-35200,30000,5200,0,0,0,0,0,-22000,-22000,0,0,0,0,0,0,0,0,0,0,0,-3300,0,0,0,-1100,-550,0,0,0,0,580602993117004804,115200,0,0,0,0,0,0,0,0,110,110
580602930082580129,Order,2025/10/01,2025/10/08,VND,76185,110000,110000,110000,0,0,0,0,-33815,-6315,-11550,0,-30300,14000,16300,0,0,0,0,0,0,0,0,-11000,0,0,0,0,0,0,0,0,0,-3300,0,0,0,-1100,-550,0,0,0,0,580602930082580129,126300,0,0,0,0,0,0,0,0,110,110
580602753033274940,Order,2025/10/01,2025/10/08,VND,78500,110000,110000,110000,0,0,0,0,-31500,-5000,-11550,0,-35200,35200,0,0,0,0,0,0,0,0,0,-10000,0,0,0,0,0,0,0,0,0,-3300,0,0,0,-1100,-550,0,0,0,0,580602753033274940,100000,0,0,0,10000,0,0,0,0,110,110
580602673208395179,Order,2025/10/01,2025/10/08,VND,65740,110000,110000,110000,0,0,0,0,-44260,-5760,-11550,0,-35200,30000,5200,0,0,0,0,0,-22000,-22000,0,0,0,0,0,0,0,0,0,0,0,-3300,0,0,0,-1100,-550,0,0,0,0,580602673208395179,115200,0,0,0,0,0,0,0,0,110,110
580602619224164118,Order,2025/10/01,2025/10/08,VND,90000,150000,150000,150000,0,0,0,0,-60000,-7500,-15750,0,-40000,40000,0,0,0,0,0,0,-30000,-30000,0,0,0,0,0,0,0,0,0,0,0,-4500,0,0,0,-1500,-750,0,0,0,0,580602619224164118,150000,0,0,0,0,0,0,0,0,210,210
580602490301678755,Order,2025/10/01,2025/10/08,VND,59500,85000,85000,110000,-25000,0,0,0,-25500,-4250,-8925,0,-35200,35200,0,0,0,0,0,0,0,0,0,-8500,0,0,0,0,0,0,0,0,0,-2550,0,0,0,-850,-425,0,0,0,0,580602490301678755,85000,0,0,0,0,0,0,0,0,110,110
580602416471050126,Order,2025/10/01,2025/10/08,VND,85600,123000,123000,150000,-27000,0,0,0,-37400,-6650,-12915,0,-40000,30000,10000,0,0,0,0,0,0,0,0,-12300,0,0,0,0,0,0,0,0,0,-3690,0,0,0,-1230,-615,0,0,0,0,580602416471050126,133000,0,0,0,0,0,0,0,0,210,210
580602380293933054,Order,2025/10/01,2025/10/08,VND,86100,123000,123000,150000,-27000,0,0,0,-36900,-6150,-12915,0,-40000,40000,0,0,0,0,0,0,0,0,0,-12300,0,0,0,0,0,0,0,0,0,-3690,0,0,0,-1230,-615,0,0,0,0,580602380293933054,123000,0,0,0,0,0,0,0,0,210,210
580602313137883074,Order,2025/10/01,2025/10/08,VND,59000,85000,85000,110000,-25000,0,0,0,-26000,-4750,-8925,0,-40000,30000,10000,0,0,0,0,0,0,0,0,-8500,0,0,0,0,0,0,0,0,0,-2550,0,0,0,-850,-425,0,0,0,0,580602313137883074,95000,0,0,0,0,0,0,0,0,110,110
580602246857787123,Order,2025/10/01,2025/10/08,VND,84850,123000,123000,150000,-27000,0,0,0,-38150,-7400,-12915,0,-40000,15000,25000,0,0,0,0,0,0,0,0,-12300,0,0,0,0,0,0,0,0,0,-3690,0,0,0,-1230,-615,0,0,0,0,580602246857787123,148000,0,0,0,0,0,0,0,0,210,210
580602140634809740,Order,2025/10/01,2025/10/08,VND,50500,85000,85000,110000,-25000,0,0,0,-34500,-4750,-8925,0,-40000,30000,10000,0,0,0,0,0,-17000,-17000,0,0,0,0,0,0,0,0,0,0,0,-2550,0,0,0,-850,-425,0,0,0,0,580602140634809740,95000,0,0,0,0,0,0,0,0,110,110
580602122316121303,Order,2025/10/01,2025/10/08,VND,119000,170000,170000,220000,-50000,0,0,0,-51000,-8500,-17850,0,-30300,30300,0,0,0,0,0,0,0,0,0,-17000,0,0,0,0,0,0,0,0,0,-5100,0,0,0,-1700,-850,0,0,0,0,580602122316121303,170000,0,0,0,0,0,0,0,0,210,210
580601768976811010,Order,2025/10/01,2025/10/08,VND,86100,123000,123000,150000,-27000,0,0,0,-36900,-6150,-12915,0,-40000,40000,0,0,0,0,0,0,-12300,-12300,0,0,0,0,0,0,0,0,0,0,0,-3690,0,0,0,-1230,-615,0,0,0,0,580601768976811010,123000,0,0,0,0,0,0,0,0,210,210
580601703678051526,Order,2025/10/01,2025/10/08,VND,73300,123000,123000,150000,-27000,0,0,0,-49700,-6650,-12915,0,-40000,30000,10000,0,0,0,0,0,-24600,-24600,0,0,0,0,0,0,0,0,0,0,0,-3690,0,0,0,-1230,-615,0,0,0,0,580601703678051526,133000,0,0,0,0,0,0,0,0,210,210
580601602239071949,Order,2025/10/01,2025/10/08,VND,86100,123000,123000,150000,-27000,0,0,0,-36900,-6150,-12915,0,-40000,40000,0,0,0,0,0,0,0,0,0,-12300,0,0,0,0,0,0,0,0,0,-3690,0,0,0,-1230,-615,0,0,0,0,580601602239071949,123000,0,0,0,0,0,0,0,0,210,210
580601471207114629,Order,2025/10/01,2025/10/08,VND,59000,85000,85000,110000,-25000,0,0,0,-26000,-4750,-8925,0,-40000,30000,10000,0,0,0,0,0,0,0,0,-8500,0,0,0,0,0,0,0,0,0,-2550,0,0,0,-850,-425,0,0,0,0,580601471207114629,95000,0,0,0,0,0,0,0,0,110,110
580601470812915309,Order,2025/10/01,2025/10/08,VND,59000,85000,85000,110000,-25000,0,0,0,-26000,-4750,-8925,0,-40000,30000,10000,0,0,0,0,0,0,0,0,-8500,0,0,0,0,0,0,0,0,0,-2550,0,0,0,-850,-425,0,0,0,0,580601470812915309,95000,0,0,0,0,0,0,0,0,110,110
580601508342826758,Order,2025/10/01,2025/10/08,VND,174000,290000,290000,360000,-70000,0,0,0,-116000,-14500,-30450,0,-47600,47600,0,0,0,0,0,0,-58000,-58000,0,0,0,0,0,0,0,0,0,0,0,-8700,0,0,0,-2900,-1450,0,0,0,0,580601508342826758,290000,0,0,0,0,0,0,0,0,510,510
580601439132091867,Order,2025/10/01,2025/10/08,VND,85600,123000,123000,150000,-27000,0,0,0,-37400,-6650,-12915,0,-40000,30000,10000,0,0,0,0,0,0,0,0,-12300,0,0,0,0,0,0,0,0,0,-3690,0,0,0,-1230,-615,0,0,0,0,580601439132091867,133000,0,0,0,0,0,0,0,0,210,210
580601312287818832,Order,2025/10/01,2025/10/08,VND,73800,123000,123000,150000,-27000,0,0,0,-49200,-6150,-12915,0,-14300,14300,0,0,0,0,0,0,-24600,-24600,0,0,0,0,0,0,0,0,0,0,0,-3690,0,0,0,-1230,-615,0,0,0,0,580601312287818832,123000,0,0,0,0,0,0,0,0,210,210
580601311920818121,Order,2025/10/01,2025/10/08,VND,58200,85000,85000,110000,-25000,0,0,0,-26800,-5550,-8925,0,-40000,14000,26000,0,0,0,0,0,0,0,0,-8500,0,0,0,0,0,0,0,0,0,-2550,0,0,0,-850,-425,0,0,0,0,580601311920818121,111000,0,0,0,0,0,0,0,0,110,110
580601226726115078,Order,2025/10/01,2025/10/08,VND,203000,290000,290000,360000,-70000,0,0,0,-87000,-14500,-30450,0,-47600,47600,0,0,0,0,0,0,0,0,0,-29000,0,0,0,0,0,0,0,0,0,-8700,0,0,0,-2900,-1450,0,0,0,0,580601226726115078,290000,0,0,0,0,0,0,0,0,510,510
580601210377307910,Order,2025/10/01,2025/10/08,VND,206045,290000,290000,360000,-70000,0,0,0,-83955,-13485,-30450,0,-47600,47600,0,0,0,0,0,0,0,0,0,-26970,0,0,0,0,0,0,0,0,0,-8700,0,0,0,-2900,-1450,0,0,0,0,580601210377307910,269700,0,0,0,20300,0,0,0,0,510,510
580601167209727765,Order,2025/10/01,2025/10/08,VND,73800,123000,123000,150000,-27000,0,0,0,-49200,-6150,-12915,0,-30300,30300,0,0,0,0,0,0,-24600,-24600,0,0,0,0,0,0,0,0,0,0,0,-3690,0,0,0,-1230,-615,0,0,0,0,580601167209727765,123000,0,0,0,0,0,0,0,0,210,210
580601155170895228,Order,2025/10/01,2025/10/08,VND,177625,290000,290000,360000,-70000,0,0,0,-112375,-13775,-30450,0,-47600,47600,0,0,0,0,0,0,-55100,-55100,0,0,0,0,0,0,0,0,0,0,0,-8700,0,0,0,-2900,-1450,0,0,0,0,580601155170895228,275500,0,0,0,14500,0,0,0,0,510,510
580601095615906856,Order,2025/10/01,2025/10/08,VND,59240,85000,85000,110000,-25000,0,0,0,-25760,-4510,-8925,0,-35200,30000,5200,0,0,0,0,0,0,0,0,-8500,0,0,0,0,0,0,0,0,0,-2550,0,0,0,-850,-425,0,0,0,0,580601095615906856,90200,0,0,0,0,0,0,0,0,110,110
580601057163249621,Order,2025/10/01,2025/10/08,VND,59000,85000,85000,110000,-25000,0,0,0,-26000,-4750,-8925,0,-40000,30000,10000,0,0,0,0,0,0,0,0,-8500,0,0,0,0,0,0,0,0,0,-2550,0,0,0,-850,-425,0,0,0,0,580601057163249621,95000,0,0,0,0,0,0,0,0,110,110
580600916321993791,Order,2025/10/01,2025/10/08,VND,86100,123000,123000,150000,-27000,0,0,0,-36900,-6150,-12915,0,-40000,40000,0,0,0,0,0,0,0,0,0,-12300,0,0,0,0,0,0,0,0,0,-3690,0,0,0,-1230,-615,0,0,0,0,580600916321993791,123000,0,0,0,0,0,0,0,0,210,210
580600833676576051,Order,2025/10/01,2025/10/08,VND,75000,123000,123000,150000,-27000,0,0,0,-48000,-6950,-12915,0,-40000,14000,26000,0,0,0,0,0,-22600,-22600,0,0,0,0,0,0,0,0,0,0,0,-3690,0,0,0,-1230,-615,0,0,0,0,580600833676576051,139000,0,0,0,10000,0,0,0,0,210,210
580600704842827641,Order,2025/10/01,2025/10/08,VND,73300,123000,123000,150000,-27000,0,0,0,-49700,-6650,-12915,0,-40000,30000,10000,0,0,0,0,0,-24600,-24600,0,0,0,0,0,0,0,0,0,0,0,-3690,0,0,0,-1230,-615,0,0,0,0,580600704842827641,133000,0,0,0,0,0,0,0,0,210,210
580600622012335247,Order,2025/10/01,2025/10/08,VND,86100,123000,123000,150000,-27000,0,0,0,-36900,-6150,-12915,0,-40000,40000,0,0,0,0,0,0,0,0,0,-12300,0,0,0,0,0,0,0,0,0,-3690,0,0,0,-1230,-615,0,0,0,0,580600622012335247,123000,0,0,0,0,0,0,0,0,210,210
580600607607654362,Order,2025/10/01,2025/10/08,VND,73800,123000,123000,150000,-27000,0,0,0,-49200,-6150,-12915,0,-35200,35200,0,0,0,0,0,0,-24600,-24600,0,0,0,0,0,0,0,0,0,0,0,-3690,0,0,0,-1230,-615,0,0,0,0,580600607607654362,123000,0,0,0,0,0,0,0,0,210,210
580600559979693742,Order,2025/10/01,2025/10/08,VND,59500,85000,85000,110000,-25000,0,0,0,-25500,-4250,-8925,0,-40000,40000,0,0,0,0,0,0,0,0,0,-8500,0,0,0,0,0,0,0,0,0,-2550,0,0,0,-850,-425,0,0,0,0,580600559979693742,85000,0,0,0,0,0,0,0,0,110,110
580600612904142468,Order,2025/10/01,2025/10/08,VND,73785,123000,123000,150000,-27000,0,0,0,-49215,-6165,-12915,0,-30300,30000,300,0,0,0,0,0,-24600,-24600,0,0,0,0,0,0,0,0,0,0,0,-3690,0,0,0,-1230,-615,0,0,0,0,580600612904142468,123300,0,0,0,0,0,0,0,0,210,210
580600544887932102,Order,2025/10/01,2025/10/08,VND,203000,290000,290000,360000,-70000,0,0,0,-87000,-14500,-30450,0,-47600,47600,0,0,0,0,0,0,0,0,0,-29000,0,0,0,0,0,0,0,0,0,-8700,0,0,0,-2900,-1450,0,0,0,0,580600544887932102,290000,0,0,0,0,0,0,0,0,510,510
580600569079433031,Order,2025/10/01,2025/10/08,VND,178500,255000,255000,330000,-75000,0,0,0,-76500,-12750,-26775,0,-40000,40000,0,0,0,0,0,0,0,0,0,-25500,0,0,0,0,0,0,0,0,0,-7650,0,0,0,-2550,-1275,0,0,0,0,580600569079433031,255000,0,0,0,0,0,0,0,0,310,310
580600574773004091,Order,2025/10/01,2025/10/08,VND,50500,85000,85000,110000,-25000,0,0,0,-34500,-4750,-8925,0,-40000,30000,10000,0,0,0,0,0,-17000,-17000,0,0,0,0,0,0,0,0,0,0,0,-2550,0,0,0,-850,-425,0,0,0,0,580600574773004091,95000,0,0,0,0,0,0,0,0,110,110
580600461507004073,Order,2025/10/01,2025/10/08,VND,51000,85000,85000,110000,-25000,0,0,0,-34000,-4250,-8925,0,-35200,35200,0,0,0,0,0,0,-17000,-17000,0,0,0,0,0,0,0,0,0,0,0,-2550,0,0,0,-850,-425,0,0,0,0,580600461507004073,85000,0,0,0,0,0,0,0,0,110,110
580600414499538191,Order,2025/10/01,2025/10/08,VND,59000,85000,85000,110000,-25000,0,0,0,-26000,-4750,-8925,0,-40000,30000,10000,0,0,0,0,0,0,0,0,-8500,0,0,0,0,0,0,0,0,0,-2550,0,0,0,-850,-425,0,0,0,0,580600414499538191,95000,0,0,0,0,0,0,0,0,110,110
580600305566255080,Order,2025/10/01,2025/10/08,VND,73800,123000,123000,150000,-27000,0,0,0,-49200,-6150,-12915,0,-35200,35200,0,0,0,0,0,0,-24600,-24600,0,0,0,0,0,0,0,0,0,0,0,-3690,0,0,0,-1230,-615,0,0,0,0,580600305566255080,123000,0,0,0,0,0,0,0,0,210,210
580600337959716150,Order,2025/10/01,2025/10/08,VND,87600,123000,123000,150000,-27000,0,0,0,-35400,-5650,-12915,0,-26200,26200,0,0,0,0,0,0,0,0,0,-11300,0,0,0,0,0,0,0,0,0,-3690,0,0,0,-1230,-615,0,0,0,0,580600337959716150,113000,0,0,0,10000,0,0,0,0,210,210
580600299159717118,Order,2025/10/01,2025/10/08,VND,174000,290000,290000,360000,-70000,0,0,0,-116000,-14500,-30450,0,-47600,47600,0,0,0,0,0,0,-58000,-58000,0,0,0,0,0,0,0,0,0,0,0,-8700,0,0,0,-2900,-1450,0,0,0,0,580600299159717118,290000,0,0,0,0,0,0,0,0,510,510
580598794076849162,Order,2025/10/01,2025/10/08,VND,50500,85000,85000,110000,-25000,0,0,0,-34500,-4750,-8925,0,-40000,30000,10000,0,0,0,0,0,-17000,-17000,0,0,0,0,0,0,0,0,0,0,0,-2550,0,0,0,-850,-425,0,0,0,0,580598794076849162,95000,0,0,0,0,0,0,0,0,110,110
580598375183386168,Order,2025/10/01,2025/10/08,VND,174000,290000,290000,360000,-70000,0,0,0,-116000,-14500,-30450,0,-35100,35100,0,0,0,0,0,0,-58000,-58000,0,0,0,0,0,0,0,0,0,0,0,-8700,0,0,0,-2900,-1450,0,0,0,0,580598375183386168,290000,0,0,0,0,0,0,0,0,510,510
580593981105735492,Order,2025/10/01,2025/10/08,VND,51000,85000,85000,110000,-25000,0,0,0,-34000,-4250,-8925,0,-35200,35200,0,0,0,0,0,0,-17000,-17000,0,0,0,0,0,0,0,0,0,0,0,-2550,0,0,0,-850,-425,0,0,0,0,580593981105735492,85000,0,0,0,0,0,0,0,0,110,110
580593418692167220,Order,2025/10/01,2025/10/08,VND,-40000,0,0,0,0,0,0,0,-40000,0,0,-40000,-40000,0,0,0,0,0,0,0,0,0,0,0,0,0,0,0,0,0,0,0,0,0,0,0,0,0,0,0,0,0,0,580593418692167220,0,0,0,0,0,0,0,0,0,200,200
580590388007306337,Order,2025/09/30,2025/10/08,VND,59500,85000,85000,110000,-25000,0,0,0,-25500,-4250,-8925,0,-30300,30300,0,0,0,0,0,0,0,0,0,-8500,0,0,0,0,0,0,0,0,0,-2550,0,0,0,-850,-425,0,0,0,0,580590388007306337,85000,0,0,0,0,0,0,0,0,110,110
580589813433926784,Order,2025/09/30,2025/10/08,VND,147600,246000,246000,300000,-54000,0,0,0,-98400,-12300,-25830,0,-35200,35200,0,0,0,0,0,0,-49200,-49200,0,0,0,0,0,0,0,0,0,0,0,-7380,0,0,0,-2460,-1230,0,0,0,0,580589813433926784,246000,0,0,0,0,0,0,0,0,410,410
580589332763411800,Order,2025/09/30,2025/10/08,VND,181250,290000,290000,360000,-70000,0,0,0,-108750,-13050,-30450,0,-47600,47600,0,0,0,0,0,0,-52200,-52200,0,0,0,0,0,0,0,0,0,0,0,-8700,0,0,0,-2900,-1450,0,0,0,0,580589332763411800,261000,0,0,0,29000,0,0,0,0,510,510
580588913717446143,Order,2025/09/30,2025/10/08,VND,59240,85000,85000,110000,-25000,0,0,0,-25760,-4510,-8925,0,-35200,30000,5200,0,0,0,0,0,0,0,0,-8500,0,0,0,0,0,0,0,0,0,-2550,0,0,0,-850,-425,0,0,0,0,580588913717446143,90200,0,0,0,0,0,0,0,0,110,110
580588741153621294,Order,2025/09/30,2025/10/08,VND,355500,580000,580000,720000,-140000,0,0,0,-224500,-27500,-60900,0,-55400,55400,0,0,0,0,0,0,-110000,-110000,0,0,0,0,0,0,0,0,0,0,0,-17400,0,0,0,-5800,-2900,0,0,0,0,580588741153621294,550000,0,0,0,30000,0,0,0,0,1030,1030
580588543669143367,Order,2025/09/30,2025/10/08,VND,179075,290000,290000,360000,-70000,0,0,0,-110925,-13485,-30450,0,-47600,47600,0,0,0,0,0,0,-53940,-53940,0,0,0,0,0,0,0,0,0,0,0,-8700,0,0,0,-2900,-1450,0,0,0,0,580588543669143367,269700,0,0,0,20300,0,0,0,0,510,510
580588512794478320,Order,2025/09/30,2025/10/08,VND,179800,290000,290000,360000,-70000,0,0,0,-110200,-13340,-30450,0,-47600,47600,0,0,0,0,0,0,-53360,-53360,0,0,0,0,0,0,0,0,0,0,0,-8700,0,0,0,-2900,-1450,0,0,0,0,580588512794478320,266800,0,0,0,23200,0,0,0,0,510,510
580588479986435834,Order,2025/09/30,2025/10/08,VND,73800,123000,123000,150000,-27000,0,0,0,-49200,-6150,-12915,0,-40000,40000,0,0,0,0,0,0,-24600,-24600,0,0,0,0,0,0,0,0,0,0,0,-3690,0,0,0,-1230,-615,0,0,0,0,580588479986435834,123000,0,0,0,0,0,0,0,0,210,210
580588420481582143,Order,2025/09/30,2025/10/08,VND,84800,123000,123000,150000,-27000,0,0,0,-38200,-7450,-12915,0,-40000,14000,26000,0,0,0,0,0,0,0,0,-12300,0,0,0,0,0,0,0,0,0,-3690,0,0,0,-1230,-615,0,0,0,0,580588420481582143,149000,0,0,0,0,0,0,0,0,210,210
580588300446762012,Order,2025/09/30,2025/10/08,VND,180525,290000,290000,360000,-70000,0,0,0,-109475,-13195,-30450,0,-47600,47600,0,0,0,0,0,0,-52780,-52780,0,0,0,0,0,0,0,0,0,0,0,-8700,0,0,0,-2900,-1450,0,0,0,0,580588300446762012,263900,0,0,0,26100,0,0,0,0,510,510
580588309286847932,Order,2025/09/30,2025/10/08,VND,86100,123000,123000,150000,-27000,0,0,0,-36900,-6150,-12915,0,-40000,40000,0,0,0,0,0,0,0,0,0,-12300,0,0,0,0,0,0,0,0,0,-3690,0,0,0,-1230,-615,0,0,0,0,580588309286847932,123000,0,0,0,0,0,0,0,0,210,210
580588119007331530,Order,2025/09/30,2025/10/08,VND,77798,123000,123000,150000,-27000,0,0,0,-45202,-5350,-12915,0,-40000,40000,0,0,0,0,0,0,-21402,-21402,0,0,0,0,0,0,0,0,0,0,0,-3690,0,0,0,-1230,-615,0,0,0,0,580588119007331530,107010,0,0,0,15990,0,0,0,0,210,210
580588127083988387,Order,2025/09/30,2025/10/08,VND,174000,290000,290000,360000,-70000,0,0,0,-116000,-14500,-30450,0,-47600,47600,0,0,0,0,0,0,-58000,-58000,0,0,0,0,0,0,0,0,0,0,0,-8700,0,0,0,-2900,-1450,0,0,0,0,580588127083988387,290000,0,0,0,0,0,0,0,0,510,510
580588026006045950,Order,2025/09/30,2025/10/08,VND,75800,123000,123000,150000,-27000,0,0,0,-47200,-6150,-12915,0,-40000,30000,10000,0,0,0,0,0,-22600,-22600,0,0,0,0,0,0,0,0,0,0,0,-3690,0,0,0,-1230,-615,0,0,0,0,580588026006045950,123000,0,0,0,10000,0,0,0,0,210,210
580587947538286441,Order,2025/09/30,2025/10/08,VND,90100,123000,123000,150000,-27000,0,0,0,-32900,-5150,-12915,0,-40000,30000,10000,0,0,0,0,0,0,0,0,-9300,0,0,0,0,0,0,0,0,0,-3690,0,0,0,-1230,-615,0,0,0,0,580587947538286441,103000,0,0,0,30000,0,0,0,0,210,210
580585529439782019,Order,2025/09/30,2025/10/08,VND,50740,85000,85000,110000,-25000,0,0,0,-34260,-4510,-8925,0,-35200,30000,5200,0,0,0,0,0,-17000,-17000,0,0,0,0,0,0,0,0,0,0,0,-2550,0,0,0,-850,-425,0,0,0,0,580585529439782019,90200,0,0,0,0,0,0,0,0,110,110
580585481201812611,Order,2025/09/30,2025/10/08,VND,59750,85000,85000,110000,-25000,0,0,0,-25250,-2500,-8925,0,-35200,35200,0,0,0,0,0,0,-10000,-10000,0,0,0,0,0,0,0,0,0,0,0,-2550,0,0,0,-850,-425,0,0,0,0,580585481201812611,50000,0,0,0,35000,0,0,0,0,110,110
580576824912742398,Order,2025/09/29,2025/10/08,VND,58040,85000,85000,110000,-25000,0,0,0,-26960,-5710,-8925,0,-35200,6000,29200,0,0,0,0,0,0,0,0,-8500,0,0,0,0,0,0,0,0,0,-2550,0,0,0,-850,-425,0,0,0,0,580576824912742398,114200,0,0,0,0,0,0,0,0,110,110
580546889451603591,Order,2025/09/27,2025/10/08,VND,378000,600000,600000,720000,-120000,0,0,0,-222000,-26400,-63000,0,-46200,46200,0,0,0,0,0,0,-105600,-105600,0,0,0,0,0,0,0,0,0,0,0,-18000,0,0,0,-6000,-3000,0,0,0,0,580546889451603591,528000,0,0,0,72000,0,0,0,0,1030,1030
580533927844545600,Order,2025/09/26,2025/10/08,VND,-30300,0,0,0,0,0,0,0,-30300,0,0,-30300,-30300,0,0,0,0,0,0,0,0,0,0,0,0,0,0,0,0,0,0,0,0,0,0,0,0,0,0,0,0,0,0,580533927844545600,0,0,0,0,0,0,0,0,0,210,210
580621803353179497,Order,2025/10/03,2025/10/07,VND,147600,246000,246000,300000,-54000,0,0,0,-98400,-12300,-25830,0,-27300,27300,0,0,0,0,0,0,-49200,-49200,0,0,0,0,0,0,0,0,0,0,0,-7380,0,0,0,-2460,-1230,0,0,0,0,580621803353179497,246000,0,0,0,0,0,0,0,0,410,410
580618084277913093,Order,2025/10/03,2025/10/07,VND,73800,123000,123000,150000,-27000,0,0,0,-49200,-6150,-12915,0,-30300,30300,0,0,0,0,0,0,-24600,-24600,0,0,0,0,0,0,0,0,0,0,0,-3690,0,0,0,-1230,-615,0,0,0,0,580618084277913093,123000,0,0,0,0,0,0,0,0,210,210
580613186179859587,Order,2025/10/02,2025/10/07,VND,174000,290000,290000,360000,-70000,0,0,0,-116000,-14500,-30450,0,-35100,35100,0,0,0,0,0,0,-58000,-58000,0,0,0,0,0,0,0,0,0,0,0,-8700,0,0,0,-2900,-1450,0,0,0,0,580613186179859587,290000,0,0,0,0,0,0,0,0,510,510
580613048761222681,Order,2025/10/02,2025/10/07,VND,86100,123000,123000,150000,-27000,0,0,0,-36900,-6150,-12915,0,-26200,26200,0,0,0,0,0,0,0,0,0,-12300,0,0,0,0,0,0,0,0,0,-3690,0,0,0,-1230,-615,0,0,0,0,580613048761222681,123000,0,0,0,0,0,0,0,0,210,210
580609712955885483,Order,2025/10/02,2025/10/07,VND,92500,150000,150000,150000,0,0,0,0,-57500,-7000,-15750,0,-40000,40000,0,0,0,0,0,0,-28000,-28000,0,0,0,0,0,0,0,0,0,0,0,-4500,0,0,0,-1500,-750,0,0,0,0,580609712955885483,140000,0,0,0,10000,0,0,0,0,210,210
580606100706592684,Order,2025/10/02,2025/10/07,VND,90000,150000,150000,150000,0,0,0,0,-60000,-7500,-15750,0,-35200,35200,0,0,0,0,0,0,-30000,-30000,0,0,0,0,0,0,0,0,0,0,0,-4500,0,0,0,-1500,-750,0,0,0,0,580606100706592684,150000,0,0,0,0,0,0,0,0,210,210
580603644836676696,Order,2025/10/01,2025/10/07,VND,90000,150000,150000,150000,0,0,0,0,-60000,-7500,-15750,0,-30300,30300,0,0,0,0,0,0,-30000,-30000,0,0,0,0,0,0,0,0,0,0,0,-4500,0,0,0,-1500,-750,0,0,0,0,580603644836676696,150000,0,0,0,0,0,0,0,0,210,210
580603309516031990,Order,2025/10/01,2025/10/07,VND,76500,110000,110000,110000,0,0,0,0,-33500,-6000,-11550,0,-40000,30000,10000,0,0,0,0,0,0,0,0,-11000,0,0,0,0,0,0,0,0,0,-3300,0,0,0,-1100,-550,0,0,0,0,580603309516031990,120000,0,0,0,0,0,0,0,0,110,110
580602798316029498,Order,2025/10/01,2025/10/07,VND,75990,110000,110000,110000,0,0,0,0,-34010,-6510,-11550,0,-26200,6000,20200,0,0,0,0,0,0,0,0,-11000,0,0,0,0,0,0,0,0,0,-3300,0,0,0,-1100,-550,0,0,0,0,580602798316029498,130200,0,0,0,0,0,0,0,0,110,110
580602773555939011,Order,2025/10/01,2025/10/07,VND,105000,150000,150000,150000,0,0,0,0,-45000,-7500,-15750,0,-30300,30300,0,0,0,0,0,0,0,0,0,-15000,0,0,0,0,0,0,0,0,0,-4500,0,0,0,-1500,-750,0,0,0,0,580602773555939011,150000,0,0,0,0,0,0,0,0,210,210
580601462251685157,Order,2025/10/01,2025/10/07,VND,59485,85000,85000,110000,-25000,0,0,0,-25515,-4265,-8925,0,-30300,30000,300,0,0,0,0,0,0,0,0,-8500,0,0,0,0,0,0,0,0,0,-2550,0,0,0,-850,-425,0,0,0,0,580601462251685157,85300,0,0,0,0,0,0,0,0,110,110
580601104915203817,Order,2025/10/01,2025/10/07,VND,174000,290000,290000,360000,-70000,0,0,0,-116000,-14500,-30450,0,-29700,29700,0,0,0,0,0,0,-58000,-58000,0,0,0,0,0,0,0,0,0,0,0,-8700,0,0,0,-2900,-1450,0,0,0,0,580601104915203817,290000,0,0,0,0,0,0,0,0,510,510
580600669460071429,Order,2025/10/01,2025/10/07,VND,203000,290000,290000,360000,-70000,0,0,0,-87000,-14500,-30450,0,-41400,41400,0,0,0,0,0,0,0,0,0,-29000,0,0,0,0,0,0,0,0,0,-8700,0,0,0,-2900,-1450,0,0,0,0,580600669460071429,290000,0,0,0,0,0,0,0,0,510,510
580600608559040210,Order,2025/10/01,2025/10/07,VND,207350,290000,290000,360000,-70000,0,0,0,-82650,-13050,-30450,0,-35100,35100,0,0,0,0,0,0,0,0,0,-26100,0,0,0,0,0,0,0,0,0,-8700,0,0,0,-2900,-1450,0,0,0,0,580600608559040210,261000,0,0,0,29000,0,0,0,0,510,510
580600618746611336,Order,2025/10/01,2025/10/07,VND,174000,290000,290000,360000,-70000,0,0,0,-116000,-14500,-30450,0,-47600,47600,0,0,0,0,0,0,-58000,-58000,0,0,0,0,0,0,0,0,0,0,0,-8700,0,0,0,-2900,-1450,0,0,0,0,580600618746611336,290000,0,0,0,0,0,0,0,0,510,510
580600471340483736,Order,2025/10/01,2025/10/07,VND,86100,123000,123000,150000,-27000,0,0,0,-36900,-6150,-12915,0,-30300,30300,0,0,0,0,0,0,0,0,0,-12300,0,0,0,0,0,0,0,0,0,-3690,0,0,0,-1230,-615,0,0,0,0,580600471340483736,123000,0,0,0,0,0,0,0,0,210,210
580600369796843160,Order,2025/10/01,2025/10/07,VND,50985,85000,85000,110000,-25000,0,0,0,-34015,-4265,-8925,0,-30300,30000,300,0,0,0,0,0,-17000,-17000,0,0,0,0,0,0,0,0,0,0,0,-2550,0,0,0,-850,-425,0,0,0,0,580600369796843160,85300,0,0,0,0,0,0,0,0,110,110
580600403975767849,Order,2025/10/01,2025/10/07,VND,73300,123000,123000,150000,-27000,0,0,0,-49700,-6650,-12915,0,-40000,30000,10000,0,0,0,0,0,-24600,-24600,0,0,0,0,0,0,0,0,0,0,0,-3690,0,0,0,-1230,-615,0,0,0,0,580600403975767849,133000,0,0,0,0,0,0,0,0,210,210
580598132037289788,Order,2025/10/01,2025/10/07,VND,73800,123000,123000,150000,-27000,0,0,0,-49200,-6150,-12915,0,-19700,19700,0,0,0,0,0,0,-24600,-24600,0,0,0,0,0,0,0,0,0,0,0,-3690,0,0,0,-1230,-615,0,0,0,0,580598132037289788,123000,0,0,0,0,0,0,0,0,210,210
580596339864339551,Order,2025/10/01,2025/10/07,VND,68000,85000,85000,110000,-25000,0,0,0,-17000,-4250,-8925,0,-40000,40000,0,0,0,0,0,0,0,0,0,0,0,0,0,0,0,0,0,0,0,-2550,0,0,0,-850,-425,0,0,0,0,580596339864339551,85000,0,0,0,0,0,0,0,0,110,110
580596052876756832,Order,2025/10/01,2025/10/07,VND,49700,85000,85000,110000,-25000,0,0,0,-35300,-5550,-8925,0,-40000,14000,26000,0,0,0,0,0,-17000,-17000,0,0,0,0,0,0,0,0,0,0,0,-2550,0,0,0,-850,-425,0,0,0,0,580596052876756832,111000,0,0,0,0,0,0,0,0,110,110
580595168613009031,Order,2025/10/01,2025/10/07,VND,73300,123000,123000,150000,-27000,0,0,0,-49700,-6650,-12915,0,-40000,30000,10000,0,0,0,0,0,-24600,-24600,0,0,0,0,0,0,0,0,0,0,0,-3690,0,0,0,-1230,-615,0,0,0,0,580595168613009031,133000,0,0,0,0,0,0,0,0,210,210
580594928923805401,Order,2025/10/01,2025/10/07,VND,86100,123000,123000,150000,-27000,0,0,0,-36900,-6150,-12915,0,-30300,30300,0,0,0,0,0,0,0,0,0,-12300,0,0,0,0,0,0,0,0,0,-3690,0,0,0,-1230,-615,0,0,0,0,580594928923805401,123000,0,0,0,0,0,0,0,0,210,210
580594263971038535,Order,2025/10/01,2025/10/07,VND,73300,123000,123000,150000,-27000,0,0,0,-49700,-6650,-12915,0,-40000,30000,10000,0,0,0,0,0,-24600,-24600,0,0,0,0,0,0,0,0,0,0,0,-3690,0,0,0,-1230,-615,0,0,0,0,580594263971038535,133000,0,0,0,0,0,0,0,0,210,210
580593363008193987,Order,2025/10/01,2025/10/07,VND,84800,123000,123000,150000,-27000,0,0,0,-38200,-7450,-12915,0,-40000,14000,26000,0,0,0,0,0,0,0,0,-12300,0,0,0,0,0,0,0,0,0,-3690,0,0,0,-1230,-615,0,0,0,0,580593363008193987,149000,0,0,0,0,0,0,0,0,210,210
580593081512330900,Order,2025/10/01,2025/10/07,VND,73785,123000,123000,150000,-27000,0,0,0,-49215,-6165,-12915,0,-30300,30000,300,0,0,0,0,0,-24600,-24600,0,0,0,0,0,0,0,0,0,0,0,-3690,0,0,0,-1230,-615,0,0,0,0,580593081512330900,123300,0,0,0,0,0,0,0,0,210,210
580592869945542214,Order,2025/10/01,2025/10/07,VND,59500,85000,85000,110000,-25000,0,0,0,-25500,-4250,-8925,0,-40000,40000,0,0,0,0,0,0,0,0,0,-8500,0,0,0,0,0,0,0,0,0,-2550,0,0,0,-850,-425,0,0,0,0,580592869945542214,85000,0,0,0,0,0,0,0,0,110,110
580592769001424885,Order,2025/10/01,2025/10/07,VND,50985,85000,85000,110000,-25000,0,0,0,-34015,-4265,-8925,0,-30300,30000,300,0,0,0,0,0,-17000,-17000,0,0,0,0,0,0,0,0,0,0,0,-2550,0,0,0,-850,-425,0,0,0,0,580592769001424885,85300,0,0,0,0,0,0,0,0,110,110
580592548846535688,Order,2025/10/01,2025/10/07,VND,85600,123000,123000,150000,-27000,0,0,0,-37400,-6650,-12915,0,-40000,30000,10000,0,0,0,0,0,0,0,0,-12300,0,0,0,0,0,0,0,0,0,-3690,0,0,0,-1230,-615,0,0,0,0,580592548846535688,133000,0,0,0,0,0,0,0,0,210,210
580592366866106109,Order,2025/10/01,2025/10/07,VND,50740,85000,85000,110000,-25000,0,0,0,-34260,-4510,-8925,0,-35200,30000,5200,0,0,0,0,0,-17000,-17000,0,0,0,0,0,0,0,0,0,0,0,-2550,0,0,0,-850,-425,0,0,0,0,580592366866106109,90200,0,0,0,0,0,0,0,0,110,110
580591993693308533,Order,2025/10/01,2025/10/07,VND,59000,85000,85000,110000,-25000,0,0,0,-26000,-4750,-8925,0,-40000,30000,10000,0,0,0,0,0,0,0,0,-8500,0,0,0,0,0,0,0,0,0,-2550,0,0,0,-850,-425,0,0,0,0,580591993693308533,95000,0,0,0,0,0,0,0,0,110,110
580590452226951018,Order,2025/09/30,2025/10/07,VND,174000,290000,290000,360000,-70000,0,0,0,-116000,-14500,-30450,0,-47600,47600,0,0,0,0,0,0,-58000,-58000,0,0,0,0,0,0,0,0,0,0,0,-8700,0,0,0,-2900,-1450,0,0,0,0,580590452226951018,290000,0,0,0,0,0,0,0,0,510,510
580590333729605590,Order,2025/09/30,2025/10/07,VND,203000,290000,290000,360000,-70000,0,0,0,-87000,-14500,-30450,0,-47600,47600,0,0,0,0,0,0,0,0,0,-29000,0,0,0,0,0,0,0,0,0,-8700,0,0,0,-2900,-1450,0,0,0,0,580590333729605590,290000,0,0,0,0,0,0,0,0,510,510
580590318991082699,Order,2025/09/30,2025/10/07,VND,85600,123000,123000,150000,-27000,0,0,0,-37400,-6650,-12915,0,-40000,30000,10000,0,0,0,0,0,0,0,0,-12300,0,0,0,0,0,0,0,0,0,-3690,0,0,0,-1230,-615,0,0,0,0,580590318991082699,133000,0,0,0,0,0,0,0,0,210,210
580589516454331984,Order,2025/09/30,2025/10/07,VND,50500,85000,85000,110000,-25000,0,0,0,-34500,-4750,-8925,0,-40000,30000,10000,0,0,0,0,0,-17000,-17000,0,0,0,0,0,0,0,0,0,0,0,-2550,0,0,0,-850,-425,0,0,0,0,580589516454331984,95000,0,0,0,0,0,0,0,0,110,110
580589386760946908,Order,2025/09/30,2025/10/07,VND,181250,290000,290000,360000,-70000,0,0,0,-108750,-13050,-30450,0,-47600,47600,0,0,0,0,0,0,-52200,-52200,0,0,0,0,0,0,0,0,0,0,0,-8700,0,0,0,-2900,-1450,0,0,0,0,580589386760946908,261000,0,0,0,29000,0,0,0,0,510,510
580588924766029176,Order,2025/09/30,2025/10/07,VND,410500,580000,580000,720000,-140000,0,0,0,-169500,-27500,-60900,0,-55400,55400,0,0,0,0,0,0,0,0,0,-55000,0,0,0,0,0,0,0,0,0,-17400,0,0,0,-5800,-2900,0,0,0,0,580588924766029176,550000,0,0,0,30000,0,0,0,0,1030,1030
580588751943402731,Order,2025/09/30,2025/10/07,VND,90100,123000,123000,150000,-27000,0,0,0,-32900,-5150,-12915,0,-40000,30000,10000,0,0,0,0,0,0,0,0,-9300,0,0,0,0,0,0,0,0,0,-3690,0,0,0,-1230,-615,0,0,0,0,580588751943402731,103000,0,0,0,30000,0,0,0,0,210,210
580588682736731862,Order,2025/09/30,2025/10/07,VND,181250,290000,290000,360000,-70000,0,0,0,-108750,-13050,-30450,0,-47600,47600,0,0,0,0,0,0,-52200,-52200,0,0,0,0,0,0,0,0,0,0,0,-8700,0,0,0,-2900,-1450,0,0,0,0,580588682736731862,261000,0,0,0,29000,0,0,0,0,510,510
580588608784926627,Order,2025/09/30,2025/10/07,VND,73300,123000,123000,150000,-27000,0,0,0,-49700,-6650,-12915,0,-40000,30000,10000,0,0,0,0,0,-24600,-24600,0,0,0,0,0,0,0,0,0,0,0,-3690,0,0,0,-1230,-615,0,0,0,0,580588608784926627,133000,0,0,0,0,0,0,0,0,210,210
580588520951547015,Order,2025/09/30,2025/10/07,VND,73300,123000,123000,150000,-27000,0,0,0,-49700,-6650,-12915,0,-40000,30000,10000,0,0,0,0,0,-24600,-24600,0,0,0,0,0,0,0,0,0,0,0,-3690,0,0,0,-1230,-615,0,0,0,0,580588520951547015,133000,0,0,0,0,0,0,0,0,210,210
580588313134597665,Order,2025/09/30,2025/10/07,VND,50500,85000,85000,110000,-25000,0,0,0,-34500,-4750,-8925,0,-40000,30000,10000,0,0,0,0,0,-17000,-17000,0,0,0,0,0,0,0,0,0,0,0,-2550,0,0,0,-850,-425,0,0,0,0,580588313134597665,95000,0,0,0,0,0,0,0,0,110,110
580588219218233222,Order,2025/09/30,2025/10/07,VND,119000,170000,170000,220000,-50000,0,0,0,-51000,-8500,-17850,0,-40000,40000,0,0,0,0,0,0,0,0,0,-17000,0,0,0,0,0,0,0,0,0,-5100,0,0,0,-1700,-850,0,0,0,0,580588219218233222,170000,0,0,0,0,0,0,0,0,210,210
580588083842942595,Order,2025/09/30,2025/10/07,VND,59240,85000,85000,110000,-25000,0,0,0,-25760,-4510,-8925,0,-35200,30000,5200,0,0,0,0,0,0,0,0,-8500,0,0,0,0,0,0,0,0,0,-2550,0,0,0,-850,-425,0,0,0,0,580588083842942595,90200,0,0,0,0,0,0,0,0,110,110
580588077791348480,Order,2025/09/30,2025/10/07,VND,73040,123000,123000,150000,-27000,0,0,0,-49960,-6910,-12915,0,-35200,20000,15200,0,0,0,0,0,-24600,-24600,0,0,0,0,0,0,0,0,0,0,0,-3690,0,0,0,-1230,-615,0,0,0,0,580588077791348480,138200,0,0,0,0,0,0,0,0,210,210
580588074869359707,Order,2025/09/30,2025/10/07,VND,356000,580000,580000,720000,-140000,0,0,0,-224000,-27400,-60900,0,-48600,48600,0,0,0,0,0,0,-109600,-109600,0,0,0,0,0,0,0,0,0,0,0,-17400,0,0,0,-5800,-2900,0,0,0,0,580588074869359707,548000,0,0,0,32000,0,0,0,0,1030,1030
580587921038280391,Order,2025/09/30,2025/10/07,VND,87100,123000,123000,150000,-27000,0,0,0,-35900,-6150,-12915,0,-40000,30000,10000,0,0,0,0,0,0,0,0,-11300,0,0,0,0,0,0,0,0,0,-3690,0,0,0,-1230,-615,0,0,0,0,580587921038280391,123000,0,0,0,10000,0,0,0,0,210,210
580587881782019972,Order,2025/09/30,2025/10/07,VND,73800,123000,123000,150000,-27000,0,0,0,-49200,-6150,-12915,0,-40000,40000,0,0,0,0,0,0,-24600,-24600,0,0,0,0,0,0,0,0,0,0,0,-3690,0,0,0,-1230,-615,0,0,0,0,580587881782019972,123000,0,0,0,0,0,0,0,0,210,210
580587881060926816,Order,2025/09/30,2025/10/07,VND,205610,290000,290000,360000,-70000,0,0,0,-84390,-13630,-30450,0,-35100,35100,0,0,0,0,0,0,0,0,0,-27260,0,0,0,0,0,0,0,0,0,-8700,0,0,0,-2900,-1450,0,0,0,0,580587881060926816,272600,0,0,0,17400,0,0,0,0,510,510
580587813529355559,Order,2025/09/30,2025/10/07,VND,76300,123000,123000,150000,-27000,0,0,0,-46700,-5650,-12915,0,-35200,35200,0,0,0,0,0,0,-22600,-22600,0,0,0,0,0,0,0,0,0,0,0,-3690,0,0,0,-1230,-615,0,0,0,0,580587813529355559,113000,0,0,0,10000,0,0,0,0,210,210
580587812518135463,Order,2025/09/30,2025/10/07,VND,73300,123000,123000,150000,-27000,0,0,0,-49700,-6650,-12915,0,-40000,30000,10000,0,0,0,0,0,-24600,-24600,0,0,0,0,0,0,0,0,0,0,0,-3690,0,0,0,-1230,-615,0,0,0,0,580587812518135463,133000,0,0,0,0,0,0,0,0,210,210
580587446542895064,Order,2025/09/30,2025/10/07,VND,84400,123000,123000,150000,-27000,0,0,0,-38600,-7850,-12915,0,-40000,6000,34000,0,0,0,0,0,0,0,0,-12300,0,0,0,0,0,0,0,0,0,-3690,0,0,0,-1230,-615,0,0,0,0,580587446542895064,157000,0,0,0,0,0,0,0,0,210,210
580586785089029309,Order,2025/09/30,2025/10/07,VND,59000,85000,85000,110000,-25000,0,0,0,-26000,-4750,-8925,0,-40000,30000,10000,0,0,0,0,0,0,0,0,-8500,0,0,0,0,0,0,0,0,0,-2550,0,0,0,-850,-425,0,0,0,0,580586785089029309,95000,0,0,0,0,0,0,0,0,110,110
580586589794240212,Order,2025/09/30,2025/10/07,VND,151405,246000,246000,300000,-54000,0,0,0,-94595,-11539,-25830,0,-26200,26200,0,0,0,0,0,0,-46156,-46156,0,0,0,0,0,0,0,0,0,0,0,-7380,0,0,0,-2460,-1230,0,0,0,0,580586589794240212,230783,0,0,0,15217,0,0,0,0,410,410
580586160363177291,Order,2025/09/30,2025/10/07,VND,85350,123000,123000,150000,-27000,0,0,0,-37650,-6900,-12915,0,-40000,25000,15000,0,0,0,0,0,0,0,0,-12300,0,0,0,0,0,0,0,0,0,-3690,0,0,0,-1230,-615,0,0,0,0,580586160363177291,138000,0,0,0,0,0,0,0,0,210,210
580585981813688178,Order,2025/09/30,2025/10/07,VND,147100,246000,246000,300000,-54000,0,0,0,-98900,-12800,-25830,0,-40000,30000,10000,0,0,0,0,0,-49200,-49200,0,0,0,0,0,0,0,0,0,0,0,-7380,0,0,0,-2460,-1230,0,0,0,0,580585981813688178,256000,0,0,0,0,0,0,0,0,410,410
580579618460042848,Order,2025/09/30,2025/10/07,VND,59000,85000,85000,110000,-25000,0,0,0,-26000,-4750,-8925,0,-40000,30000,10000,0,0,0,0,0,0,0,0,-8500,0,0,0,0,0,0,0,0,0,-2550,0,0,0,-850,-425,0,0,0,0,580579618460042848,95000,0,0,0,0,0,0,0,0,110,110
580579577373361760,Order,2025/09/30,2025/10/07,VND,172200,246000,246000,300000,-54000,0,0,0,-73800,-12300,-25830,0,-40000,40000,0,0,0,0,0,0,0,0,0,-24600,0,0,0,0,0,0,0,0,0,-7380,0,0,0,-2460,-1230,0,0,0,0,580579577373361760,246000,0,0,0,0,0,0,0,0,410,410
580576067551593897,Order,2025/09/29,2025/10/07,VND,178350,290000,290000,360000,-70000,0,0,0,-111650,-13630,-30450,0,-47600,47600,0,0,0,0,0,0,-54520,-54520,0,0,0,0,0,0,0,0,0,0,0,-8700,0,0,0,-2900,-1450,0,0,0,0,580576067551593897,272600,0,0,0,17400,0,0,0,0,510,510
580574309064410462,Order,2025/09/29,2025/10/07,VND,85600,123000,123000,150000,-27000,0,0,0,-37400,-6650,-12915,0,-40000,30000,10000,0,0,0,0,0,0,0,0,-12300,0,0,0,0,0,0,0,0,0,-3690,0,0,0,-1230,-615,0,0,0,0,580574309064410462,133000,0,0,0,0,0,0,0,0,210,210
580561382455019420,Order,2025/09/28,2025/10/07,VND,47500,80000,80000,127000,-47000,0,0,0,-32500,-4500,-8400,0,-40000,30000,10000,0,0,0,0,0,-16000,-16000,0,0,0,0,0,0,0,0,0,0,0,-2400,0,0,0,-800,-400,0,0,0,0,580561382455019420,90000,0,0,0,0,0,0,0,0,300,300
580561327967340444,Order,2025/09/28,2025/10/07,VND,75000,125000,125000,150000,-25000,0,0,0,-50000,-6250,-13125,0,-40000,40000,0,0,0,0,0,0,-25000,-25000,0,0,0,0,0,0,0,0,0,0,0,-3750,0,0,0,-1250,-625,0,0,0,0,580561327967340444,125000,0,0,0,0,0,0,0,0,210,210
580555438610875447,Order,2025/09/28,2025/10/07,VND,64300,110000,110000,110000,0,0,0,0,-45700,-7200,-11550,0,-40000,6000,34000,0,0,0,0,0,-22000,-22000,0,0,0,0,0,0,0,0,0,0,0,-3300,0,0,0,-1100,-550,0,0,0,0,580555438610875447,144000,0,0,0,0,0,0,0,0,110,110
580548867605956307,Order,2025/09/27,2025/10/07,VND,214050,300000,300000,360000,-60000,0,0,0,-85950,-13650,-31500,0,-47600,47600,0,0,0,0,0,0,0,0,0,-27300,0,0,0,0,0,0,0,0,0,-9000,0,0,0,-3000,-1500,0,0,0,0,580548867605956307,273000,0,0,0,27000,0,0,0,0,510,510
580548103652934847,Order,2025/09/27,2025/10/07,VND,87500,125000,125000,150000,-25000,0,0,0,-37500,-6250,-13125,0,-30300,30300,0,0,0,0,0,0,0,0,0,-12500,0,0,0,0,0,0,0,0,0,-3750,0,0,0,-1250,-625,0,0,0,0,580548103652934847,125000,0,0,0,0,0,0,0,0,210,210
580547579138704599,Order,2025/09/27,2025/10/07,VND,101500,170000,170000,220000,-50000,0,0,0,-68500,-9000,-17850,0,-40000,30000,10000,0,0,0,0,0,-34000,-34000,0,0,0,0,0,0,0,0,0,0,0,-5100,0,0,0,-1700,-850,0,0,0,0,580547579138704599,180000,0,0,0,0,0,0,0,0,210,210
580547530555426443,Order,2025/09/27,2025/10/07,VND,118985,170000,170000,220000,-50000,0,0,0,-51015,-8515,-17850,0,-30300,30000,300,0,0,0,0,0,0,0,0,-17000,0,0,0,0,0,0,0,0,0,-5100,0,0,0,-1700,-850,0,0,0,0,580547530555426443,170300,0,0,0,0,0,0,0,0,210,210
580507820130731039,Order,2025/09/24,2025/10/07,VND,-40000,0,0,0,0,0,0,0,-40000,0,0,-40000,-40000,0,0,0,0,0,0,0,0,0,0,0,0,0,0,0,0,0,0,0,0,0,0,0,0,0,0,0,0,0,0,580507820130731039,0,0,0,0,0,0,0,0,0,110,110
580606340086269055,Order,2025/10/02,2025/10/06,VND,-30300,0,0,0,0,0,0,0,-30300,0,0,-30300,-30300,0,0,0,0,0,0,0,0,0,0,0,0,0,0,0,0,0,0,0,0,0,0,0,0,0,0,0,0,0,0,580606340086269055,0,0,0,0,0,0,0,0,0,500,500
580601572291610498,Order,2025/10/01,2025/10/06,VND,78800,123000,123000,150000,-27000,0,0,0,-44200,-5150,-12915,0,-26200,26200,0,0,0,0,0,0,-20600,-20600,0,0,0,0,0,0,0,0,0,0,0,-3690,0,0,0,-1230,-615,0,0,0,0,580601572291610498,103000,0,0,0,20000,0,0,0,0,210,210
580600938306111122,Order,2025/10/01,2025/10/06,VND,59485,85000,85000,110000,-25000,0,0,0,-25515,-4265,-8925,0,-30300,30000,300,0,0,0,0,0,0,0,0,-8500,0,0,0,0,0,0,0,0,0,-2550,0,0,0,-850,-425,0,0,0,0,580600938306111122,85300,0,0,0,0,0,0,0,0,110,110
580600525279167587,Order,2025/10/01,2025/10/06,VND,73800,123000,123000,150000,-27000,0,0,0,-49200,-6150,-12915,0,-26200,26200,0,0,0,0,0,0,-24600,-24600,0,0,0,0,0,0,0,0,0,0,0,-3690,0,0,0,-1230,-615,0,0,0,0,580600525279167587,123000,0,0,0,0,0,0,0,0,210,210
580595899485160578,Order,2025/10/01,2025/10/06,VND,98816,123000,123000,150000,-27000,0,0,0,-24184,-5734,-12915,0,-30300,30000,300,0,0,0,0,0,0,0,0,0,0,0,0,0,0,0,0,0,0,-3690,0,0,0,-1230,-615,0,0,0,0,580595899485160578,114690,0,0,0,8610,0,0,0,0,210,210
580593371857454304,Order,2025/10/01,2025/10/06,VND,-30300,0,0,0,0,0,0,0,-30300,0,0,-30300,-30300,0,0,0,0,0,0,0,0,0,0,0,0,0,0,0,0,0,0,0,0,0,0,0,0,0,0,0,0,0,0,580593371857454304,0,0,0,0,0,0,0,0,0,500,500
580591381877589307,Order,2025/10/01,2025/10/06,VND,73785,123000,123000,150000,-27000,0,0,0,-49215,-6165,-12915,0,-30300,30000,300,0,0,0,0,0,-24600,-24600,0,0,0,0,0,0,0,0,0,0,0,-3690,0,0,0,-1230,-615,0,0,0,0,580591381877589307,123300,0,0,0,0,0,0,0,0,210,210
580589915427276520,Order,2025/09/30,2025/10/06,VND,119000,170000,170000,220000,-50000,0,0,0,-51000,-8500,-17850,0,-35200,35200,0,0,0,0,0,0,0,0,0,-17000,0,0,0,0,0,0,0,0,0,-5100,0,0,0,-1700,-850,0,0,0,0,580589915427276520,170000,0,0,0,0,0,0,0,0,210,210
580589107607405783,Order,2025/09/30,2025/10/06,VND,147600,246000,246000,300000,-54000,0,0,0,-98400,-12300,-25830,0,-30300,30300,0,0,0,0,0,0,-49200,-49200,0,0,0,0,0,0,0,0,0,0,0,-7380,0,0,0,-2460,-1230,0,0,0,0,580589107607405783,246000,0,0,0,0,0,0,0,0,410,410
580589059469969064,Order,2025/09/30,2025/10/06,VND,86085,123000,123000,150000,-27000,0,0,0,-36915,-6165,-12915,0,-30300,30000,300,0,0,0,0,0,0,0,0,-12300,0,0,0,0,0,0,0,0,0,-3690,0,0,0,-1230,-615,0,0,0,0,580589059469969064,123300,0,0,0,0,0,0,0,0,210,210
580587885884901031,Order,2025/09/30,2025/10/06,VND,174000,290000,290000,360000,-70000,0,0,0,-116000,-14500,-30450,0,-35100,35100,0,0,0,0,0,0,-58000,-58000,0,0,0,0,0,0,0,0,0,0,0,-8700,0,0,0,-2900,-1450,0,0,0,0,580587885884901031,290000,0,0,0,0,0,0,0,0,510,510
580587861829978026,Order,2025/09/30,2025/10/06,VND,73785,123000,123000,150000,-27000,0,0,0,-49215,-6165,-12915,0,-30300,30000,300,0,0,0,0,0,-24600,-24600,0,0,0,0,0,0,0,0,0,0,0,-3690,0,0,0,-1230,-615,0,0,0,0,580587861829978026,123300,0,0,0,0,0,0,0,0,210,210
580584082999051967,Order,2025/09/30,2025/10/06,VND,203000,290000,290000,360000,-70000,0,0,0,-87000,-14500,-30450,0,-47600,47600,0,0,0,0,0,0,0,0,0,-29000,0,0,0,0,0,0,0,0,0,-8700,0,0,0,-2900,-1450,0,0,0,0,580584082999051967,290000,0,0,0,0,0,0,0,0,510,510
580582756826973959,Order,2025/09/30,2025/10/06,VND,73300,123000,123000,150000,-27000,0,0,0,-49700,-6650,-12915,0,-40000,30000,10000,0,0,0,0,0,-24600,-24600,0,0,0,0,0,0,0,0,0,0,0,-3690,0,0,0,-1230,-615,0,0,0,0,580582756826973959,133000,0,0,0,0,0,0,0,0,210,210
580582216423146651,Order,2025/09/30,2025/10/06,VND,203000,290000,290000,360000,-70000,0,0,0,-87000,-14500,-30450,0,-41400,41400,0,0,0,0,0,0,0,0,0,-29000,0,0,0,0,0,0,0,0,0,-8700,0,0,0,-2900,-1450,0,0,0,0,580582216423146651,290000,0,0,0,0,0,0,0,0,510,510
580581662724424933,Order,2025/09/30,2025/10/06,VND,73800,123000,123000,150000,-27000,0,0,0,-49200,-6150,-12915,0,-30300,30300,0,0,0,0,0,0,-24600,-24600,0,0,0,0,0,0,0,0,0,0,0,-3690,0,0,0,-1230,-615,0,0,0,0,580581662724424933,123000,0,0,0,0,0,0,0,0,210,210
580580582219745221,Order,2025/09/30,2025/10/06,VND,50894,85000,85000,110000,-25000,0,0,0,-34106,-4671,-8925,0,-40000,30000,10000,0,0,0,0,0,-16685,-16685,0,0,0,0,0,0,0,0,0,0,0,-2550,0,0,0,-850,-425,0,0,0,0,580580582219745221,93423,0,0,0,1577,0,0,0,0,110,110
580580376703371140,Order,2025/09/30,2025/10/06,VND,50500,85000,85000,110000,-25000,0,0,0,-34500,-4750,-8925,0,-40000,30000,10000,0,0,0,0,0,-17000,-17000,0,0,0,0,0,0,0,0,0,0,0,-2550,0,0,0,-850,-425,0,0,0,0,580580376703371140,95000,0,0,0,0,0,0,0,0,110,110
580579198810424426,Order,2025/09/30,2025/10/06,VND,202500,290000,290000,360000,-70000,0,0,0,-87500,-15000,-30450,0,-40000,30000,10000,0,0,0,0,0,0,0,0,-29000,0,0,0,0,0,0,0,0,0,-8700,0,0,0,-2900,-1450,0,0,0,0,580579198810424426,300000,0,0,0,0,0,0,0,0,500,500
580576755562087999,Order,2025/09/29,2025/10/06,VND,59485,85000,85000,110000,-25000,0,0,0,-25515,-4265,-8925,0,-30300,30000,300,0,0,0,0,0,0,0,0,-8500,0,0,0,0,0,0,0,0,0,-2550,0,0,0,-850,-425,0,0,0,0,580576755562087999,85300,0,0,0,0,0,0,0,0,110,110
580576650070034205,Order,2025/09/29,2025/10/06,VND,50500,85000,85000,110000,-25000,0,0,0,-34500,-4750,-8925,0,-40000,30000,10000,0,0,0,0,0,-17000,-17000,0,0,0,0,0,0,0,0,0,0,0,-2550,0,0,0,-850,-425,0,0,0,0,580576650070034205,95000,0,0,0,0,0,0,0,0,110,110
580576068416603585,Order,2025/09/29,2025/10/06,VND,50500,85000,85000,110000,-25000,0,0,0,-34500,-4750,-8925,0,-40000,30000,10000,0,0,0,0,0,-17000,-17000,0,0,0,0,0,0,0,0,0,0,0,-2550,0,0,0,-850,-425,0,0,0,0,580576068416603585,95000,0,0,0,0,0,0,0,0,110,110
580575894465906544,Order,2025/09/29,2025/10/06,VND,50500,85000,85000,110000,-25000,0,0,0,-34500,-4750,-8925,0,-40000,30000,10000,0,0,0,0,0,-17000,-17000,0,0,0,0,0,0,0,0,0,0,0,-2550,0,0,0,-850,-425,0,0,0,0,580575894465906544,95000,0,0,0,0,0,0,0,0,110,110
580575330940716482,Order,2025/09/29,2025/10/06,VND,179800,290000,290000,360000,-70000,0,0,0,-110200,-13340,-30450,0,-47600,47600,0,0,0,0,0,0,-53360,-53360,0,0,0,0,0,0,0,0,0,0,0,-8700,0,0,0,-2900,-1450,0,0,0,0,580575330940716482,266800,0,0,0,23200,0,0,0,0,510,510
580574853588157449,Order,2025/09/29,2025/10/06,VND,50690,85000,85000,110000,-25000,0,0,0,-34310,-4560,-8925,0,-26200,20000,6200,0,0,0,0,0,-17000,-17000,0,0,0,0,0,0,0,0,0,0,0,-2550,0,0,0,-850,-425,0,0,0,0,580574853588157449,91200,0,0,0,0,0,0,0,0,110,110
580574639726429313,Order,2025/09/29,2025/10/06,VND,73300,123000,123000,150000,-27000,0,0,0,-49700,-6650,-12915,0,-40000,30000,10000,0,0,0,0,0,-24600,-24600,0,0,0,0,0,0,0,0,0,0,0,-3690,0,0,0,-1230,-615,0,0,0,0,580574639726429313,133000,0,0,0,0,0,0,0,0,210,210
580574635975280244,Order,2025/09/29,2025/10/06,VND,50500,85000,85000,110000,-25000,0,0,0,-34500,-4750,-8925,0,-40000,30000,10000,0,0,0,0,0,-17000,-17000,0,0,0,0,0,0,0,0,0,0,0,-2550,0,0,0,-850,-425,0,0,0,0,580574635975280244,95000,0,0,0,0,0,0,0,0,110,110
580574548128401082,Order,2025/09/29,2025/10/06,VND,102000,170000,170000,220000,-50000,0,0,0,-68000,-8500,-17850,0,-30300,30300,0,0,0,0,0,0,-34000,-34000,0,0,0,0,0,0,0,0,0,0,0,-5100,0,0,0,-1700,-850,0,0,0,0,580574548128401082,170000,0,0,0,0,0,0,0,0,210,210
580574514016323206,Order,2025/09/29,2025/10/06,VND,73800,123000,123000,150000,-27000,0,0,0,-49200,-6150,-12915,0,-40000,40000,0,0,0,0,0,0,-24600,-24600,0,0,0,0,0,0,0,0,0,0,0,-3690,0,0,0,-1230,-615,0,0,0,0,580574514016323206,123000,0,0,0,0,0,0,0,0,210,210
580574388284589348,Order,2025/09/29,2025/10/06,VND,50740,85000,85000,110000,-25000,0,0,0,-34260,-4510,-8925,0,-35200,30000,5200,0,0,0,0,0,-17000,-17000,0,0,0,0,0,0,0,0,0,0,0,-2550,0,0,0,-850,-425,0,0,0,0,580574388284589348,90200,0,0,0,0,0,0,0,0,110,110
580574270052009091,Order,2025/09/29,2025/10/06,VND,179620,300000,300000,360000,-60000,0,0,0,-120380,-15380,-31500,0,-47600,40000,7600,0,0,0,0,0,-60000,-60000,0,0,0,0,0,0,0,0,0,0,0,-9000,0,0,0,-3000,-1500,0,0,0,0,580574270052009091,307600,0,0,0,0,0,0,0,0,510,510
580574228182632057,Order,2025/09/29,2025/10/06,VND,75000,125000,125000,150000,-25000,0,0,0,-50000,-6250,-13125,0,-30300,30300,0,0,0,0,0,0,-25000,-25000,0,0,0,0,0,0,0,0,0,0,0,-3750,0,0,0,-1250,-625,0,0,0,0,580574228182632057,125000,0,0,0,0,0,0,0,0,210,210
580574031920793012,Order,2025/09/29,2025/10/06,VND,180000,300000,300000,360000,-60000,0,0,0,-120000,-15000,-31500,0,-47600,47600,0,0,0,0,0,0,-60000,-60000,0,0,0,0,0,0,0,0,0,0,0,-9000,0,0,0,-3000,-1500,0,0,0,0,580574031920793012,300000,0,0,0,0,0,0,0,0,510,510
580574013386687867,Order,2025/09/29,2025/10/06,VND,74985,125000,125000,150000,-25000,0,0,0,-50015,-6265,-13125,0,-30300,30000,300,0,0,0,0,0,-25000,-25000,0,0,0,0,0,0,0,0,0,0,0,-3750,0,0,0,-1250,-625,0,0,0,0,580574013386687867,125300,0,0,0,0,0,0,0,0,210,210
580573936660547348,Order,2025/09/29,2025/10/06,VND,59000,85000,85000,110000,-25000,0,0,0,-26000,-4750,-8925,0,-40000,30000,10000,0,0,0,0,0,0,0,0,-8500,0,0,0,0,0,0,0,0,0,-2550,0,0,0,-850,-425,0,0,0,0,580573936660547348,95000,0,0,0,0,0,0,0,0,110,110
580573624177820962,Order,2025/09/29,2025/10/06,VND,75000,125000,125000,150000,-25000,0,0,0,-50000,-6250,-13125,0,-40000,40000,0,0,0,0,0,0,-25000,-25000,0,0,0,0,0,0,0,0,0,0,0,-3750,0,0,0,-1250,-625,0,0,0,0,580573624177820962,125000,0,0,0,0,0,0,0,0,210,210
580573483034248231,Order,2025/09/29,2025/10/06,VND,214500,300000,300000,360000,-60000,0,0,0,-85500,-13500,-31500,0,-40500,40500,0,0,0,0,0,0,0,0,0,-27000,0,0,0,0,0,0,0,0,0,-9000,0,0,0,-3000,-1500,0,0,0,0,580573483034248231,270000,0,0,0,30000,0,0,0,0,510,510
580573318315869578,Order,2025/09/29,2025/10/06,VND,186495,300000,300000,360000,-60000,0,0,0,-113505,-13905,-31500,0,-35100,30000,5100,0,0,0,0,0,-54600,-54600,0,0,0,0,0,0,0,0,0,0,0,-9000,0,0,0,-3000,-1500,0,0,0,0,580573318315869578,278100,0,0,0,27000,0,0,0,0,510,510
580572317706651052,Order,2025/09/29,2025/10/06,VND,74500,125000,125000,150000,-25000,0,0,0,-50500,-6750,-13125,0,-40000,30000,10000,0,0,0,0,0,-25000,-25000,0,0,0,0,0,0,0,0,0,0,0,-3750,0,0,0,-1250,-625,0,0,0,0,580572317706651052,135000,0,0,0,0,0,0,0,0,210,210
580572086099805709,Order,2025/09/29,2025/10/06,VND,87500,125000,125000,150000,-25000,0,0,0,-37500,-6250,-13125,0,-40000,40000,0,0,0,0,0,0,0,0,0,-12500,0,0,0,0,0,0,0,0,0,-3750,0,0,0,-1250,-625,0,0,0,0,580572086099805709,125000,0,0,0,0,0,0,0,0,210,210
580571331207464414,Order,2025/09/29,2025/10/06,VND,59000,85000,85000,110000,-25000,0,0,0,-26000,-4750,-8925,0,-40000,30000,10000,0,0,0,0,0,0,0,0,-8500,0,0,0,0,0,0,0,0,0,-2550,0,0,0,-850,-425,0,0,0,0,580571331207464414,95000,0,0,0,0,0,0,0,0,110,110
580569299496371449,Order,2025/09/29,2025/10/06,VND,75000,125000,125000,150000,-25000,0,0,0,-50000,-6250,-13125,0,-35200,35200,0,0,0,0,0,0,-25000,-25000,0,0,0,0,0,0,0,0,0,0,0,-3750,0,0,0,-1250,-625,0,0,0,0,580569299496371449,125000,0,0,0,0,0,0,0,0,210,210
580568644064740869,Order,2025/09/29,2025/10/06,VND,87240,125000,125000,150000,-25000,0,0,0,-37760,-6510,-13125,0,-35200,30000,5200,0,0,0,0,0,0,0,0,-12500,0,0,0,0,0,0,0,0,0,-3750,0,0,0,-1250,-625,0,0,0,0,580568644064740869,130200,0,0,0,0,0,0,0,0,200,200
580567702307375028,Order,2025/09/29,2025/10/06,VND,187500,300000,300000,360000,-60000,0,0,0,-112500,-13500,-31500,0,-47600,47600,0,0,0,0,0,0,-54000,-54000,0,0,0,0,0,0,0,0,0,0,0,-9000,0,0,0,-3000,-1500,0,0,0,0,580567702307375028,270000,0,0,0,30000,0,0,0,0,510,510
580567279492106094,Order,2025/09/29,2025/10/06,VND,-35200,0,0,0,0,0,0,0,-35200,0,0,-35200,-35200,0,0,0,0,0,0,0,0,0,0,0,0,0,0,0,0,0,0,0,0,0,0,0,0,0,0,0,0,0,0,580567279492106094,0,0,0,0,0,0,0,0,0,500,500
580565919028839516,Order,2025/09/29,2025/10/06,VND,74500,125000,125000,150000,-25000,0,0,0,-50500,-6750,-13125,0,-40000,30000,10000,0,0,0,0,0,-25000,-25000,0,0,0,0,0,0,0,0,0,0,0,-3750,0,0,0,-1250,-625,0,0,0,0,580565919028839516,135000,0,0,0,0,0,0,0,0,210,210
580564463965144478,Order,2025/09/28,2025/10/06,VND,75000,125000,125000,150000,-25000,0,0,0,-50000,-6250,-13125,0,-30300,30300,0,0,0,0,0,0,-25000,-25000,0,0,0,0,0,0,0,0,0,0,0,-3750,0,0,0,-1250,-625,0,0,0,0,580564463965144478,125000,0,0,0,0,0,0,0,0,210,210
580563858446583126,Order,2025/09/28,2025/10/06,VND,59500,85000,85000,110000,-25000,0,0,0,-25500,-4250,-8925,0,-40000,40000,0,0,0,0,0,0,0,0,0,-8500,0,0,0,0,0,0,0,0,0,-2550,0,0,0,-850,-425,0,0,0,0,580563858446583126,85000,0,0,0,0,0,0,0,0,110,110
580563230206298005,Order,2025/09/28,2025/10/06,VND,75000,125000,125000,150000,-25000,0,0,0,-50000,-6250,-13125,0,-40000,40000,0,0,0,0,0,0,-25000,-25000,0,0,0,0,0,0,0,0,0,0,0,-3750,0,0,0,-1250,-625,0,0,0,0,580563230206298005,125000,0,0,0,0,0,0,0,0,210,210
580562437215388708,Order,2025/09/28,2025/10/06,VND,189000,300000,300000,360000,-60000,0,0,0,-111000,-13200,-31500,0,-47600,47600,0,0,0,0,0,0,-52800,-52800,0,0,0,0,0,0,0,0,0,0,0,-9000,0,0,0,-3000,-1500,0,0,0,0,580562437215388708,264000,0,0,0,36000,0,0,0,0,510,510
580562416975054586,Order,2025/09/28,2025/10/06,VND,75000,125000,125000,150000,-25000,0,0,0,-50000,-6250,-13125,0,-35200,35200,0,0,0,0,0,0,-25000,-25000,0,0,0,0,0,0,0,0,0,0,0,-3750,0,0,0,-1250,-625,0,0,0,0,580562416975054586,125000,0,0,0,0,0,0,0,0,210,210
580562017240712276,Order,2025/09/28,2025/10/06,VND,75000,125000,125000,150000,-25000,0,0,0,-50000,-6250,-13125,0,-40000,40000,0,0,0,0,0,0,-25000,-25000,0,0,0,0,0,0,0,0,0,0,0,-3750,0,0,0,-1250,-625,0,0,0,0,580562017240712276,125000,0,0,0,0,0,0,0,0,210,210
580561995216618580,Order,2025/09/28,2025/10/06,VND,75000,125000,125000,150000,-25000,0,0,0,-50000,-6250,-13125,0,-40000,40000,0,0,0,0,0,0,-25000,-25000,0,0,0,0,0,0,0,0,0,0,0,-3750,0,0,0,-1250,-625,0,0,0,0,580561995216618580,125000,0,0,0,0,0,0,0,0,210,210
580561331182929480,Order,2025/09/28,2025/10/06,VND,47500,80000,80000,127000,-47000,0,0,0,-32500,-4500,-8400,0,-40000,30000,10000,0,0,0,0,0,-16000,-16000,0,0,0,0,0,0,0,0,0,0,0,-2400,0,0,0,-800,-400,0,0,0,0,580561331182929480,90000,0,0,0,0,0,0,0,0,300,300
580561099316430028,Order,2025/09/28,2025/10/06,VND,87000,125000,125000,150000,-25000,0,0,0,-38000,-6750,-13125,0,-40000,30000,10000,0,0,0,0,0,0,0,0,-12500,0,0,0,0,0,0,0,0,0,-3750,0,0,0,-1250,-625,0,0,0,0,580561099316430028,135000,0,0,0,0,0,0,0,0,210,210
580561128146306938,Order,2025/09/28,2025/10/06,VND,74740,125000,125000,150000,-25000,0,0,0,-50260,-6510,-13125,0,-35200,30000,5200,0,0,0,0,0,-25000,-25000,0,0,0,0,0,0,0,0,0,0,0,-3750,0,0,0,-1250,-625,0,0,0,0,580561128146306938,130200,0,0,0,0,0,0,0,0,210,210
580560976713254725,Order,2025/09/28,2025/10/06,VND,567000,900000,900000,1080000,-180000,0,0,0,-333000,-39600,-94500,0,-61700,61700,0,0,0,0,0,0,-158400,-158400,0,0,0,0,0,0,0,0,0,0,0,-27000,0,0,0,-9000,-4500,0,0,0,0,580560976713254725,792000,0,0,0,108000,0,0,0,0,1530,1530
580560938036332464,Order,2025/09/28,2025/10/06,VND,75000,125000,125000,150000,-25000,0,0,0,-50000,-6250,-13125,0,-40000,40000,0,0,0,0,0,0,-25000,-25000,0,0,0,0,0,0,0,0,0,0,0,-3750,0,0,0,-1250,-625,0,0,0,0,580560938036332464,125000,0,0,0,0,0,0,0,0,210,210
580560846123861741,Order,2025/09/28,2025/10/06,VND,77000,125000,125000,150000,-25000,0,0,0,-48000,-6250,-13125,0,-40000,30000,10000,0,0,0,0,0,-23000,-23000,0,0,0,0,0,0,0,0,0,0,0,-3750,0,0,0,-1250,-625,0,0,0,0,580560846123861741,125000,0,0,0,10000,0,0,0,0,210,210
580560865016186473,Order,2025/09/28,2025/10/06,VND,150000,250000,250000,300000,-50000,0,0,0,-100000,-12500,-26250,0,-30300,30300,0,0,0,0,0,0,-50000,-50000,0,0,0,0,0,0,0,0,0,0,0,-7500,0,0,0,-2500,-1250,0,0,0,0,580560865016186473,250000,0,0,0,0,0,0,0,0,410,410
580560716284396982,Order,2025/09/28,2025/10/06,VND,51000,85000,85000,110000,-25000,0,0,0,-34000,-4250,-8925,0,-40000,40000,0,0,0,0,0,0,-17000,-17000,0,0,0,0,0,0,0,0,0,0,0,-2550,0,0,0,-850,-425,0,0,0,0,580560716284396982,85000,0,0,0,0,0,0,0,0,110,110
580560543029298360,Order,2025/09/28,2025/10/06,VND,75000,125000,125000,150000,-25000,0,0,0,-50000,-6250,-13125,0,-40000,40000,0,0,0,0,0,0,-25000,-25000,0,0,0,0,0,0,0,0,0,0,0,-3750,0,0,0,-1250,-625,0,0,0,0,580560543029298360,125000,0,0,0,0,0,0,0,0,210,210
580560550238979434,Order,2025/09/28,2025/10/06,VND,50500,85000,85000,110000,-25000,0,0,0,-34500,-4750,-8925,0,-40000,30000,10000,0,0,0,0,0,-17000,-17000,0,0,0,0,0,0,0,0,0,0,0,-2550,0,0,0,-850,-425,0,0,0,0,580560550238979434,95000,0,0,0,0,0,0,0,0,110,110
580557679990704002,Order,2025/09/28,2025/10/06,VND,89500,150000,150000,150000,0,0,0,0,-60500,-8000,-15750,0,-40000,30000,10000,0,0,0,0,0,-30000,-30000,0,0,0,0,0,0,0,0,0,0,0,-4500,0,0,0,-1500,-750,0,0,0,0,580557679990704002,160000,0,0,0,0,0,0,0,0,210,210
580556735053006441,Order,2025/09/28,2025/10/06,VND,89985,150000,150000,150000,0,0,0,0,-60015,-7515,-15750,0,-30300,30000,300,0,0,0,0,0,-30000,-30000,0,0,0,0,0,0,0,0,0,0,0,-4500,0,0,0,-1500,-750,0,0,0,0,580556735053006441,150300,0,0,0,0,0,0,0,0,210,210
580551689969829492,Order,2025/09/28,2025/10/06,VND,76600,110000,110000,110000,0,0,0,0,-33400,-5900,-11550,0,-38000,30000,8000,0,0,0,0,0,0,0,0,-11000,0,0,0,0,0,0,0,0,0,-3300,0,0,0,-1100,-550,0,0,0,0,580551689969829492,118000,0,0,0,0,0,0,0,0,110,110
580551215415264781,Order,2025/09/28,2025/10/06,VND,432000,720000,720000,720000,0,0,0,0,-288000,-36000,-75600,0,-55400,55400,0,0,0,0,0,0,-144000,-144000,0,0,0,0,0,0,0,0,0,0,0,-21600,0,0,0,-7200,-3600,0,0,0,0,580551215415264781,720000,0,0,0,0,0,0,0,0,1030,1030
580550175278400808,Order,2025/09/27,2025/10/06,VND,74100,125000,125000,150000,-25000,0,0,0,-50900,-7150,-13125,0,-32000,14000,18000,0,0,0,0,0,-25000,-25000,0,0,0,0,0,0,0,0,0,0,0,-3750,0,0,0,-1250,-625,0,0,0,0,580550175278400808,143000,0,0,0,0,0,0,0,0,210,210
580548869997757548,Order,2025/09/27,2025/10/06,VND,189000,300000,300000,360000,-60000,0,0,0,-111000,-13200,-31500,0,-41400,41400,0,0,0,0,0,0,-52800,-52800,0,0,0,0,0,0,0,0,0,0,0,-9000,0,0,0,-3000,-1500,0,0,0,0,580548869997757548,264000,0,0,0,36000,0,0,0,0,510,510
580547666330748567,Order,2025/09/27,2025/10/06,VND,75000,125000,125000,150000,-25000,0,0,0,-50000,-6250,-13125,0,-40000,40000,0,0,0,0,0,0,-25000,-25000,0,0,0,0,0,0,0,0,0,0,0,-3750,0,0,0,-1250,-625,0,0,0,0,580547666330748567,125000,0,0,0,0,0,0,0,0,210,210
580547431784023564,Order,2025/09/27,2025/10/06,VND,225000,375000,375000,450000,-75000,0,0,0,-150000,-18750,-39375,0,-47600,47600,0,0,0,0,0,0,-75000,-75000,0,0,0,0,0,0,0,0,0,0,0,-11250,0,0,0,-3750,-1875,0,0,0,0,580547431784023564,375000,0,0,0,0,0,0,0,0,610,610
580547405079938823,Order,2025/09/27,2025/10/06,VND,74500,125000,125000,150000,-25000,0,0,0,-50500,-6750,-13125,0,-40000,30000,10000,0,0,0,0,0,-25000,-25000,0,0,0,0,0,0,0,0,0,0,0,-3750,0,0,0,-1250,-625,0,0,0,0,580547405079938823,135000,0,0,0,0,0,0,0,0,210,210
580546933076494246,Order,2025/09/27,2025/10/06,VND,75000,125000,125000,150000,-25000,0,0,0,-50000,-6250,-13125,0,-40000,40000,0,0,0,0,0,0,-25000,-25000,0,0,0,0,0,0,0,0,0,0,0,-3750,0,0,0,-1250,-625,0,0,0,0,580546933076494246,125000,0,0,0,0,0,0,0,0,210,210
580546884628088500,Order,2025/09/27,2025/10/06,VND,150000,250000,250000,300000,-50000,0,0,0,-100000,-12500,-26250,0,-40000,40000,0,0,0,0,0,0,-50000,-50000,0,0,0,0,0,0,0,0,0,0,0,-7500,0,0,0,-2500,-1250,0,0,0,0,580546884628088500,250000,0,0,0,0,0,0,0,0,410,410
580546822415288020,Order,2025/09/27,2025/10/06,VND,378000,600000,600000,720000,-120000,0,0,0,-222000,-26400,-63000,0,-55400,55400,0,0,0,0,0,0,-105600,-105600,0,0,0,0,0,0,0,0,0,0,0,-18000,0,0,0,-6000,-3000,0,0,0,0,580546822415288020,528000,0,0,0,72000,0,0,0,0,1030,1030
580546744129848987,Order,2025/09/27,2025/10/06,VND,77500,125000,125000,150000,-25000,0,0,0,-47500,-5750,-13125,0,-40000,40000,0,0,0,0,0,0,-23000,-23000,0,0,0,0,0,0,0,0,0,0,0,-3750,0,0,0,-1250,-625,0,0,0,0,580546744129848987,115000,0,0,0,10000,0,0,0,0,210,210
580546656406898218,Order,2025/09/27,2025/10/06,VND,214050,300000,300000,360000,-60000,0,0,0,-85950,-13650,-31500,0,-47600,47600,0,0,0,0,0,0,0,0,0,-27300,0,0,0,0,0,0,0,0,0,-9000,0,0,0,-3000,-1500,0,0,0,0,580546656406898218,273000,0,0,0,27000,0,0,0,0,510,510
580546562700576312,Order,2025/09/27,2025/10/06,VND,188120,300000,300000,360000,-60000,0,0,0,-111880,-14080,-31500,0,-47600,30000,17600,0,0,0,0,0,-52800,-52800,0,0,0,0,0,0,0,0,0,0,0,-9000,0,0,0,-3000,-1500,0,0,0,0,580546562700576312,281600,0,0,0,36000,0,0,0,0,510,510
580522900895269968,Order,2025/09/25,2025/10/06,VND,87200,125000,125000,150000,-25000,0,0,0,-37800,-6550,-13125,0,-36000,30000,6000,0,0,0,0,0,0,0,0,-12500,0,0,0,0,0,0,0,0,0,-3750,0,0,0,-1250,-625,0,0,0,0,580522900895269968,131000,0,0,0,0,0,0,0,0,210,210
580596002571977984,Order,2025/10/01,2025/10/05,VND,86100,123000,123000,150000,-27000,0,0,0,-36900,-6150,-12915,0,-19700,19700,0,0,0,0,0,0,0,0,0,-12300,0,0,0,0,0,0,0,0,0,-3690,0,0,0,-1230,-615,0,0,0,0,580596002571977984,123000,0,0,0,0,0,0,0,0,210,210
580594187635688753,Order,2025/10/01,2025/10/05,VND,203000,290000,290000,360000,-70000,0,0,0,-87000,-14500,-30450,0,-35100,35100,0,0,0,0,0,0,0,0,0,-29000,0,0,0,0,0,0,0,0,0,-8700,0,0,0,-2900,-1450,0,0,0,0,580594187635688753,290000,0,0,0,0,0,0,0,0,510,510
580592585166521967,Order,2025/10/01,2025/10/05,VND,215745,360000,360000,360000,0,0,0,0,-144255,-18255,-37800,0,-35100,30000,5100,0,0,0,0,0,-72000,-72000,0,0,0,0,0,0,0,0,0,0,0,-10800,0,0,0,-3600,-1800,0,0,0,0,580592585166521967,365100,0,0,0,0,0,0,0,0,510,510
580587688915797338,Order,2025/09/30,2025/10/05,VND,51000,85000,85000,110000,-25000,0,0,0,-34000,-4250,-8925,0,-26200,26200,0,0,0,0,0,0,-17000,-17000,0,0,0,0,0,0,0,0,0,0,0,-2550,0,0,0,-850,-425,0,0,0,0,580587688915797338,85000,0,0,0,0,0,0,0,0,110,110
580587577658607172,Order,2025/09/30,2025/10/05,VND,86100,123000,123000,150000,-27000,0,0,0,-36900,-6150,-12915,0,-30300,30300,0,0,0,0,0,0,0,0,0,-12300,0,0,0,0,0,0,0,0,0,-3690,0,0,0,-1230,-615,0,0,0,0,580587577658607172,123000,0,0,0,0,0,0,0,0,210,210
580585137413392074,Order,2025/09/30,2025/10/05,VND,50985,85000,85000,110000,-25000,0,0,0,-34015,-4265,-8925,0,-30300,30000,300,0,0,0,0,0,-17000,-17000,0,0,0,0,0,0,0,0,0,0,0,-2550,0,0,0,-850,-425,0,0,0,0,580585137413392074,85300,0,0,0,0,0,0,0,0,110,110
580583891818808819,Order,2025/09/30,2025/10/05,VND,59500,85000,85000,110000,-25000,0,0,0,-25500,-4250,-8925,0,-40000,40000,0,0,0,0,0,0,0,0,0,-8500,0,0,0,0,0,0,0,0,0,-2550,0,0,0,-850,-425,0,0,0,0,580583891818808819,85000,0,0,0,0,0,0,0,0,110,110
580583294826350012,Order,2025/09/30,2025/10/05,VND,73800,123000,123000,150000,-27000,0,0,0,-49200,-6150,-12915,0,-40000,40000,0,0,0,0,0,0,-24600,-24600,0,0,0,0,0,0,0,0,0,0,0,-3690,0,0,0,-1230,-615,0,0,0,0,580583294826350012,123000,0,0,0,0,0,0,0,0,200,200
580583098211730492,Order,2025/09/30,2025/10/05,VND,233305,290000,290000,360000,-70000,0,0,0,-56695,-13195,-30450,0,-41400,41400,0,0,0,0,0,0,0,0,0,0,0,0,0,0,0,0,0,0,0,-8700,0,0,0,-2900,-1450,0,0,0,0,580583098211730492,263900,0,0,0,26100,0,0,0,0,510,510
580582574636958828,Order,2025/09/30,2025/10/05,VND,59150,85000,85000,110000,-25000,0,0,0,-25850,-4600,-8925,0,-37000,30000,7000,0,0,0,0,0,0,0,0,-8500,0,0,0,0,0,0,0,0,0,-2550,0,0,0,-850,-425,0,0,0,0,580582574636958828,92000,0,0,0,0,0,0,0,0,110,110
580582494308697323,Order,2025/09/30,2025/10/05,VND,85835,123000,123000,150000,-27000,0,0,0,-37165,-6415,-12915,0,-30300,25000,5300,0,0,0,0,0,0,0,0,-12300,0,0,0,0,0,0,0,0,0,-3690,0,0,0,-1230,-615,0,0,0,0,580582494308697323,128300,0,0,0,0,0,0,0,0,210,210
580581455318910703,Order,2025/09/30,2025/10/05,VND,51000,85000,85000,110000,-25000,0,0,0,-34000,-4250,-8925,0,-40000,40000,0,0,0,0,0,0,-17000,-17000,0,0,0,0,0,0,0,0,0,0,0,-2550,0,0,0,-850,-425,0,0,0,0,580581455318910703,85000,0,0,0,0,0,0,0,0,110,110
580580858791298116,Order,2025/09/30,2025/10/05,VND,203000,290000,290000,360000,-70000,0,0,0,-87000,-14500,-30450,0,-47600,47600,0,0,0,0,0,0,0,0,0,-29000,0,0,0,0,0,0,0,0,0,-8700,0,0,0,-2900,-1450,0,0,0,0,580580858791298116,290000,0,0,0,0,0,0,0,0,510,510
580580752432465032,Order,2025/09/30,2025/10/05,VND,-40000,0,0,0,0,0,0,0,-40000,0,0,-40000,-40000,0,0,0,0,0,0,0,0,0,0,0,0,0,0,0,0,0,0,0,0,0,0,0,0,0,0,0,0,0,0,580580752432465032,0,0,0,0,0,0,0,0,0,500,500
580580327858997021,Order,2025/09/30,2025/10/05,VND,609000,870000,870000,1080000,-210000,0,0,0,-261000,-43500,-91350,0,-54300,54300,0,0,0,0,0,0,0,0,0,-87000,0,0,0,0,0,0,0,0,0,-26100,0,0,0,-8700,-4350,0,0,0,0,580580327858997021,870000,0,0,0,0,0,0,0,0,1530,1530
580577014248670273,Order,2025/09/29,2025/10/05,VND,72400,123000,123000,150000,-27000,0,0,0,-50600,-7550,-12915,0,-40000,12000,28000,0,0,0,0,0,-24600,-24600,0,0,0,0,0,0,0,0,0,0,0,-3690,0,0,0,-1230,-615,0,0,0,0,580577014248670273,151000,0,0,0,0,0,0,0,0,210,210
580576948812285451,Order,2025/09/29,2025/10/05,VND,59000,85000,85000,110000,-25000,0,0,0,-26000,-4750,-8925,0,-40000,30000,10000,0,0,0,0,0,0,0,0,-8500,0,0,0,0,0,0,0,0,0,-2550,0,0,0,-850,-425,0,0,0,0,580576948812285451,95000,0,0,0,0,0,0,0,0,110,110
580576853770012423,Order,2025/09/29,2025/10/05,VND,174000,290000,290000,360000,-70000,0,0,0,-116000,-14500,-30450,0,-30300,30300,0,0,0,0,0,0,-58000,-58000,0,0,0,0,0,0,0,0,0,0,0,-8700,0,0,0,-2900,-1450,0,0,0,0,580576853770012423,290000,0,0,0,0,0,0,0,0,500,500
580576836646110579,Order,2025/09/29,2025/10/05,VND,51000,85000,85000,110000,-25000,0,0,0,-34000,-4250,-8925,0,-40000,40000,0,0,0,0,0,0,-17000,-17000,0,0,0,0,0,0,0,0,0,0,0,-2550,0,0,0,-850,-425,0,0,0,0,580576836646110579,85000,0,0,0,0,0,0,0,0,110,110
580576539539834185,Order,2025/09/29,2025/10/05,VND,73800,123000,123000,150000,-27000,0,0,0,-49200,-6150,-12915,0,-40000,40000,0,0,0,0,0,0,-24600,-24600,0,0,0,0,0,0,0,0,0,0,0,-3690,0,0,0,-1230,-615,0,0,0,0,580576539539834185,123000,0,0,0,0,0,0,0,0,210,210
580576382339549053,Order,2025/09/29,2025/10/05,VND,50985,85000,85000,110000,-25000,0,0,0,-34015,-4265,-8925,0,-30300,30000,300,0,0,0,0,0,-17000,-17000,0,0,0,0,0,0,0,0,0,0,0,-2550,0,0,0,-850,-425,0,0,0,0,580576382339549053,85300,0,0,0,0,0,0,0,0,110,110
580576025800181575,Order,2025/09/29,2025/10/05,VND,85840,123000,123000,150000,-27000,0,0,0,-37160,-6410,-12915,0,-35200,30000,5200,0,0,0,0,0,0,0,0,-12300,0,0,0,0,0,0,0,0,0,-3690,0,0,0,-1230,-615,0,0,0,0,580576025800181575,128200,0,0,0,0,0,0,0,0,210,210
580575938148206339,Order,2025/09/29,2025/10/05,VND,173200,290000,290000,360000,-70000,0,0,0,-116800,-15300,-30450,0,-40000,24000,16000,0,0,0,0,0,-58000,-58000,0,0,0,0,0,0,0,0,0,0,0,-8700,0,0,0,-2900,-1450,0,0,0,0,580575938148206339,306000,0,0,0,0,0,0,0,0,500,500
580575857133389007,Order,2025/09/29,2025/10/05,VND,73540,123000,123000,150000,-27000,0,0,0,-49460,-6410,-12915,0,-35200,30000,5200,0,0,0,0,0,-24600,-24600,0,0,0,0,0,0,0,0,0,0,0,-3690,0,0,0,-1230,-615,0,0,0,0,580575857133389007,128200,0,0,0,0,0,0,0,0,210,210
"5,80575E+17",Order,2025/09/29,2025/10/05,VND,50500,85000,85000,110000,-25000,0,0,0,-34500,-4750,-8925,0,-40000,30000,10000,0,0,0,0,0,-17000,-17000,0,0,0,0,0,0,0,0,0,0,0,-2550,0,0,0,-850,-425,0,0,0,0,"5,80575E+17",95000,0,0,0,0,0,0,0,0,110,110
580574599411632024,Order,2025/09/29,2025/10/05,VND,356000,580000,580000,720000,-140000,0,0,0,-224000,-27400,-60900,0,-55400,55400,0,0,0,0,0,0,-109600,-109600,0,0,0,0,0,0,0,0,0,0,0,-17400,0,0,0,-5800,-2900,0,0,0,0,580574599411632024,548000,0,0,0,32000,0,0,0,0,1030,1030
580574594228716705,Order,2025/09/29,2025/10/05,VND,80800,123000,123000,150000,-27000,0,0,0,-42200,-5150,-12915,0,-40000,30000,10000,0,0,0,0,0,-18600,-18600,0,0,0,0,0,0,0,0,0,0,0,-3690,0,0,0,-1230,-615,0,0,0,0,580574594228716705,103000,0,0,0,30000,0,0,0,0,210,210
580574557595600515,Order,2025/09/29,2025/10/05,VND,76285,123000,123000,150000,-27000,0,0,0,-46715,-5665,-12915,0,-30300,30000,300,0,0,0,0,0,-22600,-22600,0,0,0,0,0,0,0,0,0,0,0,-3690,0,0,0,-1230,-615,0,0,0,0,580574557595600515,113300,0,0,0,10000,0,0,0,0,210,210
580574521647990196,Order,2025/09/29,2025/10/05,VND,73800,123000,123000,150000,-27000,0,0,0,-49200,-6150,-12915,0,-30300,30300,0,0,0,0,0,0,-24600,-24600,0,0,0,0,0,0,0,0,0,0,0,-3690,0,0,0,-1230,-615,0,0,0,0,580574521647990196,123000,0,0,0,0,0,0,0,0,210,210
580574438733088321,Order,2025/09/29,2025/10/05,VND,50500,85000,85000,110000,-25000,0,0,0,-34500,-4750,-8925,0,-40000,30000,10000,0,0,0,0,0,-17000,-17000,0,0,0,0,0,0,0,0,0,0,0,-2550,0,0,0,-850,-425,0,0,0,0,580574438733088321,95000,0,0,0,0,0,0,0,0,110,110
580574400548145018,Order,2025/09/29,2025/10/05,VND,73300,123000,123000,150000,-27000,0,0,0,-49700,-6650,-12915,0,-40000,30000,10000,0,0,0,0,0,-24600,-24600,0,0,0,0,0,0,0,0,0,0,0,-3690,0,0,0,-1230,-615,0,0,0,0,580574400548145018,133000,0,0,0,0,0,0,0,0,210,210
580574198594766218,Order,2025/09/29,2025/10/05,VND,375000,600000,600000,720000,-120000,0,0,0,-225000,-27000,-63000,0,-55400,55400,0,0,0,0,0,0,-108000,-108000,0,0,0,0,0,0,0,0,0,0,0,-18000,0,0,0,-6000,-3000,0,0,0,0,580574198594766218,540000,0,0,0,60000,0,0,0,0,1030,1030
580574115882042431,Order,2025/09/29,2025/10/05,VND,180000,300000,300000,360000,-60000,0,0,0,-120000,-15000,-31500,0,-47600,47600,0,0,0,0,0,0,-60000,-60000,0,0,0,0,0,0,0,0,0,0,0,-9000,0,0,0,-3000,-1500,0,0,0,0,580574115882042431,300000,0,0,0,0,0,0,0,0,510,510
580574034956092527,Order,2025/09/29,2025/10/05,VND,75000,125000,125000,150000,-25000,0,0,0,-50000,-6250,-13125,0,-40000,40000,0,0,0,0,0,0,-25000,-25000,0,0,0,0,0,0,0,0,0,0,0,-3750,0,0,0,-1250,-625,0,0,0,0,580574034956092527,125000,0,0,0,0,0,0,0,0,210,210
580572157852878580,Order,2025/09/29,2025/10/05,VND,300000,500000,500000,600000,-100000,0,0,0,-200000,-25000,-52500,0,-47600,47600,0,0,0,0,0,0,-100000,-100000,0,0,0,0,0,0,0,0,0,0,0,-15000,0,0,0,-5000,-2500,0,0,0,0,580572157852878580,500000,0,0,0,0,0,0,0,0,830,830
580570283990484817,Order,2025/09/29,2025/10/05,VND,214950,300000,300000,360000,-60000,0,0,0,-85050,-13350,-31500,0,-35100,35100,0,0,0,0,0,0,0,0,0,-26700,0,0,0,0,0,0,0,0,0,-9000,0,0,0,-3000,-1500,0,0,0,0,580570283990484817,267000,0,0,0,33000,0,0,0,0,510,510
580569628756903876,Order,2025/09/29,2025/10/05,VND,50500,85000,85000,110000,-25000,0,0,0,-34500,-4750,-8925,0,-40000,30000,10000,0,0,0,0,0,-17000,-17000,0,0,0,0,0,0,0,0,0,0,0,-2550,0,0,0,-850,-425,0,0,0,0,580569628756903876,95000,0,0,0,0,0,0,0,0,110,110
580569612397938552,Order,2025/09/29,2025/10/05,VND,187500,300000,300000,360000,-60000,0,0,0,-112500,-13500,-31500,0,-35100,35100,0,0,0,0,0,0,-54000,-54000,0,0,0,0,0,0,0,0,0,0,0,-9000,0,0,0,-3000,-1500,0,0,0,0,580569612397938552,270000,0,0,0,30000,0,0,0,0,510,510
580569224191378585,Order,2025/09/29,2025/10/05,VND,214500,300000,300000,360000,-60000,0,0,0,-85500,-13500,-31500,0,-36400,36400,0,0,0,0,0,0,0,0,0,-27000,0,0,0,0,0,0,0,0,0,-9000,0,0,0,-3000,-1500,0,0,0,0,580569224191378585,270000,0,0,0,30000,0,0,0,0,510,510
580568589140526593,Order,2025/09/29,2025/10/05,VND,59500,85000,85000,110000,-25000,0,0,0,-25500,-4250,-8925,0,-40000,40000,0,0,0,0,0,0,0,0,0,-8500,0,0,0,0,0,0,0,0,0,-2550,0,0,0,-850,-425,0,0,0,0,580568589140526593,85000,0,0,0,0,0,0,0,0,110,110
580567942128240036,Order,2025/09/29,2025/10/05,VND,87500,125000,125000,150000,-25000,0,0,0,-37500,-6250,-13125,0,-40000,40000,0,0,0,0,0,0,0,0,0,-12500,0,0,0,0,0,0,0,0,0,-3750,0,0,0,-1250,-625,0,0,0,0,580567942128240036,125000,0,0,0,0,0,0,0,0,210,210
580567279492171663,Order,2025/09/29,2025/10/05,VND,-40000,0,0,0,0,0,0,0,-40000,0,0,-40000,-40000,0,0,0,0,0,0,0,0,0,0,0,0,0,0,0,0,0,0,0,0,0,0,0,0,0,0,0,0,0,0,580567279492171663,0,0,0,0,0,0,0,0,0,500,500
580566039320888619,Order,2025/09/29,2025/10/05,VND,59240,85000,85000,110000,-25000,0,0,0,-25760,-4510,-8925,0,-35200,30000,5200,0,0,0,0,0,0,0,0,-8500,0,0,0,0,0,0,0,0,0,-2550,0,0,0,-850,-425,0,0,0,0,580566039320888619,90200,0,0,0,0,0,0,0,0,110,110
580565083802470156,Order,2025/09/29,2025/10/05,VND,59485,85000,85000,110000,-25000,0,0,0,-25515,-4265,-8925,0,-30300,30000,300,0,0,0,0,0,0,0,0,-8500,0,0,0,0,0,0,0,0,0,-2550,0,0,0,-850,-425,0,0,0,0,580565083802470156,85300,0,0,0,0,0,0,0,0,110,110
580563900493366567,Order,2025/09/28,2025/10/05,VND,77240,125000,125000,150000,-25000,0,0,0,-47760,-6010,-13125,0,-35200,30000,5200,0,0,0,0,0,-23000,-23000,0,0,0,0,0,0,0,0,0,0,0,-3750,0,0,0,-1250,-625,0,0,0,0,580563900493366567,120200,0,0,0,10000,0,0,0,0,200,200
580562676151715160,Order,2025/09/28,2025/10/05,VND,51000,85000,85000,110000,-25000,0,0,0,-34000,-4250,-8925,0,-40000,40000,0,0,0,0,0,0,-17000,-17000,0,0,0,0,0,0,0,0,0,0,0,-2550,0,0,0,-850,-425,0,0,0,0,580562676151715160,85000,0,0,0,0,0,0,0,0,110,110
580562164513474492,Order,2025/09/28,2025/10/05,VND,936000,1500000,1500000,1800000,-300000,0,0,0,-564000,-67800,-157500,0,-68500,68500,0,0,0,0,0,0,-271200,-271200,0,0,0,0,0,0,0,0,0,0,0,-45000,0,0,0,-15000,-7500,0,0,0,0,580562164513474492,1356000,0,0,0,144000,0,0,0,0,2530,2530
580562125236832073,Order,2025/09/28,2025/10/05,VND,370500,600000,600000,720000,-120000,0,0,0,-229500,-27900,-63000,0,-49900,49900,0,0,0,0,0,0,-111600,-111600,0,0,0,0,0,0,0,0,0,0,0,-18000,0,0,0,-6000,-3000,0,0,0,0,580562125236832073,558000,0,0,0,42000,0,0,0,0,1030,1030
580561803177592437,Order,2025/09/28,2025/10/05,VND,82500,125000,125000,150000,-25000,0,0,0,-42500,-4750,-13125,0,-40000,40000,0,0,0,0,0,0,-19000,-19000,0,0,0,0,0,0,0,0,0,0,0,-3750,0,0,0,-1250,-625,0,0,0,0,580561803177592437,95000,0,0,0,30000,0,0,0,0,210,210
580561533793305926,Order,2025/09/28,2025/10/05,VND,47500,80000,80000,127000,-47000,0,0,0,-32500,-4500,-8400,0,-40000,30000,10000,0,0,0,0,0,-16000,-16000,0,0,0,0,0,0,0,0,0,0,0,-2400,0,0,0,-800,-400,0,0,0,0,580561533793305926,90000,0,0,0,0,0,0,0,0,300,300
580561401785779526,Order,2025/09/28,2025/10/05,VND,75000,125000,125000,150000,-25000,0,0,0,-50000,-6250,-13125,0,-40000,40000,0,0,0,0,0,0,-25000,-25000,0,0,0,0,0,0,0,0,0,0,0,-3750,0,0,0,-1250,-625,0,0,0,0,580561401785779526,125000,0,0,0,0,0,0,0,0,210,210
580561052965570126,Order,2025/09/28,2025/10/05,VND,377230,600000,600000,720000,-120000,0,0,0,-222770,-27170,-63000,0,-55400,40000,15400,0,0,0,0,0,-105600,-105600,0,0,0,0,0,0,0,0,0,0,0,-18000,0,0,0,-6000,-3000,0,0,0,0,580561052965570126,543400,0,0,0,72000,0,0,0,0,1030,1030
580560993453507770,Order,2025/09/28,2025/10/05,VND,75000,125000,125000,150000,-25000,0,0,0,-50000,-6250,-13125,0,-40000,40000,0,0,0,0,0,0,-25000,-25000,0,0,0,0,0,0,0,0,0,0,0,-3750,0,0,0,-1250,-625,0,0,0,0,580560993453507770,125000,0,0,0,0,0,0,0,0,210,210
580560920095458971,Order,2025/09/28,2025/10/05,VND,51000,85000,85000,110000,-25000,0,0,0,-34000,-4250,-8925,0,-27300,27300,0,0,0,0,0,0,-17000,-17000,0,0,0,0,0,0,0,0,0,0,0,-2550,0,0,0,-850,-425,0,0,0,0,580560920095458971,85000,0,0,0,0,0,0,0,0,110,110
580560972202870563,Order,2025/09/28,2025/10/05,VND,74990,125000,125000,150000,-25000,0,0,0,-50010,-6260,-13125,0,-30200,30000,200,0,0,0,0,0,-25000,-25000,0,0,0,0,0,0,0,0,0,0,0,-3750,0,0,0,-1250,-625,0,0,0,0,580560972202870563,125200,0,0,0,0,0,0,0,0,210,210
580560784756344559,Order,2025/09/28,2025/10/05,VND,189000,300000,300000,360000,-60000,0,0,0,-111000,-13200,-31500,0,-40500,40500,0,0,0,0,0,0,-52800,-52800,0,0,0,0,0,0,0,0,0,0,0,-9000,0,0,0,-3000,-1500,0,0,0,0,580560784756344559,264000,0,0,0,36000,0,0,0,0,510,510
580560759335060571,Order,2025/09/28,2025/10/05,VND,75000,125000,125000,150000,-25000,0,0,0,-50000,-6250,-13125,0,-40000,40000,0,0,0,0,0,0,-25000,-25000,0,0,0,0,0,0,0,0,0,0,0,-3750,0,0,0,-1250,-625,0,0,0,0,580560759335060571,125000,0,0,0,0,0,0,0,0,210,210
580560703541577258,Order,2025/09/28,2025/10/05,VND,75000,125000,125000,150000,-25000,0,0,0,-50000,-6250,-13125,0,-30300,30300,0,0,0,0,0,0,-25000,-25000,0,0,0,0,0,0,0,0,0,0,0,-3750,0,0,0,-1250,-625,0,0,0,0,580560703541577258,125000,0,0,0,0,0,0,0,0,210,210
580560628512752946,Order,2025/09/28,2025/10/05,VND,73350,125000,125000,150000,-25000,0,0,0,-51650,-7900,-13125,0,-40000,7000,33000,0,0,0,0,0,-25000,-25000,0,0,0,0,0,0,0,0,0,0,0,-3750,0,0,0,-1250,-625,0,0,0,0,580560628512752946,158000,0,0,0,0,0,0,0,0,210,210
580560606548296920,Order,2025/09/28,2025/10/05,VND,74500,125000,125000,150000,-25000,0,0,0,-50500,-6750,-13125,0,-40000,30000,10000,0,0,0,0,0,-25000,-25000,0,0,0,0,0,0,0,0,0,0,0,-3750,0,0,0,-1250,-625,0,0,0,0,580560606548296920,135000,0,0,0,0,0,0,0,0,210,210
580555312019834650,Order,2025/09/28,2025/10/05,VND,89500,150000,150000,150000,0,0,0,0,-60500,-8000,-15750,0,-40000,30000,10000,0,0,0,0,0,-30000,-30000,0,0,0,0,0,0,0,0,0,0,0,-4500,0,0,0,-1500,-750,0,0,0,0,580555312019834650,160000,0,0,0,0,0,0,0,0,210,210
580554494515971954,Order,2025/09/28,2025/10/05,VND,90000,150000,150000,150000,0,0,0,0,-60000,-7500,-15750,0,-40000,40000,0,0,0,0,0,0,-30000,-30000,0,0,0,0,0,0,0,0,0,0,0,-4500,0,0,0,-1500,-750,0,0,0,0,580554494515971954,150000,0,0,0,0,0,0,0,0,210,210
580554096600450076,Order,2025/09/28,2025/10/05,VND,253500,360000,360000,360000,0,0,0,0,-106500,-17500,-37800,0,-47600,47600,0,0,0,0,0,0,0,0,0,-35000,0,0,0,0,0,0,0,0,0,-10800,0,0,0,-3600,-1800,0,0,0,0,580554096600450076,350000,0,0,0,10000,0,0,0,0,510,510
580553864088225310,Order,2025/09/28,2025/10/05,VND,104500,150000,150000,150000,0,0,0,0,-45500,-8000,-15750,0,-40000,30000,10000,0,0,0,0,0,0,0,0,-15000,0,0,0,0,0,0,0,0,0,-4500,0,0,0,-1500,-750,0,0,0,0,580553864088225310,160000,0,0,0,0,0,0,0,0,210,210
580552913432118787,Order,2025/09/28,2025/10/05,VND,224100,360000,360000,360000,0,0,0,0,-135900,-16380,-37800,0,-45200,45200,0,0,0,0,0,0,-65520,-65520,0,0,0,0,0,0,0,0,0,0,0,-10800,0,0,0,-3600,-1800,0,0,0,0,580552913432118787,327600,0,0,0,32400,0,0,0,0,510,510
580552177588799437,Order,2025/09/28,2025/10/05,VND,105000,150000,150000,150000,0,0,0,0,-45000,-7500,-15750,0,-40000,40000,0,0,0,0,0,0,0,0,0,-15000,0,0,0,0,0,0,0,0,0,-4500,0,0,0,-1500,-750,0,0,0,0,580552177588799437,150000,0,0,0,0,0,0,0,0,210,210
580548862045685349,Order,2025/09/27,2025/10/05,VND,75000,125000,125000,150000,-25000,0,0,0,-50000,-6250,-13125,0,-34000,34000,0,0,0,0,0,0,-25000,-25000,0,0,0,0,0,0,0,0,0,0,0,-3750,0,0,0,-1250,-625,0,0,0,0,580548862045685349,125000,0,0,0,0,0,0,0,0,210,210
580548836364355177,Order,2025/09/27,2025/10/05,VND,59000,85000,85000,110000,-25000,0,0,0,-26000,-4750,-8925,0,-40000,30000,10000,0,0,0,0,0,0,0,0,-8500,0,0,0,0,0,0,0,0,0,-2550,0,0,0,-850,-425,0,0,0,0,580548836364355177,95000,0,0,0,0,0,0,0,0,100,100
580548831492933280,Order,2025/09/27,2025/10/05,VND,214050,300000,300000,360000,-60000,0,0,0,-85950,-13650,-31500,0,-29700,29700,0,0,0,0,0,0,0,0,0,-27300,0,0,0,0,0,0,0,0,0,-9000,0,0,0,-3000,-1500,0,0,0,0,580548831492933280,273000,0,0,0,27000,0,0,0,0,510,510
580548704433702408,Order,2025/09/27,2025/10/05,VND,50500,85000,85000,110000,-25000,0,0,0,-34500,-4750,-8925,0,-40000,30000,10000,0,0,0,0,0,-17000,-17000,0,0,0,0,0,0,0,0,0,0,0,-2550,0,0,0,-850,-425,0,0,0,0,580548704433702408,95000,0,0,0,0,0,0,0,0,110,110
580548654247020255,Order,2025/09/27,2025/10/05,VND,87000,125000,125000,150000,-25000,0,0,0,-38000,-6750,-13125,0,-40000,30000,10000,0,0,0,0,0,0,0,0,-12500,0,0,0,0,0,0,0,0,0,-3750,0,0,0,-1250,-625,0,0,0,0,580548654247020255,135000,0,0,0,0,0,0,0,0,210,210
580548369413539754,Order,2025/09/27,2025/10/05,VND,85800,125000,125000,150000,-25000,0,0,0,-39200,-7950,-13125,0,-40000,6000,34000,0,0,0,0,0,0,0,0,-12500,0,0,0,0,0,0,0,0,0,-3750,0,0,0,-1250,-625,0,0,0,0,580548369413539754,159000,0,0,0,0,0,0,0,0,210,210
580548340991362885,Order,2025/09/27,2025/10/05,VND,428100,600000,600000,720000,-120000,0,0,0,-171900,-27300,-63000,0,-55400,55400,0,0,0,0,0,0,0,0,0,-54600,0,0,0,0,0,0,0,0,0,-18000,0,0,0,-6000,-3000,0,0,0,0,580548340991362885,546000,0,0,0,54000,0,0,0,0,1030,1030
580548238750287756,Order,2025/09/27,2025/10/05,VND,50985,85000,85000,110000,-25000,0,0,0,-34015,-4265,-8925,0,-30300,30000,300,0,0,0,0,0,-17000,-17000,0,0,0,0,0,0,0,0,0,0,0,-2550,0,0,0,-850,-425,0,0,0,0,580548238750287756,85300,0,0,0,0,0,0,0,0,110,110
580548269671155596,Order,2025/09/27,2025/10/05,VND,189000,300000,300000,360000,-60000,0,0,0,-111000,-13200,-31500,0,-35100,35100,0,0,0,0,0,0,-52800,-52800,0,0,0,0,0,0,0,0,0,0,0,-9000,0,0,0,-3000,-1500,0,0,0,0,580548269671155596,264000,0,0,0,36000,0,0,0,0,510,510
580548020869760106,Order,2025/09/27,2025/10/05,VND,49785,85000,85000,110000,-25000,0,0,0,-35215,-5465,-8925,0,-30300,6000,24300,0,0,0,0,0,-17000,-17000,0,0,0,0,0,0,0,0,0,0,0,-2550,0,0,0,-850,-425,0,0,0,0,580548020869760106,109300,0,0,0,0,0,0,0,0,110,110
580547882615342198,Order,2025/09/27,2025/10/05,VND,188620,300000,300000,360000,-60000,0,0,0,-111380,-13580,-31500,0,-47600,40000,7600,0,0,0,0,0,-52800,-52800,0,0,0,0,0,0,0,0,0,0,0,-9000,0,0,0,-3000,-1500,0,0,0,0,580547882615342198,271600,0,0,0,36000,0,0,0,0,510,510
580547807342266208,Order,2025/09/27,2025/10/05,VND,74500,125000,125000,150000,-25000,0,0,0,-50500,-6750,-13125,0,-40000,30000,10000,0,0,0,0,0,-25000,-25000,0,0,0,0,0,0,0,0,0,0,0,-3750,0,0,0,-1250,-625,0,0,0,0,580547807342266208,135000,0,0,0,0,0,0,0,0,210,210
580547724719851472,Order,2025/09/27,2025/10/05,VND,59500,85000,85000,110000,-25000,0,0,0,-25500,-4250,-8925,0,-40000,40000,0,0,0,0,0,0,0,0,0,-8500,0,0,0,0,0,0,0,0,0,-2550,0,0,0,-850,-425,0,0,0,0,580547724719851472,85000,0,0,0,0,0,0,0,0,110,110
580547505984669573,Order,2025/09/27,2025/10/05,VND,59500,85000,85000,110000,-25000,0,0,0,-25500,-4250,-8925,0,-26200,26200,0,0,0,0,0,0,0,0,0,-8500,0,0,0,0,0,0,0,0,0,-2550,0,0,0,-850,-425,0,0,0,0,580547505984669573,85000,0,0,0,0,0,0,0,0,110,110
580547466775791110,Order,2025/09/27,2025/10/05,VND,189000,300000,300000,360000,-60000,0,0,0,-111000,-13200,-31500,0,-41400,41400,0,0,0,0,0,0,-52800,-52800,0,0,0,0,0,0,0,0,0,0,0,-9000,0,0,0,-3000,-1500,0,0,0,0,580547466775791110,264000,0,0,0,36000,0,0,0,0,510,510
580547401471657652,Order,2025/09/27,2025/10/05,VND,213170,300000,300000,360000,-60000,0,0,0,-86830,-14530,-31500,0,-47600,30000,17600,0,0,0,0,0,0,0,0,-27300,0,0,0,0,0,0,0,0,0,-9000,0,0,0,-3000,-1500,0,0,0,0,580547401471657652,290600,0,0,0,27000,0,0,0,0,510,510
580547394191263276,Order,2025/09/27,2025/10/05,VND,75000,125000,125000,150000,-25000,0,0,0,-50000,-6250,-13125,0,-40000,40000,0,0,0,0,0,0,-25000,-25000,0,0,0,0,0,0,0,0,0,0,0,-3750,0,0,0,-1250,-625,0,0,0,0,580547394191263276,125000,0,0,0,0,0,0,0,0,210,210
580547212139726285,Order,2025/09/27,2025/10/05,VND,189000,300000,300000,360000,-60000,0,0,0,-111000,-13200,-31500,0,-47600,47600,0,0,0,0,0,0,-52800,-52800,0,0,0,0,0,0,0,0,0,0,0,-9000,0,0,0,-3000,-1500,0,0,0,0,580547212139726285,264000,0,0,0,36000,0,0,0,0,510,510
580547160844305922,Order,2025/09/27,2025/10/05,VND,75000,125000,125000,150000,-25000,0,0,0,-50000,-6250,-13125,0,-40000,40000,0,0,0,0,0,0,-25000,-25000,0,0,0,0,0,0,0,0,0,0,0,-3750,0,0,0,-1250,-625,0,0,0,0,580547160844305922,125000,0,0,0,0,0,0,0,0,210,210
580547191205496563,Order,2025/09/27,2025/10/05,VND,73600,125000,125000,150000,-25000,0,0,0,-51400,-7650,-13125,0,-40000,12000,28000,0,0,0,0,0,-25000,-25000,0,0,0,0,0,0,0,0,0,0,0,-3750,0,0,0,-1250,-625,0,0,0,0,580547191205496563,153000,0,0,0,0,0,0,0,0,210,210
580547151947204347,Order,2025/09/27,2025/10/05,VND,188870,300000,300000,360000,-60000,0,0,0,-111130,-13330,-31500,0,-47600,45000,2600,0,0,0,0,0,-52800,-52800,0,0,0,0,0,0,0,0,0,0,0,-9000,0,0,0,-3000,-1500,0,0,0,0,580547151947204347,266600,0,0,0,36000,0,0,0,0,510,510
580547141355275801,Order,2025/09/27,2025/10/05,VND,50500,85000,85000,110000,-25000,0,0,0,-34500,-4750,-8925,0,-40000,30000,10000,0,0,0,0,0,-17000,-17000,0,0,0,0,0,0,0,0,0,0,0,-2550,0,0,0,-850,-425,0,0,0,0,580547141355275801,95000,0,0,0,0,0,0,0,0,110,110
580547088954066942,Order,2025/09/27,2025/10/05,VND,188745,300000,300000,360000,-60000,0,0,0,-111255,-13455,-31500,0,-35100,30000,5100,0,0,0,0,0,-52800,-52800,0,0,0,0,0,0,0,0,0,0,0,-9000,0,0,0,-3000,-1500,0,0,0,0,580547088954066942,269100,0,0,0,36000,0,0,0,0,510,510
580547096623023312,Order,2025/09/27,2025/10/05,VND,74400,125000,125000,150000,-25000,0,0,0,-50600,-6850,-13125,0,-40000,28000,12000,0,0,0,0,0,-25000,-25000,0,0,0,0,0,0,0,0,0,0,0,-3750,0,0,0,-1250,-625,0,0,0,0,580547096623023312,137000,0,0,0,0,0,0,0,0,210,210
580547005117662556,Order,2025/09/27,2025/10/05,VND,189000,300000,300000,360000,-60000,0,0,0,-111000,-13200,-31500,0,-47600,47600,0,0,0,0,0,0,-52800,-52800,0,0,0,0,0,0,0,0,0,0,0,-9000,0,0,0,-3000,-1500,0,0,0,0,580547005117662556,264000,0,0,0,36000,0,0,0,0,510,510
580547010721121884,Order,2025/09/27,2025/10/05,VND,189000,300000,300000,360000,-60000,0,0,0,-111000,-13200,-31500,0,-44600,44600,0,0,0,0,0,0,-52800,-52800,0,0,0,0,0,0,0,0,0,0,0,-9000,0,0,0,-3000,-1500,0,0,0,0,580547010721121884,264000,0,0,0,36000,0,0,0,0,510,510
580546989837944365,Order,2025/09/27,2025/10/05,VND,189000,300000,300000,360000,-60000,0,0,0,-111000,-13200,-31500,0,-47600,47600,0,0,0,0,0,0,-52800,-52800,0,0,0,0,0,0,0,0,0,0,0,-9000,0,0,0,-3000,-1500,0,0,0,0,580546989837944365,264000,0,0,0,36000,0,0,0,0,510,510
580546957732055003,Order,2025/09/27,2025/10/05,VND,756000,1200000,1200000,1440000,-240000,0,0,0,-444000,-52800,-126000,0,-68500,68500,0,0,0,0,0,0,-211200,-211200,0,0,0,0,0,0,0,0,0,0,0,-36000,0,0,0,-12000,-6000,0,0,0,0,580546957732055003,1056000,0,0,0,144000,0,0,0,0,2030,2030
580546902393259373,Order,2025/09/27,2025/10/05,VND,82000,125000,125000,150000,-25000,0,0,0,-43000,-5250,-13125,0,-40000,30000,10000,0,0,0,0,0,-19000,-19000,0,0,0,0,0,0,0,0,0,0,0,-3750,0,0,0,-1250,-625,0,0,0,0,580546902393259373,105000,0,0,0,30000,0,0,0,0,210,210
580546865874044573,Order,2025/09/27,2025/10/05,VND,148000,250000,250000,300000,-50000,0,0,0,-102000,-14500,-26250,0,-40000,0,40000,0,0,0,0,0,-50000,-50000,0,0,0,0,0,0,0,0,0,0,0,-7500,0,0,0,-2500,-1250,0,0,0,0,580546865874044573,290000,0,0,0,0,0,0,0,0,410,410
580546854529369410,Order,2025/09/27,2025/10/05,VND,189000,300000,300000,360000,-60000,0,0,0,-111000,-13200,-31500,0,-38100,38100,0,0,0,0,0,0,-52800,-52800,0,0,0,0,0,0,0,0,0,0,0,-9000,0,0,0,-3000,-1500,0,0,0,0,580546854529369410,264000,0,0,0,36000,0,0,0,0,510,510
580546843094975856,Order,2025/09/27,2025/10/05,VND,74500,125000,125000,150000,-25000,0,0,0,-50500,-6750,-13125,0,-40000,30000,10000,0,0,0,0,0,-25000,-25000,0,0,0,0,0,0,0,0,0,0,0,-3750,0,0,0,-1250,-625,0,0,0,0,580546843094975856,135000,0,0,0,0,0,0,0,0,210,210
580546817502708912,Order,2025/09/27,2025/10/05,VND,75000,125000,125000,150000,-25000,0,0,0,-50000,-6250,-13125,0,-35200,35200,0,0,0,0,0,0,-25000,-25000,0,0,0,0,0,0,0,0,0,0,0,-3750,0,0,0,-1250,-625,0,0,0,0,580546817502708912,125000,0,0,0,0,0,0,0,0,210,210
580546753440613618,Order,2025/09/27,2025/10/05,VND,74190,125000,125000,150000,-25000,0,0,0,-50810,-7060,-13125,0,-28200,12000,16200,0,0,0,0,0,-25000,-25000,0,0,0,0,0,0,0,0,0,0,0,-3750,0,0,0,-1250,-625,0,0,0,0,580546753440613618,141200,0,0,0,0,0,0,0,0,210,210
580546734846150333,Order,2025/09/27,2025/10/05,VND,74500,125000,125000,150000,-25000,0,0,0,-50500,-6750,-13125,0,-40000,30000,10000,0,0,0,0,0,-25000,-25000,0,0,0,0,0,0,0,0,0,0,0,-3750,0,0,0,-1250,-625,0,0,0,0,580546734846150333,135000,0,0,0,0,0,0,0,0,210,210
580546663695812117,Order,2025/09/27,2025/10/05,VND,378000,600000,600000,720000,-120000,0,0,0,-222000,-26400,-63000,0,-55400,55400,0,0,0,0,0,0,-105600,-105600,0,0,0,0,0,0,0,0,0,0,0,-18000,0,0,0,-6000,-3000,0,0,0,0,580546663695812117,528000,0,0,0,72000,0,0,0,0,1030,1030
580546574887585521,Order,2025/09/27,2025/10/05,VND,75000,125000,125000,150000,-25000,0,0,0,-50000,-6250,-13125,0,-40000,40000,0,0,0,0,0,0,-25000,-25000,0,0,0,0,0,0,0,0,0,0,0,-3750,0,0,0,-1250,-625,0,0,0,0,580546574887585521,125000,0,0,0,0,0,0,0,0,210,210
580535855349073292,Order,2025/09/26,2025/10/05,VND,189000,300000,300000,360000,-60000,0,0,0,-111000,-13200,-31500,0,-47600,47600,0,0,0,0,0,0,-52800,-52800,0,0,0,0,0,0,0,0,0,0,0,-9000,0,0,0,-3000,-1500,0,0,0,0,580535855349073292,264000,0,0,0,36000,0,0,0,0,510,510
580526023534085178,Order,2025/09/26,2025/10/05,VND,59000,85000,85000,110000,-25000,0,0,0,-26000,-4750,-8925,0,-40000,30000,10000,0,0,0,0,0,0,0,0,-8500,0,0,0,0,0,0,0,0,0,-2550,0,0,0,-850,-425,0,0,0,0,580526023534085178,95000,0,0,0,0,0,0,0,0,110,110
580503512226498369,Order,2025/09/24,2025/10/05,VND,87000,125000,125000,150000,-25000,0,0,0,-38000,-6750,-13125,0,-40000,30000,10000,0,0,0,0,0,0,0,0,-12500,0,0,0,0,0,0,0,0,0,-3750,0,0,0,-1250,-625,0,0,0,0,580503512226498369,135000,0,0,0,0,0,0,0,0,210,210
580582532819420295,Order,2025/09/30,2025/10/04,VND,73785,123000,123000,150000,-27000,0,0,0,-49215,-6165,-12915,0,-30300,30000,300,0,0,0,0,0,-24600,-24600,0,0,0,0,0,0,0,0,0,0,0,-3690,0,0,0,-1230,-615,0,0,0,0,580582532819420295,123300,0,0,0,0,0,0,0,0,210,210
580580729070716075,Order,2025/09/30,2025/10/04,VND,59500,85000,85000,110000,-25000,0,0,0,-25500,-4250,-8925,0,-27300,27300,0,0,0,0,0,0,0,0,0,-8500,0,0,0,0,0,0,0,0,0,-2550,0,0,0,-850,-425,0,0,0,0,580580729070716075,85000,0,0,0,0,0,0,0,0,110,110
580574013248669263,Order,2025/09/29,2025/10/04,VND,180000,300000,300000,360000,-60000,0,0,0,-120000,-15000,-31500,0,-35100,35100,0,0,0,0,0,0,-60000,-60000,0,0,0,0,0,0,0,0,0,0,0,-9000,0,0,0,-3000,-1500,0,0,0,0,580574013248669263,300000,0,0,0,0,0,0,0,0,510,510
580568799545885933,Order,2025/09/29,2025/10/04,VND,59500,85000,85000,110000,-25000,0,0,0,-25500,-4250,-8925,0,-40000,40000,0,0,0,0,0,0,0,0,0,-8500,0,0,0,0,0,0,0,0,0,-2550,0,0,0,-850,-425,0,0,0,0,580568799545885933,85000,0,0,0,0,0,0,0,0,110,110
580566470366758386,Order,2025/09/29,2025/10/04,VND,189750,300000,300000,360000,-60000,0,0,0,-110250,-13050,-31500,0,-47600,47600,0,0,0,0,0,0,-52200,-52200,0,0,0,0,0,0,0,0,0,0,0,-9000,0,0,0,-3000,-1500,0,0,0,0,580566470366758386,261000,0,0,0,39000,0,0,0,0,510,510
580565763559491312,Order,2025/09/29,2025/10/04,VND,50740,85000,85000,110000,-25000,0,0,0,-34260,-4510,-8925,0,-35200,30000,5200,0,0,0,0,0,-17000,-17000,0,0,0,0,0,0,0,0,0,0,0,-2550,0,0,0,-850,-425,0,0,0,0,580565763559491312,90200,0,0,0,0,0,0,0,0,110,110
580562899973212149,Order,2025/09/28,2025/10/04,VND,49840,85000,85000,110000,-25000,0,0,0,-35160,-5410,-8925,0,-35200,12000,23200,0,0,0,0,0,-17000,-17000,0,0,0,0,0,0,0,0,0,0,0,-2550,0,0,0,-850,-425,0,0,0,0,580562899973212149,108200,0,0,0,0,0,0,0,0,110,110
580561116050785545,Order,2025/09/28,2025/10/04,VND,77485,125000,125000,150000,-25000,0,0,0,-47515,-5765,-13125,0,-30300,30000,300,0,0,0,0,0,-23000,-23000,0,0,0,0,0,0,0,0,0,0,0,-3750,0,0,0,-1250,-625,0,0,0,0,580561116050785545,115300,0,0,0,10000,0,0,0,0,210,210
580560942690764595,Order,2025/09/28,2025/10/04,VND,150000,250000,250000,300000,-50000,0,0,0,-100000,-12500,-26250,0,-40000,40000,0,0,0,0,0,0,-50000,-50000,0,0,0,0,0,0,0,0,0,0,0,-7500,0,0,0,-2500,-1250,0,0,0,0,580560942690764595,250000,0,0,0,0,0,0,0,0,410,410
580560651442160811,Order,2025/09/28,2025/10/04,VND,75000,125000,125000,150000,-25000,0,0,0,-50000,-6250,-13125,0,-40000,40000,0,0,0,0,0,0,-25000,-25000,0,0,0,0,0,0,0,0,0,0,0,-3750,0,0,0,-1250,-625,0,0,0,0,580560651442160811,125000,0,0,0,0,0,0,0,0,210,210
580556404985267338,Order,2025/09/28,2025/10/04,VND,77000,110000,110000,110000,0,0,0,0,-33000,-5500,-11550,0,-30300,30300,0,0,0,0,0,0,0,0,0,-11000,0,0,0,0,0,0,0,0,0,-3300,0,0,0,-1100,-550,0,0,0,0,580556404985267338,110000,0,0,0,0,0,0,0,0,110,110
580554766653621473,Order,2025/09/28,2025/10/04,VND,76740,110000,110000,110000,0,0,0,0,-33260,-5760,-11550,0,-35200,30000,5200,0,0,0,0,0,0,0,0,-11000,0,0,0,0,0,0,0,0,0,-3300,0,0,0,-1100,-550,0,0,0,0,580554766653621473,115200,0,0,0,0,0,0,0,0,110,110
580549776627172400,Order,2025/09/27,2025/10/04,VND,50500,85000,85000,110000,-25000,0,0,0,-34500,-4750,-8925,0,-40000,30000,10000,0,0,0,0,0,-17000,-17000,0,0,0,0,0,0,0,0,0,0,0,-2550,0,0,0,-850,-425,0,0,0,0,580549776627172400,95000,0,0,0,0,0,0,0,0,110,110
580548728628020518,Order,2025/09/27,2025/10/04,VND,59485,85000,85000,110000,-25000,0,0,0,-25515,-4265,-8925,0,-30300,30000,300,0,0,0,0,0,0,0,0,-8500,0,0,0,0,0,0,0,0,0,-2550,0,0,0,-850,-425,0,0,0,0,580548728628020518,85300,0,0,0,0,0,0,0,0,110,110
580548651394696245,Order,2025/09/27,2025/10/04,VND,59500,85000,85000,110000,-25000,0,0,0,-25500,-4250,-8925,0,-40000,40000,0,0,0,0,0,0,0,0,0,-8500,0,0,0,0,0,0,0,0,0,-2550,0,0,0,-850,-425,0,0,0,0,580548651394696245,85000,0,0,0,0,0,0,0,0,110,110
580548580563650005,Order,2025/09/27,2025/10/04,VND,189000,300000,300000,360000,-60000,0,0,0,-111000,-13200,-31500,0,-35100,35100,0,0,0,0,0,0,-52800,-52800,0,0,0,0,0,0,0,0,0,0,0,-9000,0,0,0,-3000,-1500,0,0,0,0,580548580563650005,264000,0,0,0,36000,0,0,0,0,510,510
580547639243736968,Order,2025/09/27,2025/10/04,VND,189000,300000,300000,360000,-60000,0,0,0,-111000,-13200,-31500,0,-35100,35100,0,0,0,0,0,0,-52800,-52800,0,0,0,0,0,0,0,0,0,0,0,-9000,0,0,0,-3000,-1500,0,0,0,0,580547639243736968,264000,0,0,0,36000,0,0,0,0,510,510
580547335811008175,Order,2025/09/27,2025/10/04,VND,213600,300000,300000,360000,-60000,0,0,0,-86400,-13800,-31500,0,-35100,35100,0,0,0,0,0,0,0,0,0,-27600,0,0,0,0,0,0,0,0,0,-9000,0,0,0,-3000,-1500,0,0,0,0,580547335811008175,276000,0,0,0,24000,0,0,0,0,510,510
580547268913563105,Order,2025/09/27,2025/10/04,VND,378000,600000,600000,720000,-120000,0,0,0,-222000,-26400,-63000,0,-39400,39400,0,0,0,0,0,0,-105600,-105600,0,0,0,0,0,0,0,0,0,0,0,-18000,0,0,0,-6000,-3000,0,0,0,0,580547268913563105,528000,0,0,0,72000,0,0,0,0,1030,1030
580547226123797510,Order,2025/09/27,2025/10/04,VND,50985,85000,85000,110000,-25000,0,0,0,-34015,-4265,-8925,0,-30300,30000,300,0,0,0,0,0,-17000,-17000,0,0,0,0,0,0,0,0,0,0,0,-2550,0,0,0,-850,-425,0,0,0,0,580547226123797510,85300,0,0,0,0,0,0,0,0,110,110
580547128924407486,Order,2025/09/27,2025/10/04,VND,50985,85000,85000,110000,-25000,0,0,0,-34015,-4265,-8925,0,-30300,30000,300,0,0,0,0,0,-17000,-17000,0,0,0,0,0,0,0,0,0,0,0,-2550,0,0,0,-850,-425,0,0,0,0,580547128924407486,85300,0,0,0,0,0,0,0,0,110,110
580547082917611198,Order,2025/09/27,2025/10/04,VND,50985,85000,85000,110000,-25000,0,0,0,-34015,-4265,-8925,0,-30300,30000,300,0,0,0,0,0,-17000,-17000,0,0,0,0,0,0,0,0,0,0,0,-2550,0,0,0,-850,-425,0,0,0,0,580547082917611198,85300,0,0,0,0,0,0,0,0,110,110
580546728435091095,Order,2025/09/27,2025/10/04,VND,189000,300000,300000,360000,-60000,0,0,0,-111000,-13200,-31500,0,-47600,47600,0,0,0,0,0,0,-52800,-52800,0,0,0,0,0,0,0,0,0,0,0,-9000,0,0,0,-3000,-1500,0,0,0,0,580546728435091095,264000,0,0,0,36000,0,0,0,0,510,510
580545623963371055,Order,2025/09/27,2025/10/04,VND,75000,125000,125000,150000,-25000,0,0,0,-50000,-6250,-13125,0,-30300,30300,0,0,0,0,0,0,-25000,-25000,0,0,0,0,0,0,0,0,0,0,0,-3750,0,0,0,-1250,-625,0,0,0,0,580545623963371055,125000,0,0,0,0,0,0,0,0,210,210
580538412364630010,Order,2025/09/27,2025/10/04,VND,186750,300000,300000,360000,-60000,0,0,0,-113250,-13650,-31500,0,-47600,47600,0,0,0,0,0,0,-54600,-54600,0,0,0,0,0,0,0,0,0,0,0,-9000,0,0,0,-3000,-1500,0,0,0,0,580538412364630010,273000,0,0,0,27000,0,0,0,0,510,510
580535612217788033,Order,2025/09/26,2025/10/04,VND,49785,85000,85000,110000,-25000,0,0,0,-35215,-5465,-8925,0,-30300,6000,24300,0,0,0,0,0,-17000,-17000,0,0,0,0,0,0,0,0,0,0,0,-2550,0,0,0,-850,-425,0,0,0,0,580535612217788033,109300,0,0,0,0,0,0,0,0,110,110
580535119908931128,Order,2025/09/26,2025/10/04,VND,756000,1200000,1200000,1440000,-240000,0,0,0,-444000,-52800,-126000,0,-68500,68500,0,0,0,0,0,0,-211200,-211200,0,0,0,0,0,0,0,0,0,0,0,-36000,0,0,0,-12000,-6000,0,0,0,0,580535119908931128,1056000,0,0,0,144000,0,0,0,0,2030,2030
580535038168237643,Order,2025/09/26,2025/10/04,VND,75000,125000,125000,150000,-25000,0,0,0,-50000,-6250,-13125,0,-40000,40000,0,0,0,0,0,0,-25000,-25000,0,0,0,0,0,0,0,0,0,0,0,-3750,0,0,0,-1250,-625,0,0,0,0,580535038168237643,125000,0,0,0,0,0,0,0,0,210,210
580534622729766381,Order,2025/09/26,2025/10/04,VND,75000,125000,125000,150000,-25000,0,0,0,-50000,-6250,-13125,0,-40000,40000,0,0,0,0,0,0,-25000,-25000,0,0,0,0,0,0,0,0,0,0,0,-3750,0,0,0,-1250,-625,0,0,0,0,580534622729766381,125000,0,0,0,0,0,0,0,0,210,210
580534251946869804,Order,2025/09/26,2025/10/04,VND,378000,600000,600000,720000,-120000,0,0,0,-222000,-26400,-63000,0,-39400,39400,0,0,0,0,0,0,-105600,-105600,0,0,0,0,0,0,0,0,0,0,0,-18000,0,0,0,-6000,-3000,0,0,0,0,580534251946869804,528000,0,0,0,72000,0,0,0,0,1030,1030
580534008725800611,Order,2025/09/26,2025/10/04,VND,75000,125000,125000,150000,-25000,0,0,0,-50000,-6250,-13125,0,-40000,40000,0,0,0,0,0,0,-25000,-25000,0,0,0,0,0,0,0,0,0,0,0,-3750,0,0,0,-1250,-625,0,0,0,0,580534008725800611,125000,0,0,0,0,0,0,0,0,210,210
580520377262900435,Order,2025/09/25,2025/10/04,VND,50740,85000,85000,110000,-25000,0,0,0,-34260,-4510,-8925,0,-35200,30000,5200,0,0,0,0,0,-17000,-17000,0,0,0,0,0,0,0,0,0,0,0,-2550,0,0,0,-850,-425,0,0,0,0,580520377262900435,90200,0,0,0,0,0,0,0,0,110,110
580504934119277574,Order,2025/09/24,2025/10/04,VND,255000,425000,425000,550000,-125000,0,0,0,-170000,-21250,-44625,0,-47600,47600,0,0,0,0,0,0,-85000,-85000,0,0,0,0,0,0,0,0,0,0,0,-12750,0,0,0,-4250,-2125,0,0,0,0,580504934119277574,425000,0,0,0,0,0,0,0,0,510,510
580504545872675877,Order,2025/09/24,2025/10/04,VND,59500,85000,85000,110000,-25000,0,0,0,-25500,-4250,-8925,0,-40000,40000,0,0,0,0,0,0,0,0,0,-8500,0,0,0,0,0,0,0,0,0,-2550,0,0,0,-850,-425,0,0,0,0,580504545872675877,85000,0,0,0,0,0,0,0,0,110,110
580504145089955255,Order,2025/09/24,2025/10/04,VND,75000,125000,125000,150000,-25000,0,0,0,-50000,-6250,-13125,0,-40000,40000,0,0,0,0,0,0,-25000,-25000,0,0,0,0,0,0,0,0,0,0,0,-3750,0,0,0,-1250,-625,0,0,0,0,580504145089955255,125000,0,0,0,0,0,0,0,0,210,210
580469775984854336,Order,2025/09/21,2025/10/04,VND,-30300,0,0,0,0,0,0,0,-30300,0,0,-30300,-30300,0,0,0,0,0,0,0,0,0,0,0,0,0,0,0,0,0,0,0,0,0,0,0,0,0,0,0,0,0,0,580469775984854336,0,0,0,0,0,0,0,0,0,110,110
580429585532421468,Order,2025/09/18,2025/10/04,VND,-35200,0,0,0,0,0,0,0,-35200,0,0,-35200,-35200,0,0,0,0,0,0,0,0,0,0,0,0,0,0,0,0,0,0,0,0,0,0,0,0,0,0,0,0,0,0,580429585532421468,0,0,0,0,0,0,0,0,0,110,110
580361009990108699,Order,2025/09/12,2025/10/04,VND,-40000,0,0,0,0,0,0,0,-40000,0,0,-40000,-40000,0,0,0,0,0,0,0,0,0,0,0,0,0,0,0,0,0,0,0,0,0,0,0,0,0,0,0,0,0,0,580361009990108699,0,0,0,0,0,0,0,0,0,210,210
580561915382039854,Order,2025/09/28,2025/10/03,VND,74985,125000,125000,150000,-25000,0,0,0,-50015,-6265,-13125,0,-30300,30000,300,0,0,0,0,0,-25000,-25000,0,0,0,0,0,0,0,0,0,0,0,-3750,0,0,0,-1250,-625,0,0,0,0,580561915382039854,125300,0,0,0,0,0,0,0,0,210,210
580560490430957417,Order,2025/09/28,2025/10/03,VND,77485,125000,125000,150000,-25000,0,0,0,-47515,-5765,-13125,0,-30300,30000,300,0,0,0,0,0,-23000,-23000,0,0,0,0,0,0,0,0,0,0,0,-3750,0,0,0,-1250,-625,0,0,0,0,580560490430957417,115300,0,0,0,10000,0,0,0,0,210,210
580558672448423714,Order,2025/09/28,2025/10/03,VND,92485,150000,150000,150000,0,0,0,0,-57515,-7015,-15750,0,-30300,30000,300,0,0,0,0,0,-28000,-28000,0,0,0,0,0,0,0,0,0,0,0,-4500,0,0,0,-1500,-750,0,0,0,0,580558672448423714,140300,0,0,0,10000,0,0,0,0,210,210
580554550048163500,Order,2025/09/28,2025/10/03,VND,105000,150000,150000,150000,0,0,0,0,-45000,-7500,-15750,0,-12100,12100,0,0,0,0,0,0,0,0,0,-15000,0,0,0,0,0,0,0,0,0,-4500,0,0,0,-1500,-750,0,0,0,0,580554550048163500,150000,0,0,0,0,0,0,0,0,210,210
580548187845133868,Order,2025/09/27,2025/10/03,VND,50615,85000,85000,110000,-25000,0,0,0,-34385,-4635,-8925,0,-19700,12000,7700,0,0,0,0,0,-17000,-17000,0,0,0,0,0,0,0,0,0,0,0,-2550,0,0,0,-850,-425,0,0,0,0,580548187845133868,92700,0,0,0,0,0,0,0,0,110,110
580541086269998185,Order,2025/09/27,2025/10/03,VND,187500,300000,300000,360000,-60000,0,0,0,-112500,-13500,-31500,0,-35100,35100,0,0,0,0,0,0,-54000,-54000,0,0,0,0,0,0,0,0,0,0,0,-9000,0,0,0,-3000,-1500,0,0,0,0,580541086269998185,270000,0,0,0,30000,0,0,0,0,510,510
580536648564115388,Order,2025/09/26,2025/10/03,VND,50500,85000,85000,110000,-25000,0,0,0,-34500,-4750,-8925,0,-40000,30000,10000,0,0,0,0,0,-17000,-17000,0,0,0,0,0,0,0,0,0,0,0,-2550,0,0,0,-850,-425,0,0,0,0,580536648564115388,95000,0,0,0,0,0,0,0,0,110,110
580536350018995258,Order,2025/09/26,2025/10/03,VND,73600,125000,125000,150000,-25000,0,0,0,-51400,-7650,-13125,0,-40000,12000,28000,0,0,0,0,0,-25000,-25000,0,0,0,0,0,0,0,0,0,0,0,-3750,0,0,0,-1250,-625,0,0,0,0,580536350018995258,153000,0,0,0,0,0,0,0,0,210,210
580536326170379718,Order,2025/09/26,2025/10/03,VND,50550,85000,85000,110000,-25000,0,0,0,-34450,-4700,-8925,0,-34000,25000,9000,0,0,0,0,0,-17000,-17000,0,0,0,0,0,0,0,0,0,0,0,-2550,0,0,0,-850,-425,0,0,0,0,580536326170379718,94000,0,0,0,0,0,0,0,0,110,110
580536193571456128,Order,2025/09/26,2025/10/03,VND,75000,125000,125000,150000,-25000,0,0,0,-50000,-6250,-13125,0,-40000,40000,0,0,0,0,0,0,-25000,-25000,0,0,0,0,0,0,0,0,0,0,0,-3750,0,0,0,-1250,-625,0,0,0,0,580536193571456128,125000,0,0,0,0,0,0,0,0,210,210
580536051613533944,Order,2025/09/26,2025/10/03,VND,74500,125000,125000,150000,-25000,0,0,0,-50500,-6750,-13125,0,-40000,30000,10000,0,0,0,0,0,-25000,-25000,0,0,0,0,0,0,0,0,0,0,0,-3750,0,0,0,-1250,-625,0,0,0,0,580536051613533944,135000,0,0,0,0,0,0,0,0,210,210
580535915987699282,Order,2025/09/26,2025/10/03,VND,74500,125000,125000,150000,-25000,0,0,0,-50500,-6750,-13125,0,-40000,30000,10000,0,0,0,0,0,-25000,-25000,0,0,0,0,0,0,0,0,0,0,0,-3750,0,0,0,-1250,-625,0,0,0,0,580535915987699282,135000,0,0,0,0,0,0,0,0,210,210
580535955860653569,Order,2025/09/26,2025/10/03,VND,74500,125000,125000,150000,-25000,0,0,0,-50500,-6750,-13125,0,-40000,30000,10000,0,0,0,0,0,-25000,-25000,0,0,0,0,0,0,0,0,0,0,0,-3750,0,0,0,-1250,-625,0,0,0,0,580535955860653569,135000,0,0,0,0,0,0,0,0,210,210
580535901254878732,Order,2025/09/26,2025/10/03,VND,50500,85000,85000,110000,-25000,0,0,0,-34500,-4750,-8925,0,-40000,30000,10000,0,0,0,0,0,-17000,-17000,0,0,0,0,0,0,0,0,0,0,0,-2550,0,0,0,-850,-425,0,0,0,0,580535901254878732,95000,0,0,0,0,0,0,0,0,110,110
580535878229001858,Order,2025/09/26,2025/10/03,VND,59000,85000,85000,110000,-25000,0,0,0,-26000,-4750,-8925,0,-40000,30000,10000,0,0,0,0,0,0,0,0,-8500,0,0,0,0,0,0,0,0,0,-2550,0,0,0,-850,-425,0,0,0,0,580535878229001858,95000,0,0,0,0,0,0,0,0,110,110
580535870394434935,Order,2025/09/26,2025/10/03,VND,74400,125000,125000,150000,-25000,0,0,0,-50600,-6850,-13125,0,-37000,25000,12000,0,0,0,0,0,-25000,-25000,0,0,0,0,0,0,0,0,0,0,0,-3750,0,0,0,-1250,-625,0,0,0,0,580535870394434935,137000,0,0,0,0,0,0,0,0,210,210
580535869047605073,Order,2025/09/26,2025/10/03,VND,74740,125000,125000,150000,-25000,0,0,0,-50260,-6510,-13125,0,-35200,30000,5200,0,0,0,0,0,-25000,-25000,0,0,0,0,0,0,0,0,0,0,0,-3750,0,0,0,-1250,-625,0,0,0,0,580535869047605073,130200,0,0,0,0,0,0,0,0,210,210
580535527917913227,Order,2025/09/26,2025/10/03,VND,87250,125000,125000,150000,-25000,0,0,0,-37750,-6500,-13125,0,-40000,35000,5000,0,0,0,0,0,0,0,0,-12500,0,0,0,0,0,0,0,0,0,-3750,0,0,0,-1250,-625,0,0,0,0,580535527917913227,130000,0,0,0,0,0,0,0,0,210,210
580535282988975931,Order,2025/09/26,2025/10/03,VND,50500,85000,85000,110000,-25000,0,0,0,-34500,-4750,-8925,0,-40000,30000,10000,0,0,0,0,0,-17000,-17000,0,0,0,0,0,0,0,0,0,0,0,-2550,0,0,0,-850,-425,0,0,0,0,580535282988975931,95000,0,0,0,0,0,0,0,0,110,110
580535153511466067,Order,2025/09/26,2025/10/03,VND,50500,85000,85000,110000,-25000,0,0,0,-34500,-4750,-8925,0,-40000,30000,10000,0,0,0,0,0,-17000,-17000,0,0,0,0,0,0,0,0,0,0,0,-2550,0,0,0,-850,-425,0,0,0,0,580535153511466067,95000,0,0,0,0,0,0,0,0,110,110
580535141832886077,Order,2025/09/26,2025/10/03,VND,74650,125000,125000,150000,-25000,0,0,0,-50350,-6600,-13125,0,-37000,30000,7000,0,0,0,0,0,-25000,-25000,0,0,0,0,0,0,0,0,0,0,0,-3750,0,0,0,-1250,-625,0,0,0,0,580535141832886077,132000,0,0,0,0,0,0,0,0,210,210
580535120277833295,Order,2025/09/26,2025/10/03,VND,51000,85000,85000,110000,-25000,0,0,0,-34000,-4250,-8925,0,-35200,35200,0,0,0,0,0,0,-17000,-17000,0,0,0,0,0,0,0,0,0,0,0,-2550,0,0,0,-850,-425,0,0,0,0,580535120277833295,85000,0,0,0,0,0,0,0,0,110,110
580535117067093469,Order,2025/09/26,2025/10/03,VND,74500,125000,125000,150000,-25000,0,0,0,-50500,-6750,-13125,0,-40000,30000,10000,0,0,0,0,0,-25000,-25000,0,0,0,0,0,0,0,0,0,0,0,-3750,0,0,0,-1250,-625,0,0,0,0,580535117067093469,135000,0,0,0,0,0,0,0,0,210,210
580535116785157204,Order,2025/09/26,2025/10/03,VND,59000,85000,85000,110000,-25000,0,0,0,-26000,-4750,-8925,0,-40000,30000,10000,0,0,0,0,0,0,0,0,-8500,0,0,0,0,0,0,0,0,0,-2550,0,0,0,-850,-425,0,0,0,0,580535116785157204,95000,0,0,0,0,0,0,0,0,110,110
580535090639504892,Order,2025/09/26,2025/10/03,VND,188475,300000,300000,360000,-60000,0,0,0,-111525,-13725,-31500,0,-40500,30000,10500,0,0,0,0,0,-52800,-52800,0,0,0,0,0,0,0,0,0,0,0,-9000,0,0,0,-3000,-1500,0,0,0,0,580535090639504892,274500,0,0,0,36000,0,0,0,0,510,510
580535043498936265,Order,2025/09/26,2025/10/03,VND,75000,125000,125000,150000,-25000,0,0,0,-50000,-6250,-13125,0,-40000,40000,0,0,0,0,0,0,-25000,-25000,0,0,0,0,0,0,0,0,0,0,0,-3750,0,0,0,-1250,-625,0,0,0,0,580535043498936265,125000,0,0,0,0,0,0,0,0,210,210
580534959790982173,Order,2025/09/26,2025/10/03,VND,180000,300000,300000,360000,-60000,0,0,0,-120000,-15000,-31500,0,-47600,47600,0,0,0,0,0,0,-60000,-60000,0,0,0,0,0,0,0,0,0,0,0,-9000,0,0,0,-3000,-1500,0,0,0,0,580534959790982173,300000,0,0,0,0,0,0,0,0,510,510
580534967610869157,Order,2025/09/26,2025/10/03,VND,74500,125000,125000,150000,-25000,0,0,0,-50500,-6750,-13125,0,-40000,30000,10000,0,0,0,0,0,-25000,-25000,0,0,0,0,0,0,0,0,0,0,0,-3750,0,0,0,-1250,-625,0,0,0,0,580534967610869157,135000,0,0,0,0,0,0,0,0,210,210
580534925282608958,Order,2025/09/26,2025/10/03,VND,189000,300000,300000,360000,-60000,0,0,0,-111000,-13200,-31500,0,-47600,47600,0,0,0,0,0,0,-52800,-52800,0,0,0,0,0,0,0,0,0,0,0,-9000,0,0,0,-3000,-1500,0,0,0,0,580534925282608958,264000,0,0,0,36000,0,0,0,0,510,510
580534907925006308,Order,2025/09/26,2025/10/03,VND,189000,300000,300000,360000,-60000,0,0,0,-111000,-13200,-31500,0,-47600,47600,0,0,0,0,0,0,-52800,-52800,0,0,0,0,0,0,0,0,0,0,0,-9000,0,0,0,-3000,-1500,0,0,0,0,580534907925006308,264000,0,0,0,36000,0,0,0,0,510,510
580534849932527320,Order,2025/09/26,2025/10/03,VND,74740,125000,125000,150000,-25000,0,0,0,-50260,-6510,-13125,0,-35200,30000,5200,0,0,0,0,0,-25000,-25000,0,0,0,0,0,0,0,0,0,0,0,-3750,0,0,0,-1250,-625,0,0,0,0,580534849932527320,130200,0,0,0,0,0,0,0,0,210,210
580534797097076301,Order,2025/09/26,2025/10/03,VND,189000,300000,300000,360000,-60000,0,0,0,-111000,-13200,-31500,0,-47600,47600,0,0,0,0,0,0,-52800,-52800,0,0,0,0,0,0,0,0,0,0,0,-9000,0,0,0,-3000,-1500,0,0,0,0,580534797097076301,264000,0,0,0,36000,0,0,0,0,510,510
580534801853613770,Order,2025/09/26,2025/10/03,VND,189000,300000,300000,360000,-60000,0,0,0,-111000,-13200,-31500,0,-35100,35100,0,0,0,0,0,0,-52800,-52800,0,0,0,0,0,0,0,0,0,0,0,-9000,0,0,0,-3000,-1500,0,0,0,0,580534801853613770,264000,0,0,0,36000,0,0,0,0,510,510
580534779411727834,Order,2025/09/26,2025/10/03,VND,189000,300000,300000,360000,-60000,0,0,0,-111000,-13200,-31500,0,-47600,47600,0,0,0,0,0,0,-52800,-52800,0,0,0,0,0,0,0,0,0,0,0,-9000,0,0,0,-3000,-1500,0,0,0,0,580534779411727834,264000,0,0,0,36000,0,0,0,0,510,510
580534723646752151,Order,2025/09/26,2025/10/03,VND,189000,300000,300000,360000,-60000,0,0,0,-111000,-13200,-31500,0,-39300,39300,0,0,0,0,0,0,-52800,-52800,0,0,0,0,0,0,0,0,0,0,0,-9000,0,0,0,-3000,-1500,0,0,0,0,580534723646752151,264000,0,0,0,36000,0,0,0,0,510,510
580534693369906352,Order,2025/09/26,2025/10/03,VND,74500,125000,125000,150000,-25000,0,0,0,-50500,-6750,-13125,0,-40000,30000,10000,0,0,0,0,0,-25000,-25000,0,0,0,0,0,0,0,0,0,0,0,-3750,0,0,0,-1250,-625,0,0,0,0,580534693369906352,135000,0,0,0,0,0,0,0,0,210,210
580534632638678067,Order,2025/09/26,2025/10/03,VND,189000,300000,300000,360000,-60000,0,0,0,-111000,-13200,-31500,0,-47600,47600,0,0,0,0,0,0,-52800,-52800,0,0,0,0,0,0,0,0,0,0,0,-9000,0,0,0,-3000,-1500,0,0,0,0,580534632638678067,264000,0,0,0,36000,0,0,0,0,510,510
580534578323883073,Order,2025/09/26,2025/10/03,VND,50500,85000,85000,110000,-25000,0,0,0,-34500,-4750,-8925,0,-40000,30000,10000,0,0,0,0,0,-17000,-17000,0,0,0,0,0,0,0,0,0,0,0,-2550,0,0,0,-850,-425,0,0,0,0,580534578323883073,95000,0,0,0,0,0,0,0,0,110,110
580534538307733402,Order,2025/09/26,2025/10/03,VND,75000,125000,125000,150000,-25000,0,0,0,-50000,-6250,-13125,0,-40000,40000,0,0,0,0,0,0,-25000,-25000,0,0,0,0,0,0,0,0,0,0,0,-3750,0,0,0,-1250,-625,0,0,0,0,580534538307733402,125000,0,0,0,0,0,0,0,0,210,210
580534525245621410,Order,2025/09/26,2025/10/03,VND,74500,125000,125000,150000,-25000,0,0,0,-50500,-6750,-13125,0,-40000,30000,10000,0,0,0,0,0,-25000,-25000,0,0,0,0,0,0,0,0,0,0,0,-3750,0,0,0,-1250,-625,0,0,0,0,580534525245621410,135000,0,0,0,0,0,0,0,0,210,210
580534509311526202,Order,2025/09/26,2025/10/03,VND,74500,125000,125000,150000,-25000,0,0,0,-50500,-6750,-13125,0,-40000,30000,10000,0,0,0,0,0,-25000,-25000,0,0,0,0,0,0,0,0,0,0,0,-3750,0,0,0,-1250,-625,0,0,0,0,580534509311526202,135000,0,0,0,0,0,0,0,0,210,210
580534510176208289,Order,2025/09/26,2025/10/03,VND,188870,300000,300000,360000,-60000,0,0,0,-111130,-13330,-31500,0,-47600,45000,2600,0,0,0,0,0,-52800,-52800,0,0,0,0,0,0,0,0,0,0,0,-9000,0,0,0,-3000,-1500,0,0,0,0,580534510176208289,266600,0,0,0,36000,0,0,0,0,510,510
580534382198817957,Order,2025/09/26,2025/10/03,VND,189000,300000,300000,360000,-60000,0,0,0,-111000,-13200,-31500,0,-35100,35100,0,0,0,0,0,0,-52800,-52800,0,0,0,0,0,0,0,0,0,0,0,-9000,0,0,0,-3000,-1500,0,0,0,0,580534382198817957,264000,0,0,0,36000,0,0,0,0,510,510
580534272743736888,Order,2025/09/26,2025/10/03,VND,189000,300000,300000,360000,-60000,0,0,0,-111000,-13200,-31500,0,-47600,47600,0,0,0,0,0,0,-52800,-52800,0,0,0,0,0,0,0,0,0,0,0,-9000,0,0,0,-3000,-1500,0,0,0,0,580534272743736888,264000,0,0,0,36000,0,0,0,0,510,510
580534176424626036,Order,2025/09/26,2025/10/03,VND,74000,125000,125000,150000,-25000,0,0,0,-51000,-7250,-13125,0,-40000,20000,20000,0,0,0,0,0,-25000,-25000,0,0,0,0,0,0,0,0,0,0,0,-3750,0,0,0,-1250,-625,0,0,0,0,580534176424626036,145000,0,0,0,0,0,0,0,0,210,210
580532350442439812,Order,2025/09/26,2025/10/03,VND,-26200,0,0,0,0,0,0,0,-26200,0,0,-26200,-26200,0,0,0,0,0,0,0,0,0,0,0,0,0,0,0,0,0,0,0,0,0,0,0,0,0,0,0,0,0,0,580532350442439812,0,0,0,0,0,0,0,0,0,200,200
580522964906182598,Order,2025/09/25,2025/10/03,VND,187500,300000,300000,360000,-60000,0,0,0,-112500,-13500,-31500,0,-47600,47600,0,0,0,0,0,0,-54000,-54000,0,0,0,0,0,0,0,0,0,0,0,-9000,0,0,0,-3000,-1500,0,0,0,0,580522964906182598,270000,0,0,0,30000,0,0,0,0,510,510
580514181701011418,Order,2025/09/25,2025/10/03,VND,50500,85000,85000,110000,-25000,0,0,0,-34500,-4750,-8925,0,-40000,30000,10000,0,0,0,0,0,-17000,-17000,0,0,0,0,0,0,0,0,0,0,0,-2550,0,0,0,-850,-425,0,0,0,0,580514181701011418,95000,0,0,0,0,0,0,0,0,110,110
580507885867861177,Order,2025/09/24,2025/10/03,VND,210000,300000,300000,360000,-60000,0,0,0,-90000,-15000,-31500,0,-47600,47600,0,0,0,0,0,0,0,0,0,-30000,0,0,0,0,0,0,0,0,0,-9000,0,0,0,-3000,-1500,0,0,0,0,580507885867861177,300000,0,0,0,0,0,0,0,0,510,510
580502262748907026,Order,2025/09/24,2025/10/03,VND,59500,85000,85000,110000,-25000,0,0,0,-25500,-4250,-8925,0,-40000,40000,0,0,0,0,0,0,0,0,0,-8500,0,0,0,0,0,0,0,0,0,-2550,0,0,0,-850,-425,0,0,0,0,580502262748907026,85000,0,0,0,0,0,0,0,0,110,110
580539991041279006,Order,2025/09/27,2025/10/02,VND,555000,900000,900000,1080000,-180000,0,0,0,-345000,-42000,-94500,0,-43500,43500,0,0,0,0,0,0,-168000,-168000,0,0,0,0,0,0,0,0,0,0,0,-27000,0,0,0,-9000,-4500,0,0,0,0,580539991041279006,840000,0,0,0,60000,0,0,0,0,1530,1530
580535819777640124,Order,2025/09/26,2025/10/02,VND,75000,125000,125000,150000,-25000,0,0,0,-50000,-6250,-13125,0,-26200,26200,0,0,0,0,0,0,-25000,-25000,0,0,0,0,0,0,0,0,0,0,0,-3750,0,0,0,-1250,-625,0,0,0,0,580535819777640124,125000,0,0,0,0,0,0,0,0,210,210
580535176542521129,Order,2025/09/26,2025/10/02,VND,75000,125000,125000,150000,-25000,0,0,0,-50000,-6250,-13125,0,-40000,40000,0,0,0,0,0,0,-25000,-25000,0,0,0,0,0,0,0,0,0,0,0,-3750,0,0,0,-1250,-625,0,0,0,0,580535176542521129,125000,0,0,0,0,0,0,0,0,210,210
580534981451351383,Order,2025/09/26,2025/10/02,VND,51000,85000,85000,110000,-25000,0,0,0,-34000,-4250,-8925,0,-30300,30300,0,0,0,0,0,0,-17000,-17000,0,0,0,0,0,0,0,0,0,0,0,-2550,0,0,0,-850,-425,0,0,0,0,580534981451351383,85000,0,0,0,0,0,0,0,0,110,110
580534847785894966,Order,2025/09/26,2025/10/02,VND,50985,85000,85000,110000,-25000,0,0,0,-34015,-4265,-8925,0,-30300,30000,300,0,0,0,0,0,-17000,-17000,0,0,0,0,0,0,0,0,0,0,0,-2550,0,0,0,-850,-425,0,0,0,0,580534847785894966,85300,0,0,0,0,0,0,0,0,100,100
580534710088402504,Order,2025/09/26,2025/10/02,VND,75000,125000,125000,150000,-25000,0,0,0,-50000,-6250,-13125,0,-40000,40000,0,0,0,0,0,0,-25000,-25000,0,0,0,0,0,0,0,0,0,0,0,-3750,0,0,0,-1250,-625,0,0,0,0,580534710088402504,125000,0,0,0,0,0,0,0,0,210,210
580534532223961029,Order,2025/09/26,2025/10/02,VND,50400,85000,85000,110000,-25000,0,0,0,-34600,-4850,-8925,0,-37000,25000,12000,0,0,0,0,0,-17000,-17000,0,0,0,0,0,0,0,0,0,0,0,-2550,0,0,0,-850,-425,0,0,0,0,580534532223961029,97000,0,0,0,0,0,0,0,0,110,110
580534401130202961,Order,2025/09/26,2025/10/02,VND,936000,1500000,1500000,1800000,-300000,0,0,0,-564000,-67800,-157500,0,-48100,48100,0,0,0,0,0,0,-271200,-271200,0,0,0,0,0,0,0,0,0,0,0,-45000,0,0,0,-15000,-7500,0,0,0,0,580534401130202961,1356000,0,0,0,144000,0,0,0,0,2530,2530
580533606471402588,Order,2025/09/26,2025/10/02,VND,87500,125000,125000,150000,-25000,0,0,0,-37500,-6250,-13125,0,-40000,40000,0,0,0,0,0,0,0,0,0,-12500,0,0,0,0,0,0,0,0,0,-3750,0,0,0,-1250,-625,0,0,0,0,580533606471402588,125000,0,0,0,0,0,0,0,0,210,210
580531719092668005,Order,2025/09/26,2025/10/02,VND,87000,125000,125000,150000,-25000,0,0,0,-38000,-6750,-13125,0,-40000,30000,10000,0,0,0,0,0,0,0,0,-12500,0,0,0,0,0,0,0,0,0,-3750,0,0,0,-1250,-625,0,0,0,0,580531719092668005,135000,0,0,0,0,0,0,0,0,210,210
580530675354207666,Order,2025/09/26,2025/10/02,VND,59000,85000,85000,110000,-25000,0,0,0,-26000,-4750,-8925,0,-40000,30000,10000,0,0,0,0,0,0,0,0,-8500,0,0,0,0,0,0,0,0,0,-2550,0,0,0,-850,-425,0,0,0,0,580530675354207666,95000,0,0,0,0,0,0,0,0,110,110
580530469785404894,Order,2025/09/26,2025/10/02,VND,59000,85000,85000,110000,-25000,0,0,0,-26000,-4750,-8925,0,-40000,30000,10000,0,0,0,0,0,0,0,0,-8500,0,0,0,0,0,0,0,0,0,-2550,0,0,0,-850,-425,0,0,0,0,580530469785404894,95000,0,0,0,0,0,0,0,0,110,110
580530053527078079,Order,2025/09/26,2025/10/02,VND,87500,125000,125000,150000,-25000,0,0,0,-37500,-6250,-13125,0,-26200,26200,0,0,0,0,0,0,0,0,0,-12500,0,0,0,0,0,0,0,0,0,-3750,0,0,0,-1250,-625,0,0,0,0,580530053527078079,125000,0,0,0,0,0,0,0,0,210,210
580529604105700637,Order,2025/09/26,2025/10/02,VND,87500,125000,125000,150000,-25000,0,0,0,-37500,-6250,-13125,0,-26200,26200,0,0,0,0,0,0,0,0,0,-12500,0,0,0,0,0,0,0,0,0,-3750,0,0,0,-1250,-625,0,0,0,0,580529604105700637,125000,0,0,0,0,0,0,0,0,210,210
580529499182827470,Order,2025/09/26,2025/10/02,VND,214500,300000,300000,360000,-60000,0,0,0,-85500,-13500,-31500,0,-35100,35100,0,0,0,0,0,0,0,0,0,-27000,0,0,0,0,0,0,0,0,0,-9000,0,0,0,-3000,-1500,0,0,0,0,580529499182827470,270000,0,0,0,30000,0,0,0,0,510,510
580528827920058026,Order,2025/09/26,2025/10/02,VND,186750,300000,300000,360000,-60000,0,0,0,-113250,-13650,-31500,0,-35100,35100,0,0,0,0,0,0,-54600,-54600,0,0,0,0,0,0,0,0,0,0,0,-9000,0,0,0,-3000,-1500,0,0,0,0,580528827920058026,273000,0,0,0,27000,0,0,0,0,510,510
580528001958577996,Order,2025/09/26,2025/10/02,VND,186750,300000,300000,360000,-60000,0,0,0,-113250,-13650,-31500,0,-47600,47600,0,0,0,0,0,0,-54600,-54600,0,0,0,0,0,0,0,0,0,0,0,-9000,0,0,0,-3000,-1500,0,0,0,0,580528001958577996,273000,0,0,0,27000,0,0,0,0,510,510
580527952038037407,Order,2025/09/26,2025/10/02,VND,59115,85000,85000,110000,-25000,0,0,0,-25885,-4635,-8925,0,-19700,12000,7700,0,0,0,0,0,0,0,0,-8500,0,0,0,0,0,0,0,0,0,-2550,0,0,0,-850,-425,0,0,0,0,580527952038037407,92700,0,0,0,0,0,0,0,0,110,110
580527895845177213,Order,2025/09/26,2025/10/02,VND,301832,375000,375000,450000,-75000,0,0,0,-73168,-16918,-39375,0,-47600,47600,0,0,0,0,0,0,0,0,0,0,0,0,0,0,0,0,0,0,0,-11250,0,0,0,-3750,-1875,0,0,0,0,580527895845177213,338355,0,0,0,36645,0,0,0,0,610,610
580527694102169110,Order,2025/09/26,2025/10/02,VND,88985,125000,125000,150000,-25000,0,0,0,-36015,-5765,-13125,0,-30300,30000,300,0,0,0,0,0,0,0,0,-11500,0,0,0,0,0,0,0,0,0,-3750,0,0,0,-1250,-625,0,0,0,0,580527694102169110,115300,0,0,0,10000,0,0,0,0,210,210
580526969413994051,Order,2025/09/26,2025/10/02,VND,74500,125000,125000,150000,-25000,0,0,0,-50500,-6750,-13125,0,-40000,30000,10000,0,0,0,0,0,-25000,-25000,0,0,0,0,0,0,0,0,0,0,0,-3750,0,0,0,-1250,-625,0,0,0,0,580526969413994051,135000,0,0,0,0,0,0,0,0,210,210
580525582773486879,Order,2025/09/26,2025/10/02,VND,87485,125000,125000,150000,-25000,0,0,0,-37515,-6265,-13125,0,-30300,30000,300,0,0,0,0,0,0,0,0,-12500,0,0,0,0,0,0,0,0,0,-3750,0,0,0,-1250,-625,0,0,0,0,580525582773486879,125300,0,0,0,0,0,0,0,0,210,210
580525214562026591,Order,2025/09/25,2025/10/02,VND,74500,125000,125000,150000,-25000,0,0,0,-50500,-6750,-13125,0,-40000,30000,10000,0,0,0,0,0,-25000,-25000,0,0,0,0,0,0,0,0,0,0,0,-3750,0,0,0,-1250,-625,0,0,0,0,580525214562026591,135000,0,0,0,0,0,0,0,0,210,210
580524989549479819,Order,2025/09/25,2025/10/02,VND,59500,85000,85000,110000,-25000,0,0,0,-25500,-4250,-8925,0,-28800,28800,0,0,0,0,0,0,0,0,0,-8500,0,0,0,0,0,0,0,0,0,-2550,0,0,0,-850,-425,0,0,0,0,580524989549479819,85000,0,0,0,0,0,0,0,0,110,110
580523051446404567,Order,2025/09/25,2025/10/02,VND,299620,500000,500000,600000,-100000,0,0,0,-200380,-25380,-52500,0,-47600,40000,7600,0,0,0,0,0,-100000,-100000,0,0,0,0,0,0,0,0,0,0,0,-15000,0,0,0,-5000,-2500,0,0,0,0,580523051446404567,507600,0,0,0,0,0,0,0,0,830,830
580521896247985386,Order,2025/09/25,2025/10/02,VND,51000,85000,85000,110000,-25000,0,0,0,-34000,-4250,-8925,0,-19700,19700,0,0,0,0,0,0,-17000,-17000,0,0,0,0,0,0,0,0,0,0,0,-2550,0,0,0,-850,-425,0,0,0,0,580521896247985386,85000,0,0,0,0,0,0,0,0,110,110
580521604321805896,Order,2025/09/25,2025/10/02,VND,74400,125000,125000,150000,-25000,0,0,0,-50600,-6850,-13125,0,-40000,28000,12000,0,0,0,0,0,-25000,-25000,0,0,0,0,0,0,0,0,0,0,0,-3750,0,0,0,-1250,-625,0,0,0,0,580521604321805896,137000,0,0,0,0,0,0,0,0,210,210
580519721675425664,Order,2025/09/25,2025/10/02,VND,75000,125000,125000,150000,-25000,0,0,0,-50000,-6250,-13125,0,-40000,40000,0,0,0,0,0,0,-25000,-25000,0,0,0,0,0,0,0,0,0,0,0,-3750,0,0,0,-1250,-625,0,0,0,0,580519721675425664,125000,0,0,0,0,0,0,0,0,210,210
580519862563211087,Order,2025/09/25,2025/10/02,VND,100000,125000,125000,150000,-25000,0,0,0,-25000,-6250,-13125,0,-30300,30300,0,0,0,0,0,0,0,0,0,0,0,0,0,0,0,0,0,0,0,-3750,0,0,0,-1250,-625,0,0,0,0,580519862563211087,125000,0,0,0,0,0,0,0,0,210,210
580519667858441878,Order,2025/09/25,2025/10/02,VND,75000,125000,125000,150000,-25000,0,0,0,-50000,-6250,-13125,0,-40000,40000,0,0,0,0,0,0,-25000,-25000,0,0,0,0,0,0,0,0,0,0,0,-3750,0,0,0,-1250,-625,0,0,0,0,580519667858441878,125000,0,0,0,0,0,0,0,0,210,210
580519231481677195,Order,2025/09/25,2025/10/02,VND,59500,85000,85000,110000,-25000,0,0,0,-25500,-4250,-8925,0,-40000,40000,0,0,0,0,0,0,0,0,0,-8500,0,0,0,0,0,0,0,0,0,-2550,0,0,0,-850,-425,0,0,0,0,580519231481677195,85000,0,0,0,0,0,0,0,0,110,110
580517946697221249,Order,2025/09/25,2025/10/02,VND,-32000,0,0,0,0,0,0,0,-32000,0,0,-32000,-32000,0,0,0,0,0,0,0,0,0,0,0,0,0,0,0,0,0,0,0,0,0,0,0,0,0,0,0,0,0,0,580517946697221249,0,0,0,0,0,0,0,0,0,500,500
580517335208658215,Order,2025/09/25,2025/10/02,VND,75000,125000,125000,150000,-25000,0,0,0,-50000,-6250,-13125,0,-30300,30300,0,0,0,0,0,0,-25000,-25000,0,0,0,0,0,0,0,0,0,0,0,-3750,0,0,0,-1250,-625,0,0,0,0,580517335208658215,125000,0,0,0,0,0,0,0,0,210,210
580508965418927549,Order,2025/09/24,2025/10/02,VND,186750,300000,300000,360000,-60000,0,0,0,-113250,-13650,-31500,0,-47600,47600,0,0,0,0,0,0,-54600,-54600,0,0,0,0,0,0,0,0,0,0,0,-9000,0,0,0,-3000,-1500,0,0,0,0,580508965418927549,273000,0,0,0,27000,0,0,0,0,510,510
580507162031326451,Order,2025/09/24,2025/10/02,VND,262500,375000,375000,450000,-75000,0,0,0,-112500,-18750,-39375,0,-35100,35100,0,0,0,0,0,0,0,0,0,-37500,0,0,0,0,0,0,0,0,0,-11250,0,0,0,-3750,-1875,0,0,0,0,580507162031326451,375000,0,0,0,0,0,0,0,0,610,610
580497774206944538,Order,2025/09/23,2025/10/02,VND,77415,125000,125000,150000,-25000,0,0,0,-47585,-5835,-13125,0,-31700,30000,1700,0,0,0,0,0,-23000,-23000,0,0,0,0,0,0,0,0,0,0,0,-3750,0,0,0,-1250,-625,0,0,0,0,580497774206944538,116700,0,0,0,10000,0,0,0,0,210,210
580468300932351855,Order,2025/09/21,2025/10/02,VND,51940,89000,89000,110000,-21000,0,0,0,-37060,-5910,-9345,0,-35200,6000,29200,0,0,0,0,0,-17800,-17800,0,0,0,0,0,0,0,0,0,0,0,-2670,0,0,0,-890,-445,0,0,0,0,580468300932351855,118200,0,0,0,0,0,0,0,0,110,110
580445219290908098,Order,2025/09/19,2025/10/02,VND,187500,300000,300000,350000,-50000,0,0,0,-112500,-13500,-31500,0,-47600,47600,0,0,0,0,0,0,-54000,-54000,0,0,0,0,0,0,0,0,0,0,0,-9000,0,0,0,-3000,-1500,0,0,0,0,580445219290908098,270000,0,0,0,30000,0,0,0,0,510,510
580440561462380106,Order,2025/09/19,2025/10/02,VND,58100,83000,83000,95000,-12000,0,0,0,-24900,-4150,-8715,0,-26200,26200,0,0,0,0,0,0,0,0,0,-8300,0,0,0,0,0,0,0,0,0,-2490,0,0,0,-830,-415,0,0,0,0,580440561462380106,83000,0,0,0,0,0,0,0,0,110,110
580436008965538854,Order,2025/09/18,2025/10/02,VND,-40000,0,0,0,0,0,0,0,-40000,0,0,-40000,-40000,0,0,0,0,0,0,0,0,0,0,0,0,0,0,0,0,0,0,0,0,0,0,0,0,0,0,0,0,0,0,580436008965538854,0,0,0,0,0,0,0,0,0,230,230
580434067511543583,Order,2025/09/18,2025/10/02,VND,-30300,0,0,0,0,0,0,0,-30300,0,0,-30300,-30300,0,0,0,0,0,0,0,0,0,0,0,0,0,0,0,0,0,0,0,0,0,0,0,0,0,0,0,0,0,0,580434067511543583,0,0,0,0,0,0,0,0,0,110,110
580420997418747339,Order,2025/09/17,2025/10/02,VND,66000,95000,95000,95000,0,0,0,0,-29000,-5250,-9975,0,-40000,30000,10000,0,0,0,0,0,0,0,0,-9500,0,0,0,0,0,0,0,0,0,-2850,0,0,0,-950,-475,0,0,0,0,580420997418747339,105000,0,0,0,0,0,0,0,0,110,110
580401144647419402,Order,2025/09/15,2025/10/02,VND,-40000,0,0,0,0,0,0,0,-40000,0,0,-40000,-40000,0,0,0,0,0,0,0,0,0,0,0,0,0,0,0,0,0,0,0,0,0,0,0,0,0,0,0,0,0,0,580401144647419402,0,0,0,0,0,0,0,0,0,110,110
580336580306175579,Order,2025/09/10,2025/10/02,VND,-150444,-119380,0,0,0,-119380,-127000,7620,-31064,6229,12535,-55200,0,-30000,0,-20000,-5200,0,0,0,0,0,0,0,0,0,0,0,0,0,0,0,0,3581,0,0,0,1194,597,0,0,0,0,580336580306175579,0,-124580,0,0,0,0,0,0,0,300,300
580590244870522113,Order,2025/09/30,2025/10/01,VND,0,0,85000,110000,-25000,-85000,-110000,25000,0,0,0,0,0,0,10000,0,-10000,0,0,0,0,0,0,0,0,0,0,0,0,0,0,0,0,0,0,0,0,0,0,0,0,0,0,580590244870522113,95000,-95000,0,0,0,0,0,0,0,110,0
580535123456657321,Order,2025/09/26,2025/10/01,VND,51000,85000,85000,110000,-25000,0,0,0,-34000,-4250,-8925,0,-30300,30300,0,0,0,0,0,0,-17000,-17000,0,0,0,0,0,0,0,0,0,0,0,-2550,0,0,0,-850,-425,0,0,0,0,580535123456657321,85000,0,0,0,0,0,0,0,0,110,110
580534934847784078,Order,2025/09/26,2025/10/01,VND,59485,85000,85000,110000,-25000,0,0,0,-25515,-4265,-8925,0,-30300,30000,300,0,0,0,0,0,0,0,0,-8500,0,0,0,0,0,0,0,0,0,-2550,0,0,0,-850,-425,0,0,0,0,580534934847784078,85300,0,0,0,0,0,0,0,0,110,110
580534499020342866,Order,2025/09/26,2025/10/01,VND,51000,85000,85000,110000,-25000,0,0,0,-34000,-4250,-8925,0,-30300,30300,0,0,0,0,0,0,-17000,-17000,0,0,0,0,0,0,0,0,0,0,0,-2550,0,0,0,-850,-425,0,0,0,0,580534499020342866,85000,0,0,0,0,0,0,0,0,110,110
580532333698385068,Order,2025/09/26,2025/10/01,VND,-40000,0,0,0,0,0,0,0,-40000,0,0,-40000,-40000,0,0,0,0,0,0,0,0,0,0,0,0,0,0,0,0,0,0,0,0,0,0,0,0,0,0,0,0,0,0,580532333698385068,0,0,0,0,0,0,0,0,0,500,500
580529701362631979,Order,2025/09/26,2025/10/01,VND,87000,125000,125000,150000,-25000,0,0,0,-38000,-6750,-13125,0,-40000,30000,10000,0,0,0,0,0,0,0,0,-12500,0,0,0,0,0,0,0,0,0,-3750,0,0,0,-1250,-625,0,0,0,0,580529701362631979,135000,0,0,0,0,0,0,0,0,210,210
580528006610519315,Order,2025/09/26,2025/10/01,VND,104500,150000,150000,150000,0,0,0,0,-45500,-8000,-15750,0,-40000,30000,10000,0,0,0,0,0,0,0,0,-15000,0,0,0,0,0,0,0,0,0,-4500,0,0,0,-1500,-750,0,0,0,0,580528006610519315,160000,0,0,0,0,0,0,0,0,210,210
580527504306439360,Order,2025/09/26,2025/10/01,VND,87240,125000,125000,150000,-25000,0,0,0,-37760,-6510,-13125,0,-35200,30000,5200,0,0,0,0,0,0,0,0,-12500,0,0,0,0,0,0,0,0,0,-3750,0,0,0,-1250,-625,0,0,0,0,580527504306439360,130200,0,0,0,0,0,0,0,0,210,210
580527361780319510,Order,2025/09/26,2025/10/01,VND,153000,255000,255000,330000,-75000,0,0,0,-102000,-12750,-26775,0,-30300,30300,0,0,0,0,0,0,-51000,-51000,0,0,0,0,0,0,0,0,0,0,0,-7650,0,0,0,-2550,-1275,0,0,0,0,580527361780319510,255000,0,0,0,0,0,0,0,0,310,310
580527323547666240,Order,2025/09/26,2025/10/01,VND,86985,125000,125000,150000,-25000,0,0,0,-38015,-6765,-13125,0,-30300,20000,10300,0,0,0,0,0,0,0,0,-12500,0,0,0,0,0,0,0,0,0,-3750,0,0,0,-1250,-625,0,0,0,0,580527323547666240,135300,0,0,0,0,0,0,0,0,210,210
580523567690254305,Order,2025/09/25,2025/10/01,VND,59500,85000,85000,110000,-25000,0,0,0,-25500,-4250,-8925,0,-40000,40000,0,0,0,0,0,0,0,0,0,-8500,0,0,0,0,0,0,0,0,0,-2550,0,0,0,-850,-425,0,0,0,0,580523567690254305,85000,0,0,0,0,0,0,0,0,110,110
580523452906440057,Order,2025/09/25,2025/10/01,VND,59000,85000,85000,110000,-25000,0,0,0,-26000,-4750,-8925,0,-40000,30000,10000,0,0,0,0,0,0,0,0,-8500,0,0,0,0,0,0,0,0,0,-2550,0,0,0,-850,-425,0,0,0,0,580523452906440057,95000,0,0,0,0,0,0,0,0,110,110
580522924049335315,Order,2025/09/25,2025/10/01,VND,50500,85000,85000,110000,-25000,0,0,0,-34500,-4750,-8925,0,-40000,30000,10000,0,0,0,0,0,-17000,-17000,0,0,0,0,0,0,0,0,0,0,0,-2550,0,0,0,-850,-425,0,0,0,0,580522924049335315,95000,0,0,0,0,0,0,0,0,110,110
580522507861067681,Order,2025/09/25,2025/10/01,VND,187500,300000,300000,360000,-60000,0,0,0,-112500,-13500,-31500,0,-47600,47600,0,0,0,0,0,0,-54000,-54000,0,0,0,0,0,0,0,0,0,0,0,-9000,0,0,0,-3000,-1500,0,0,0,0,580522507861067681,270000,0,0,0,30000,0,0,0,0,510,510
580522507553637713,Order,2025/09/25,2025/10/01,VND,187500,300000,300000,360000,-60000,0,0,0,-112500,-13500,-31500,0,-47600,47600,0,0,0,0,0,0,-54000,-54000,0,0,0,0,0,0,0,0,0,0,0,-9000,0,0,0,-3000,-1500,0,0,0,0,580522507553637713,270000,0,0,0,30000,0,0,0,0,510,510
580522472755070674,Order,2025/09/25,2025/10/01,VND,59000,85000,85000,110000,-25000,0,0,0,-26000,-4750,-8925,0,-40000,30000,10000,0,0,0,0,0,0,0,0,-8500,0,0,0,0,0,0,0,0,0,-2550,0,0,0,-850,-425,0,0,0,0,580522472755070674,95000,0,0,0,0,0,0,0,0,110,110
580522433218184209,Order,2025/09/25,2025/10/01,VND,51000,85000,85000,110000,-25000,0,0,0,-34000,-4250,-8925,0,-40000,40000,0,0,0,0,0,0,-17000,-17000,0,0,0,0,0,0,0,0,0,0,0,-2550,0,0,0,-850,-425,0,0,0,0,580522433218184209,85000,0,0,0,0,0,0,0,0,110,110
580522056055752212,Order,2025/09/25,2025/10/01,VND,75000,125000,125000,150000,-25000,0,0,0,-50000,-6250,-13125,0,-40000,40000,0,0,0,0,0,0,-25000,-25000,0,0,0,0,0,0,0,0,0,0,0,-3750,0,0,0,-1250,-625,0,0,0,0,580522056055752212,125000,0,0,0,0,0,0,0,0,210,210
580521581530023357,Order,2025/09/25,2025/10/01,VND,49785,85000,85000,110000,-25000,0,0,0,-35215,-5465,-8925,0,-30300,6000,24300,0,0,0,0,0,-17000,-17000,0,0,0,0,0,0,0,0,0,0,0,-2550,0,0,0,-850,-425,0,0,0,0,580521581530023357,109300,0,0,0,0,0,0,0,0,110,110
580519732884112778,Order,2025/09/25,2025/10/01,VND,73300,125000,125000,150000,-25000,0,0,0,-51700,-7950,-13125,0,-40000,6000,34000,0,0,0,0,0,-25000,-25000,0,0,0,0,0,0,0,0,0,0,0,-3750,0,0,0,-1250,-625,0,0,0,0,580519732884112778,159000,0,0,0,0,0,0,0,0,210,210
580518677946599194,Order,2025/09/25,2025/10/01,VND,74500,125000,125000,150000,-25000,0,0,0,-50500,-6750,-13125,0,-40000,30000,10000,0,0,0,0,0,-25000,-25000,0,0,0,0,0,0,0,0,0,0,0,-3750,0,0,0,-1250,-625,0,0,0,0,580518677946599194,135000,0,0,0,0,0,0,0,0,210,210
580517891109258859,Order,2025/09/25,2025/10/01,VND,50500,85000,85000,110000,-25000,0,0,0,-34500,-4750,-8925,0,-40000,30000,10000,0,0,0,0,0,-17000,-17000,0,0,0,0,0,0,0,0,0,0,0,-2550,0,0,0,-850,-425,0,0,0,0,580517891109258859,95000,0,0,0,0,0,0,0,0,110,110
580517463982442304,Order,2025/09/25,2025/10/01,VND,179120,300000,300000,360000,-60000,0,0,0,-120880,-15880,-31500,0,-47600,30000,17600,0,0,0,0,0,-60000,-60000,0,0,0,0,0,0,0,0,0,0,0,-9000,0,0,0,-3000,-1500,0,0,0,0,580517463982442304,317600,0,0,0,0,0,0,0,0,510,510
580515843378415245,Order,2025/09/25,2025/10/01,VND,73300,125000,125000,150000,-25000,0,0,0,-51700,-7950,-13125,0,-40000,6000,34000,0,0,0,0,0,-25000,-25000,0,0,0,0,0,0,0,0,0,0,0,-3750,0,0,0,-1250,-625,0,0,0,0,580515843378415245,159000,0,0,0,0,0,0,0,0,210,210
580514719989138562,Order,2025/09/25,2025/10/01,VND,75000,125000,125000,150000,-25000,0,0,0,-50000,-6250,-13125,0,-30300,30300,0,0,0,0,0,0,-25000,-25000,0,0,0,0,0,0,0,0,0,0,0,-3750,0,0,0,-1250,-625,0,0,0,0,580514719989138562,125000,0,0,0,0,0,0,0,0,210,210
580514660919576129,Order,2025/09/25,2025/10/01,VND,-30300,0,0,0,0,0,0,0,-30300,0,0,-30300,-30300,0,0,0,0,0,0,0,0,0,0,0,0,0,0,0,0,0,0,0,0,0,0,0,0,0,0,0,0,0,0,580514660919576129,0,0,0,0,0,0,0,0,0,100,100
580514608358000354,Order,2025/09/25,2025/10/01,VND,87240,125000,125000,150000,-25000,0,0,0,-37760,-6510,-13125,0,-35200,30000,5200,0,0,0,0,0,0,0,0,-12500,0,0,0,0,0,0,0,0,0,-3750,0,0,0,-1250,-625,0,0,0,0,580514608358000354,130200,0,0,0,0,0,0,0,0,210,210
580512890632570812,Order,2025/09/25,2025/10/01,VND,75000,125000,125000,150000,-25000,0,0,0,-50000,-6250,-13125,0,-36000,36000,0,0,0,0,0,0,-25000,-25000,0,0,0,0,0,0,0,0,0,0,0,-3750,0,0,0,-1250,-625,0,0,0,0,580512890632570812,125000,0,0,0,0,0,0,0,0,210,210
580511200136365717,Order,2025/09/24,2025/10/01,VND,87500,125000,125000,150000,-25000,0,0,0,-37500,-6250,-13125,0,-40000,40000,0,0,0,0,0,0,0,0,0,-12500,0,0,0,0,0,0,0,0,0,-3750,0,0,0,-1250,-625,0,0,0,0,580511200136365717,125000,0,0,0,0,0,0,0,0,210,210
580510415550842397,Order,2025/09/24,2025/10/01,VND,74000,125000,125000,150000,-25000,0,0,0,-51000,-7250,-13125,0,-40000,20000,20000,0,0,0,0,0,-25000,-25000,0,0,0,0,0,0,0,0,0,0,0,-3750,0,0,0,-1250,-625,0,0,0,0,580510415550842397,145000,0,0,0,0,0,0,0,0,210,210
580510176167298736,Order,2025/09/24,2025/10/01,VND,90000,150000,150000,150000,0,0,0,0,-60000,-7500,-15750,0,-40000,40000,0,0,0,0,0,0,-30000,-30000,0,0,0,0,0,0,0,0,0,0,0,-4500,0,0,0,-1500,-750,0,0,0,0,580510176167298736,150000,0,0,0,0,0,0,0,0,210,210
580509388752061492,Order,2025/09/24,2025/10/01,VND,75000,125000,125000,150000,-25000,0,0,0,-50000,-6250,-13125,0,-38000,38000,0,0,0,0,0,0,-25000,-25000,0,0,0,0,0,0,0,0,0,0,0,-3750,0,0,0,-1250,-625,0,0,0,0,580509388752061492,125000,0,0,0,0,0,0,0,0,210,210
580509051059734383,Order,2025/09/24,2025/10/01,VND,74500,125000,125000,150000,-25000,0,0,0,-50500,-6750,-13125,0,-40000,30000,10000,0,0,0,0,0,-25000,-25000,0,0,0,0,0,0,0,0,0,0,0,-3750,0,0,0,-1250,-625,0,0,0,0,580509051059734383,135000,0,0,0,0,0,0,0,0,210,210
580509040406857191,Order,2025/09/24,2025/10/01,VND,188250,300000,300000,360000,-60000,0,0,0,-111750,-13350,-31500,0,-47600,47600,0,0,0,0,0,0,-53400,-53400,0,0,0,0,0,0,0,0,0,0,0,-9000,0,0,0,-3000,-1500,0,0,0,0,580509040406857191,267000,0,0,0,33000,0,0,0,0,510,510
580508924481275864,Order,2025/09/24,2025/10/01,VND,75000,125000,125000,150000,-25000,0,0,0,-50000,-6250,-13125,0,-30300,30300,0,0,0,0,0,0,-25000,-25000,0,0,0,0,0,0,0,0,0,0,0,-3750,0,0,0,-1250,-625,0,0,0,0,580508924481275864,125000,0,0,0,0,0,0,0,0,210,210
580507956397245548,Order,2025/09/24,2025/10/01,VND,180000,300000,300000,360000,-60000,0,0,0,-120000,-15000,-31500,0,-47600,47600,0,0,0,0,0,0,-60000,-60000,0,0,0,0,0,0,0,0,0,0,0,-9000,0,0,0,-3000,-1500,0,0,0,0,580507956397245548,300000,0,0,0,0,0,0,0,0,510,510
580506617463604404,Order,2025/09/24,2025/10/01,VND,59485,85000,85000,110000,-25000,0,0,0,-25515,-4265,-8925,0,-30300,30000,300,0,0,0,0,0,0,0,0,-8500,0,0,0,0,0,0,0,0,0,-2550,0,0,0,-850,-425,0,0,0,0,580506617463604404,85300,0,0,0,0,0,0,0,0,110,110
580505773680395974,Order,2025/09/24,2025/10/01,VND,87000,125000,125000,150000,-25000,0,0,0,-38000,-6750,-13125,0,-40000,30000,10000,0,0,0,0,0,0,0,0,-12500,0,0,0,0,0,0,0,0,0,-3750,0,0,0,-1250,-625,0,0,0,0,580505773680395974,135000,0,0,0,0,0,0,0,0,210,210
580505805947438854,Order,2025/09/24,2025/10/01,VND,59000,85000,85000,110000,-25000,0,0,0,-26000,-4750,-8925,0,-40000,30000,10000,0,0,0,0,0,0,0,0,-8500,0,0,0,0,0,0,0,0,0,-2550,0,0,0,-850,-425,0,0,0,0,580505805947438854,95000,0,0,0,0,0,0,0,0,110,110
580492624892233046,Order,2025/09/23,2025/10/01,VND,105000,150000,150000,150000,0,0,0,0,-45000,-7500,-15750,0,-40000,40000,0,0,0,0,0,0,0,0,0,-15000,0,0,0,0,0,0,0,0,0,-4500,0,0,0,-1500,-750,0,0,0,0,580492624892233046,150000,0,0,0,0,0,0,0,0,210,210
580476225887569495,Order,2025/09/22,2025/10/01,VND,61800,89000,89000,110000,-21000,0,0,0,-27200,-4950,-9345,0,-40000,30000,10000,0,0,0,0,0,0,0,0,-8900,0,0,0,0,0,0,0,0,0,-2670,0,0,0,-890,-445,0,0,0,0,580476225887569495,99000,0,0,0,0,0,0,0,0,110,110
580423982696793155,Order,2025/09/17,2025/10/01,VND,-40000,0,0,0,0,0,0,0,-40000,0,0,-40000,-40000,0,0,0,0,0,0,0,0,0,0,0,0,0,0,0,0,0,0,0,0,0,0,0,0,0,0,0,0,0,0,580423982696793155,0,0,0,0,0,0,0,0,0,110,110
580423129952322749,Order,2025/09/17,2025/10/01,VND,189000,300000,300000,350000,-50000,0,0,0,-111000,-13200,-31500,0,-35100,35100,0,0,0,0,0,0,-52800,-52800,0,0,0,0,0,0,0,0,0,0,0,-9000,0,0,0,-3000,-1500,0,0,0,0,580423129952322749,264000,0,0,0,36000,0,0,0,0,510,510
580532007884916060,Order,2025/09/26,2025/09/30,VND,1059000,1500000,1500000,1800000,-300000,0,0,0,-441000,-72000,-157500,0,-45700,45700,0,0,0,0,0,0,0,0,0,-144000,0,0,0,0,0,0,0,0,0,-45000,0,0,0,-15000,-7500,0,0,0,0,580532007884916060,1440000,0,0,0,60000,0,0,0,0,2530,2530
580529401312609621,Order,2025/09/26,2025/09/30,VND,58790,85000,85000,110000,-25000,0,0,0,-26210,-4960,-8925,0,-26200,12000,14200,0,0,0,0,0,0,0,0,-8500,0,0,0,0,0,0,0,0,0,-2550,0,0,0,-850,-425,0,0,0,0,580529401312609621,99200,0,0,0,0,0,0,0,0,110,110
580527056784229787,Order,2025/09/26,2025/09/30,VND,51000,85000,85000,110000,-25000,0,0,0,-34000,-4250,-8925,0,-26200,26200,0,0,0,0,0,0,-17000,-17000,0,0,0,0,0,0,0,0,0,0,0,-2550,0,0,0,-850,-425,0,0,0,0,580527056784229787,85000,0,0,0,0,0,0,0,0,110,110
580524058248709529,Order,2025/09/25,2025/09/30,VND,105000,150000,150000,150000,0,0,0,0,-45000,-7500,-15750,0,-30300,30300,0,0,0,0,0,0,0,0,0,-15000,0,0,0,0,0,0,0,0,0,-4500,0,0,0,-1500,-750,0,0,0,0,580524058248709529,150000,0,0,0,0,0,0,0,0,210,210
580523676692940413,Order,2025/09/25,2025/09/30,VND,59500,85000,85000,110000,-25000,0,0,0,-25500,-4250,-8925,0,-30300,30300,0,0,0,0,0,0,0,0,0,-8500,0,0,0,0,0,0,0,0,0,-2550,0,0,0,-850,-425,0,0,0,0,580523676692940413,85000,0,0,0,0,0,0,0,0,110,110
580523227164215062,Order,2025/09/25,2025/09/30,VND,87485,125000,125000,150000,-25000,0,0,0,-37515,-6265,-13125,0,-30300,30000,300,0,0,0,0,0,0,0,0,-12500,0,0,0,0,0,0,0,0,0,-3750,0,0,0,-1250,-625,0,0,0,0,580523227164215062,125300,0,0,0,0,0,0,0,0,210,210
580523099764590055,Order,2025/09/25,2025/09/30,VND,75000,125000,125000,150000,-25000,0,0,0,-50000,-6250,-13125,0,-30300,30300,0,0,0,0,0,0,-25000,-25000,0,0,0,0,0,0,0,0,0,0,0,-3750,0,0,0,-1250,-625,0,0,0,0,580523099764590055,125000,0,0,0,0,0,0,0,0,210,210
580516364439094544,Order,2025/09/25,2025/09/30,VND,50985,85000,85000,110000,-25000,0,0,0,-34015,-4265,-8925,0,-30300,30000,300,0,0,0,0,0,-17000,-17000,0,0,0,0,0,0,0,0,0,0,0,-2550,0,0,0,-850,-425,0,0,0,0,580516364439094544,85300,0,0,0,0,0,0,0,0,110,110
580516051347080219,Order,2025/09/25,2025/09/30,VND,75000,125000,125000,150000,-25000,0,0,0,-50000,-6250,-13125,0,-40000,40000,0,0,0,0,0,0,-25000,-25000,0,0,0,0,0,0,0,0,0,0,0,-3750,0,0,0,-1250,-625,0,0,0,0,580516051347080219,125000,0,0,0,0,0,0,0,0,210,210
580514660987274592,Order,2025/09/25,2025/09/30,VND,-30300,0,0,0,0,0,0,0,-30300,0,0,-30300,-30300,0,0,0,0,0,0,0,0,0,0,0,0,0,0,0,0,0,0,0,0,0,0,0,0,0,0,0,0,0,0,580514660987274592,0,0,0,0,0,0,0,0,0,200,200
580514278462556153,Order,2025/09/25,2025/09/30,VND,51000,85000,85000,110000,-25000,0,0,0,-34000,-4250,-8925,0,-35200,35200,0,0,0,0,0,0,-17000,-17000,0,0,0,0,0,0,0,0,0,0,0,-2550,0,0,0,-850,-425,0,0,0,0,580514278462556153,85000,0,0,0,0,0,0,0,0,110,110
580513784566482296,Order,2025/09/25,2025/09/30,VND,49860,85000,85000,110000,-25000,0,0,0,-35140,-5390,-8925,0,-28800,6000,22800,0,0,0,0,0,-17000,-17000,0,0,0,0,0,0,0,0,0,0,0,-2550,0,0,0,-850,-425,0,0,0,0,580513784566482296,107800,0,0,0,0,0,0,0,0,110,110
580513104057501621,Order,2025/09/25,2025/09/30,VND,57800,85000,85000,110000,-25000,0,0,0,-27200,-5950,-8925,0,-40000,6000,34000,0,0,0,0,0,0,0,0,-8500,0,0,0,0,0,0,0,0,0,-2550,0,0,0,-850,-425,0,0,0,0,580513104057501621,119000,0,0,0,0,0,0,0,0,110,110
580509912407967394,Order,2025/09/24,2025/09/30,VND,87500,125000,125000,150000,-25000,0,0,0,-37500,-6250,-13125,0,-26200,26200,0,0,0,0,0,0,0,0,0,-12500,0,0,0,0,0,0,0,0,0,-3750,0,0,0,-1250,-625,0,0,0,0,580509912407967394,125000,0,0,0,0,0,0,0,0,210,210
580509301857027970,Order,2025/09/24,2025/09/30,VND,74500,125000,125000,150000,-25000,0,0,0,-50500,-6750,-13125,0,-40000,30000,10000,0,0,0,0,0,-25000,-25000,0,0,0,0,0,0,0,0,0,0,0,-3750,0,0,0,-1250,-625,0,0,0,0,580509301857027970,135000,0,0,0,0,0,0,0,0,210,210
580509186928182985,Order,2025/09/24,2025/09/30,VND,74985,125000,125000,150000,-25000,0,0,0,-50015,-6265,-13125,0,-30300,30000,300,0,0,0,0,0,-25000,-25000,0,0,0,0,0,0,0,0,0,0,0,-3750,0,0,0,-1250,-625,0,0,0,0,580509186928182985,125300,0,0,0,0,0,0,0,0,210,210
580507761643325322,Order,2025/09/24,2025/09/30,VND,50500,85000,85000,110000,-25000,0,0,0,-34500,-4750,-8925,0,-40000,30000,10000,0,0,0,0,0,-17000,-17000,0,0,0,0,0,0,0,0,0,0,0,-2550,0,0,0,-850,-425,0,0,0,0,580507761643325322,95000,0,0,0,0,0,0,0,0,110,110
580506916468590425,Order,2025/09/24,2025/09/30,VND,102000,170000,170000,220000,-50000,0,0,0,-68000,-8500,-17850,0,-40000,40000,0,0,0,0,0,0,-34000,-34000,0,0,0,0,0,0,0,0,0,0,0,-5100,0,0,0,-1700,-850,0,0,0,0,580506916468590425,170000,0,0,0,0,0,0,0,0,210,210
580506111351490044,Order,2025/09/24,2025/09/30,VND,50500,85000,85000,110000,-25000,0,0,0,-34500,-4750,-8925,0,-40000,30000,10000,0,0,0,0,0,-17000,-17000,0,0,0,0,0,0,0,0,0,0,0,-2550,0,0,0,-850,-425,0,0,0,0,580506111351490044,95000,0,0,0,0,0,0,0,0,110,110
580505693878977938,Order,2025/09/24,2025/09/30,VND,-40000,0,0,0,0,0,0,0,-40000,0,0,-40000,-40000,0,0,0,0,0,0,0,0,0,0,0,0,0,0,0,0,0,0,0,0,0,0,0,0,0,0,0,0,0,0,580505693878977938,0,0,0,0,0,0,0,0,0,500,500
580505692933490410,Order,2025/09/24,2025/09/30,VND,-40000,0,0,0,0,0,0,0,-40000,0,0,-40000,-40000,0,0,0,0,0,0,0,0,0,0,0,0,0,0,0,0,0,0,0,0,0,0,0,0,0,0,0,0,0,0,580505692933490410,0,0,0,0,0,0,0,0,0,500,500
580505693878912227,Order,2025/09/24,2025/09/30,VND,-40000,0,0,0,0,0,0,0,-40000,0,0,-40000,-40000,0,0,0,0,0,0,0,0,0,0,0,0,0,0,0,0,0,0,0,0,0,0,0,0,0,0,0,0,0,0,580505693878912227,0,0,0,0,0,0,0,0,0,500,500
580505410930116099,Order,2025/09/24,2025/09/30,VND,87485,125000,125000,150000,-25000,0,0,0,-37515,-6265,-13125,0,-30300,30000,300,0,0,0,0,0,0,0,0,-12500,0,0,0,0,0,0,0,0,0,-3750,0,0,0,-1250,-625,0,0,0,0,580505410930116099,125300,0,0,0,0,0,0,0,0,210,210
580504152651040271,Order,2025/09/24,2025/09/30,VND,75000,125000,125000,150000,-25000,0,0,0,-50000,-6250,-13125,0,-40000,40000,0,0,0,0,0,0,-25000,-25000,0,0,0,0,0,0,0,0,0,0,0,-3750,0,0,0,-1250,-625,0,0,0,0,580504152651040271,125000,0,0,0,0,0,0,0,0,210,210
580501632939165683,Order,2025/09/24,2025/09/30,VND,297500,425000,425000,550000,-125000,0,0,0,-127500,-21250,-44625,0,-47600,47600,0,0,0,0,0,0,0,0,0,-42500,0,0,0,0,0,0,0,0,0,-12750,0,0,0,-4250,-2125,0,0,0,0,580501632939165683,425000,0,0,0,0,0,0,0,0,510,510
580501633567065574,Order,2025/09/24,2025/09/30,VND,50500,85000,85000,110000,-25000,0,0,0,-34500,-4750,-8925,0,-40000,30000,10000,0,0,0,0,0,-17000,-17000,0,0,0,0,0,0,0,0,0,0,0,-2550,0,0,0,-850,-425,0,0,0,0,580501633567065574,95000,0,0,0,0,0,0,0,0,110,110
580500112746055206,Order,2025/09/24,2025/09/30,VND,50740,85000,85000,110000,-25000,0,0,0,-34260,-4510,-8925,0,-35200,30000,5200,0,0,0,0,0,-17000,-17000,0,0,0,0,0,0,0,0,0,0,0,-2550,0,0,0,-850,-425,0,0,0,0,580500112746055206,90200,0,0,0,0,0,0,0,0,110,110
580500096403736102,Order,2025/09/24,2025/09/30,VND,50740,85000,85000,110000,-25000,0,0,0,-34260,-4510,-8925,0,-35200,30000,5200,0,0,0,0,0,-17000,-17000,0,0,0,0,0,0,0,0,0,0,0,-2550,0,0,0,-850,-425,0,0,0,0,580500096403736102,90200,0,0,0,0,0,0,0,0,110,110
580497722905297938,Order,2025/09/23,2025/09/30,VND,87500,125000,125000,150000,-25000,0,0,0,-37500,-6250,-13125,0,-40000,40000,0,0,0,0,0,0,0,0,0,-12500,0,0,0,0,0,0,0,0,0,-3750,0,0,0,-1250,-625,0,0,0,0,580497722905297938,125000,0,0,0,0,0,0,0,0,210,210
580496238227195403,Order,2025/09/23,2025/09/30,VND,109200,156000,156000,220000,-64000,0,0,0,-46800,-7800,-16380,0,-23600,23600,0,0,0,0,0,0,0,0,0,-15600,0,0,0,0,0,0,0,0,0,-4680,0,0,0,-1560,-780,0,0,0,0,580496238227195403,156000,0,0,0,0,0,0,0,0,210,210
580494516910130443,Order,2025/09/23,2025/09/30,VND,46800,78000,78000,110000,-32000,0,0,0,-31200,-3900,-8190,0,-30300,30300,0,0,0,0,0,0,-15600,-15600,0,0,0,0,0,0,0,0,0,0,0,-2340,0,0,0,-780,-390,0,0,0,0,580494516910130443,78000,0,0,0,0,0,0,0,0,100,100
580491468248286673,Order,2025/09/23,2025/09/30,VND,89985,150000,150000,150000,0,0,0,0,-60015,-7515,-15750,0,-30300,30000,300,0,0,0,0,0,-30000,-30000,0,0,0,0,0,0,0,0,0,0,0,-4500,0,0,0,-1500,-750,0,0,0,0,580491468248286673,150300,0,0,0,0,0,0,0,0,210,210
580461219507767232,Order,2025/09/20,2025/09/30,VND,56055,89000,89000,110000,-21000,0,0,0,-32945,-3931,-9345,0,-30300,30000,300,0,0,0,0,0,-15664,-15664,0,0,0,0,0,0,0,0,0,0,0,-2670,0,0,0,-890,-445,0,0,0,0,580461219507767232,78620,0,0,0,10680,0,0,0,0,110,110
580360431464515564,Order,2025/09/12,2025/09/30,VND,-40000,0,0,0,0,0,0,0,-40000,0,0,-40000,-40000,0,0,0,0,0,0,0,0,0,0,0,0,0,0,0,0,0,0,0,0,0,0,0,0,0,0,0,0,0,0,580360431464515564,0,0,0,0,0,0,0,0,0,210,210
580511386477299037,Order,2025/09/24,2025/09/29,VND,75000,125000,125000,150000,-25000,0,0,0,-50000,-6250,-13125,0,-30300,30300,0,0,0,0,0,0,-25000,-25000,0,0,0,0,0,0,0,0,0,0,0,-3750,0,0,0,-1250,-625,0,0,0,0,580511386477299037,125000,0,0,0,0,0,0,0,0,210,210
580511316499006549,Order,2025/09/24,2025/09/29,VND,59500,85000,85000,110000,-25000,0,0,0,-25500,-4250,-8925,0,-26200,26200,0,0,0,0,0,0,0,0,0,-8500,0,0,0,0,0,0,0,0,0,-2550,0,0,0,-850,-425,0,0,0,0,580511316499006549,85000,0,0,0,0,0,0,0,0,110,110
580505692950201975,Order,2025/09/24,2025/09/29,VND,-30300,0,0,0,0,0,0,0,-30300,0,0,-30300,-30300,0,0,0,0,0,0,0,0,0,0,0,0,0,0,0,0,0,0,0,0,0,0,0,0,0,0,0,0,0,0,580505692950201975,0,0,0,0,0,0,0,0,0,100,100
580504222042523404,Order,2025/09/24,2025/09/29,VND,207620,300000,300000,360000,-60000,0,0,0,-92380,-17380,-31500,0,-47600,0,47600,0,0,0,0,0,0,0,0,-30000,0,0,0,0,0,0,0,0,0,-9000,0,0,0,-3000,-1500,0,0,0,0,580504222042523404,347600,0,0,0,0,0,0,0,0,510,510
580503134639589077,Order,2025/09/24,2025/09/29,VND,50740,85000,85000,110000,-25000,0,0,0,-34260,-4510,-8925,0,-35200,30000,5200,0,0,0,0,0,-17000,-17000,0,0,0,0,0,0,0,0,0,0,0,-2550,0,0,0,-850,-425,0,0,0,0,580503134639589077,90200,0,0,0,0,0,0,0,0,110,110
580502979587114114,Order,2025/09/24,2025/09/29,VND,186750,300000,300000,360000,-60000,0,0,0,-113250,-13650,-31500,0,-35100,35100,0,0,0,0,0,0,-54600,-54600,0,0,0,0,0,0,0,0,0,0,0,-9000,0,0,0,-3000,-1500,0,0,0,0,580502979587114114,273000,0,0,0,27000,0,0,0,0,510,510
580502675175736958,Order,2025/09/24,2025/09/29,VND,59240,85000,85000,110000,-25000,0,0,0,-25760,-4510,-8925,0,-35200,30000,5200,0,0,0,0,0,0,0,0,-8500,0,0,0,0,0,0,0,0,0,-2550,0,0,0,-850,-425,0,0,0,0,580502675175736958,90200,0,0,0,0,0,0,0,0,110,110
580501912162895129,Order,2025/09/24,2025/09/29,VND,-40000,0,0,0,0,0,0,0,-40000,0,0,-40000,-40000,0,0,0,0,0,0,0,0,0,0,0,0,0,0,0,0,0,0,0,0,0,0,0,0,0,0,0,0,0,0,580501912162895129,0,0,0,0,0,0,0,0,0,100,100
580501936915973866,Order,2025/09/24,2025/09/29,VND,-34000,0,0,0,0,0,0,0,-34000,0,0,-34000,-34000,0,0,0,0,0,0,0,0,0,0,0,0,0,0,0,0,0,0,0,0,0,0,0,0,0,0,0,0,0,0,580501936915973866,0,0,0,0,0,0,0,0,0,100,100
580501921880179838,Order,2025/09/24,2025/09/29,VND,-35200,0,0,0,0,0,0,0,-35200,0,0,-35200,-35200,0,0,0,0,0,0,0,0,0,0,0,0,0,0,0,0,0,0,0,0,0,0,0,0,0,0,0,0,0,0,580501921880179838,0,0,0,0,0,0,0,0,0,100,100
580501914807010505,Order,2025/09/24,2025/09/29,VND,-40000,0,0,0,0,0,0,0,-40000,0,0,-40000,-40000,0,0,0,0,0,0,0,0,0,0,0,0,0,0,0,0,0,0,0,0,0,0,0,0,0,0,0,0,0,0,580501914807010505,0,0,0,0,0,0,0,0,0,300,300
580501557454407095,Order,2025/09/24,2025/09/29,VND,150000,250000,250000,300000,-50000,0,0,0,-100000,-12500,-26250,0,-30300,30300,0,0,0,0,0,0,-50000,-50000,0,0,0,0,0,0,0,0,0,0,0,-7500,0,0,0,-2500,-1250,0,0,0,0,580501557454407095,250000,0,0,0,0,0,0,0,0,410,410
580501349416928680,Order,2025/09/24,2025/09/29,VND,150000,250000,250000,300000,-50000,0,0,0,-100000,-12500,-26250,0,-40000,40000,0,0,0,0,0,0,-50000,-50000,0,0,0,0,0,0,0,0,0,0,0,-7500,0,0,0,-2500,-1250,0,0,0,0,580501349416928680,250000,0,0,0,0,0,0,0,0,410,410
580501213033367067,Order,2025/09/24,2025/09/29,VND,75000,125000,125000,150000,-25000,0,0,0,-50000,-6250,-13125,0,-40000,40000,0,0,0,0,0,0,-25000,-25000,0,0,0,0,0,0,0,0,0,0,0,-3750,0,0,0,-1250,-625,0,0,0,0,580501213033367067,125000,0,0,0,0,0,0,0,0,210,210
580499108905518433,Order,2025/09/23,2025/09/29,VND,51000,85000,85000,110000,-25000,0,0,0,-34000,-4250,-8925,0,-26200,26200,0,0,0,0,0,0,-17000,-17000,0,0,0,0,0,0,0,0,0,0,0,-2550,0,0,0,-850,-425,0,0,0,0,580499108905518433,85000,0,0,0,0,0,0,0,0,110,110
580498388131874182,Order,2025/09/23,2025/09/29,VND,51000,85000,85000,110000,-25000,0,0,0,-34000,-4250,-8925,0,-30300,30300,0,0,0,0,0,0,-17000,-17000,0,0,0,0,0,0,0,0,0,0,0,-2550,0,0,0,-850,-425,0,0,0,0,580498388131874182,85000,0,0,0,0,0,0,0,0,110,110
580498120523089601,Order,2025/09/23,2025/09/29,VND,213600,300000,300000,360000,-60000,0,0,0,-86400,-13800,-31500,0,-40000,40000,0,0,0,0,0,0,0,0,0,-27600,0,0,0,0,0,0,0,0,0,-9000,0,0,0,-3000,-1500,0,0,0,0,580498120523089601,276000,0,0,0,24000,0,0,0,0,500,500
580497539739780280,Order,2025/09/23,2025/09/29,VND,75000,125000,125000,150000,-25000,0,0,0,-50000,-6250,-13125,0,-19700,19700,0,0,0,0,0,0,-25000,-25000,0,0,0,0,0,0,0,0,0,0,0,-3750,0,0,0,-1250,-625,0,0,0,0,580497539739780280,125000,0,0,0,0,0,0,0,0,210,210
580497365182481594,Order,2025/09/23,2025/09/29,VND,51000,85000,85000,110000,-25000,0,0,0,-34000,-4250,-8925,0,-30300,30300,0,0,0,0,0,0,-17000,-17000,0,0,0,0,0,0,0,0,0,0,0,-2550,0,0,0,-850,-425,0,0,0,0,580497365182481594,85000,0,0,0,0,0,0,0,0,110,110
580496904637679099,Order,2025/09/23,2025/09/29,VND,381000,600000,600000,720000,-120000,0,0,0,-219000,-25800,-63000,0,-33500,33500,0,0,0,0,0,0,-103200,-103200,0,0,0,0,0,0,0,0,0,0,0,-18000,0,0,0,-6000,-3000,0,0,0,0,580496904637679099,516000,0,0,0,84000,0,0,0,0,1030,1030
580496794314900811,Order,2025/09/23,2025/09/29,VND,186000,300000,300000,360000,-60000,0,0,0,-114000,-13800,-31500,0,-47600,47600,0,0,0,0,0,0,-55200,-55200,0,0,0,0,0,0,0,0,0,0,0,-9000,0,0,0,-3000,-1500,0,0,0,0,580496794314900811,276000,0,0,0,24000,0,0,0,0,510,510
580496543058331622,Order,2025/09/23,2025/09/29,VND,87500,125000,125000,150000,-25000,0,0,0,-37500,-6250,-13125,0,-28200,28200,0,0,0,0,0,0,0,0,0,-12500,0,0,0,0,0,0,0,0,0,-3750,0,0,0,-1250,-625,0,0,0,0,580496543058331622,125000,0,0,0,0,0,0,0,0,210,210
580496123671709013,Order,2025/09/23,2025/09/29,VND,46300,78000,78000,110000,-32000,0,0,0,-31700,-4400,-8190,0,-40000,30000,10000,0,0,0,0,0,-15600,-15600,0,0,0,0,0,0,0,0,0,0,0,-2340,0,0,0,-780,-390,0,0,0,0,580496123671709013,88000,0,0,0,0,0,0,0,0,100,100
580496079193802068,Order,2025/09/23,2025/09/29,VND,54340,78000,78000,110000,-32000,0,0,0,-23660,-4160,-8190,0,-35200,30000,5200,0,0,0,0,0,0,0,0,-7800,0,0,0,0,0,0,0,0,0,-2340,0,0,0,-780,-390,0,0,0,0,580496079193802068,83200,0,0,0,0,0,0,0,0,100,100
580494391300818364,Order,2025/09/23,2025/09/29,VND,105000,150000,150000,150000,0,0,0,0,-45000,-7500,-15750,0,-29900,29900,0,0,0,0,0,0,0,0,0,-15000,0,0,0,0,0,0,0,0,0,-4500,0,0,0,-1500,-750,0,0,0,0,580494391300818364,150000,0,0,0,0,0,0,0,0,210,210
580493807848031356,Order,2025/09/23,2025/09/29,VND,54100,78000,78000,110000,-32000,0,0,0,-23900,-4400,-8190,0,-40000,30000,10000,0,0,0,0,0,0,0,0,-7800,0,0,0,0,0,0,0,0,0,-2340,0,0,0,-780,-390,0,0,0,0,580493807848031356,88000,0,0,0,0,0,0,0,0,100,100
580493535646090335,Order,2025/09/23,2025/09/29,VND,46300,78000,78000,110000,-32000,0,0,0,-31700,-4400,-8190,0,-40000,30000,10000,0,0,0,0,0,-15600,-15600,0,0,0,0,0,0,0,0,0,0,0,-2340,0,0,0,-780,-390,0,0,0,0,580493535646090335,88000,0,0,0,0,0,0,0,0,100,100
580491177637807858,Order,2025/09/23,2025/09/29,VND,44800,78000,78000,110000,-32000,0,0,0,-33200,-5900,-8190,0,-40000,0,40000,0,0,0,0,0,-15600,-15600,0,0,0,0,0,0,0,0,0,0,0,-2340,0,0,0,-780,-390,0,0,0,0,580491177637807858,118000,0,0,0,0,0,0,0,0,100,100
580491131041186857,Order,2025/09/23,2025/09/29,VND,46300,78000,78000,110000,-32000,0,0,0,-31700,-4400,-8190,0,-40000,30000,10000,0,0,0,0,0,-15600,-15600,0,0,0,0,0,0,0,0,0,0,0,-2340,0,0,0,-780,-390,0,0,0,0,580491131041186857,88000,0,0,0,0,0,0,0,0,100,100
580490021078861031,Order,2025/09/23,2025/09/29,VND,109200,156000,156000,220000,-64000,0,0,0,-46800,-7800,-16380,0,-35200,35200,0,0,0,0,0,0,0,0,0,-15600,0,0,0,0,0,0,0,0,0,-4680,0,0,0,-1560,-780,0,0,0,0,580490021078861031,156000,0,0,0,0,0,0,0,0,210,210
580486570944660498,Order,2025/09/22,2025/09/29,VND,46800,78000,78000,110000,-32000,0,0,0,-31200,-3900,-8190,0,-40000,40000,0,0,0,0,0,0,-15600,-15600,0,0,0,0,0,0,0,0,0,0,0,-2340,0,0,0,-780,-390,0,0,0,0,580486570944660498,78000,0,0,0,0,0,0,0,0,100,100
580485003068212602,Order,2025/09/22,2025/09/29,VND,61800,89000,89000,110000,-21000,0,0,0,-27200,-4950,-9345,0,-40000,30000,10000,0,0,0,0,0,0,0,0,-8900,0,0,0,0,0,0,0,0,0,-2670,0,0,0,-890,-445,0,0,0,0,580485003068212602,99000,0,0,0,0,0,0,0,0,100,100
580484115267618076,Order,2025/09/22,2025/09/29,VND,53400,89000,89000,110000,-21000,0,0,0,-35600,-4450,-9345,0,-28200,28200,0,0,0,0,0,0,-17800,-17800,0,0,0,0,0,0,0,0,0,0,0,-2670,0,0,0,-890,-445,0,0,0,0,580484115267618076,89000,0,0,0,0,0,0,0,0,110,110
580480499319211862,Order,2025/09/22,2025/09/29,VND,61800,89000,89000,110000,-21000,0,0,0,-27200,-4950,-9345,0,-40000,30000,10000,0,0,0,0,0,0,0,0,-8900,0,0,0,0,0,0,0,0,0,-2670,0,0,0,-890,-445,0,0,0,0,580480499319211862,99000,0,0,0,0,0,0,0,0,110,110
580464360934966620,Order,2025/09/21,2025/09/29,VND,52900,89000,89000,110000,-21000,0,0,0,-36100,-4950,-9345,0,-40000,30000,10000,0,0,0,0,0,-17800,-17800,0,0,0,0,0,0,0,0,0,0,0,-2670,0,0,0,-890,-445,0,0,0,0,580464360934966620,99000,0,0,0,0,0,0,0,0,110,110
580464168482211080,Order,2025/09/21,2025/09/29,VND,70700,89000,89000,110000,-21000,0,0,0,-18300,-4950,-9345,0,-40000,30000,10000,0,0,0,0,0,0,0,0,0,0,0,0,0,0,0,0,0,0,-2670,0,0,0,-890,-445,0,0,0,0,580464168482211080,99000,0,0,0,0,0,0,0,0,110,110
580386468776543615,Order,2025/09/14,2025/09/29,VND,-40000,0,0,0,0,0,0,0,-40000,0,0,-40000,-40000,0,0,0,0,0,0,0,0,0,0,0,0,0,0,0,0,0,0,0,0,0,0,0,0,0,0,0,0,0,0,580386468776543615,0,0,0,0,0,0,0,0,0,100,100
7554834888056407809,Logistics reimbursement,2025/09/28,2025/09/28,VND,85000,0,0,0,0,0,0,0,0,0,0,0,0,0,0,0,0,0,0,0,0,0,0,0,0,0,0,0,0,0,0,0,0,0,0,0,0,0,0,0,0,0,85000,580412829508994164,0,0,0,0,0,0,0,0,0,0,0
580503736059790792,Order,2025/09/24,2025/09/28,VND,59485,85000,85000,110000,-25000,0,0,0,-25515,-4265,-8925,0,-30300,30000,300,0,0,0,0,0,0,0,0,-8500,0,0,0,0,0,0,0,0,0,-2550,0,0,0,-850,-425,0,0,0,0,580503736059790792,85300,0,0,0,0,0,0,0,0,110,110
580502336514393246,Order,2025/09/24,2025/09/28,VND,50985,85000,85000,110000,-25000,0,0,0,-34015,-4265,-8925,0,-30300,30000,300,0,0,0,0,0,-17000,-17000,0,0,0,0,0,0,0,0,0,0,0,-2550,0,0,0,-850,-425,0,0,0,0,580502336514393246,85300,0,0,0,0,0,0,0,0,110,110
580493744353478488,Order,2025/09/23,2025/09/28,VND,54100,78000,78000,110000,-32000,0,0,0,-23900,-4400,-8190,0,-40000,30000,10000,0,0,0,0,0,0,0,0,-7800,0,0,0,0,0,0,0,0,0,-2340,0,0,0,-780,-390,0,0,0,0,580493744353478488,88000,0,0,0,0,0,0,0,0,100,100
580493204476168154,Order,2025/09/23,2025/09/28,VND,106000,150000,150000,150000,0,0,0,0,-44000,-7500,-15750,0,-40000,30000,10000,0,0,0,0,0,0,0,0,-14000,0,0,0,0,0,0,0,0,0,-4500,0,0,0,-1500,-750,0,0,0,0,580493204476168154,150000,0,0,0,10000,0,0,0,0,210,210
580492954542704046,Order,2025/09/23,2025/09/28,VND,91900,156000,156000,220000,-64000,0,0,0,-64100,-9500,-16380,0,-40000,6000,34000,0,0,0,0,0,-31200,-31200,0,0,0,0,0,0,0,0,0,0,0,-4680,0,0,0,-1560,-780,0,0,0,0,580492954542704046,190000,0,0,0,0,0,0,0,0,210,210
580492464134194451,Order,2025/09/23,2025/09/28,VND,46540,78000,78000,110000,-32000,0,0,0,-31460,-4160,-8190,0,-35200,30000,5200,0,0,0,0,0,-15600,-15600,0,0,0,0,0,0,0,0,0,0,0,-2340,0,0,0,-780,-390,0,0,0,0,580492464134194451,83200,0,0,0,0,0,0,0,0,100,100
580492415200363604,Order,2025/09/23,2025/09/28,VND,105000,150000,150000,150000,0,0,0,0,-45000,-7500,-15750,0,-30300,30300,0,0,0,0,0,0,0,0,0,-15000,0,0,0,0,0,0,0,0,0,-4500,0,0,0,-1500,-750,0,0,0,0,580492415200363604,150000,0,0,0,0,0,0,0,0,210,210
580492133083678152,Order,2025/09/23,2025/09/28,VND,106500,150000,150000,150000,0,0,0,0,-43500,-7000,-15750,0,-40000,40000,0,0,0,0,0,0,0,0,0,-14000,0,0,0,0,0,0,0,0,0,-4500,0,0,0,-1500,-750,0,0,0,0,580492133083678152,140000,0,0,0,10000,0,0,0,0,210,210
580492039805110130,Order,2025/09/23,2025/09/28,VND,94125,150000,150000,150000,0,0,0,0,-55875,-6675,-15750,0,-19700,19700,0,0,0,0,0,0,-26700,-26700,0,0,0,0,0,0,0,0,0,0,0,-4500,0,0,0,-1500,-750,0,0,0,0,580492039805110130,133500,0,0,0,16500,0,0,0,0,210,210
580491419276773327,Order,2025/09/23,2025/09/28,VND,47260,78000,78000,110000,-32000,0,0,0,-30740,-4220,-8190,0,-30300,20000,10300,0,0,0,0,0,-14820,-14820,0,0,0,0,0,0,0,0,0,0,0,-2340,0,0,0,-780,-390,0,0,0,0,580491419276773327,84400,0,0,0,3900,0,0,0,0,100,100
580491112685864672,Order,2025/09/23,2025/09/28,VND,108940,156000,156000,220000,-64000,0,0,0,-47060,-8060,-16380,0,-35200,30000,5200,0,0,0,0,0,0,0,0,-15600,0,0,0,0,0,0,0,0,0,-4680,0,0,0,-1560,-780,0,0,0,0,580491112685864672,161200,0,0,0,0,0,0,0,0,210,210
580490665552217409,Order,2025/09/23,2025/09/28,VND,-40000,0,0,0,0,0,0,0,-40000,0,0,-40000,-40000,0,0,0,0,0,0,0,0,0,0,0,0,0,0,0,0,0,0,0,0,0,0,0,0,0,0,0,0,0,0,580490665552217409,0,0,0,0,0,0,0,0,0,100,100
580490354526619003,Order,2025/09/23,2025/09/28,VND,46785,78000,78000,110000,-32000,0,0,0,-31215,-3915,-8190,0,-30300,30000,300,0,0,0,0,0,-15600,-15600,0,0,0,0,0,0,0,0,0,0,0,-2340,0,0,0,-780,-390,0,0,0,0,580490354526619003,78300,0,0,0,0,0,0,0,0,100,100
580489442443953667,Order,2025/09/23,2025/09/28,VND,45200,78000,78000,110000,-32000,0,0,0,-32800,-5500,-8190,0,-38000,6000,32000,0,0,0,0,0,-15600,-15600,0,0,0,0,0,0,0,0,0,0,0,-2340,0,0,0,-780,-390,0,0,0,0,580489442443953667,110000,0,0,0,0,0,0,0,0,100,100
580489056943703087,Order,2025/09/23,2025/09/28,VND,108700,156000,156000,220000,-64000,0,0,0,-47300,-8300,-16380,0,-40000,30000,10000,0,0,0,0,0,0,0,0,-15600,0,0,0,0,0,0,0,0,0,-4680,0,0,0,-1560,-780,0,0,0,0,580489056943703087,166000,0,0,0,0,0,0,0,0,210,210
580488528740058159,Order,2025/09/23,2025/09/28,VND,46300,78000,78000,110000,-32000,0,0,0,-31700,-4400,-8190,0,-40000,30000,10000,0,0,0,0,0,-15600,-15600,0,0,0,0,0,0,0,0,0,0,0,-2340,0,0,0,-780,-390,0,0,0,0,580488528740058159,88000,0,0,0,0,0,0,0,0,100,100
580486001179723250,Order,2025/09/22,2025/09/28,VND,52900,89000,89000,110000,-21000,0,0,0,-36100,-4950,-9345,0,-40000,30000,10000,0,0,0,0,0,-17800,-17800,0,0,0,0,0,0,0,0,0,0,0,-2670,0,0,0,-890,-445,0,0,0,0,580486001179723250,99000,0,0,0,0,0,0,0,0,100,100
580485342372725770,Order,2025/09/22,2025/09/28,VND,61900,89000,89000,110000,-21000,0,0,0,-27100,-4850,-9345,0,-38000,30000,8000,0,0,0,0,0,0,0,0,-8900,0,0,0,0,0,0,0,0,0,-2670,0,0,0,-890,-445,0,0,0,0,580485342372725770,97000,0,0,0,0,0,0,0,0,110,110
580485167114060960,Order,2025/09/22,2025/09/28,VND,53400,89000,89000,110000,-21000,0,0,0,-35600,-4450,-9345,0,-40000,40000,0,0,0,0,0,0,-17800,-17800,0,0,0,0,0,0,0,0,0,0,0,-2670,0,0,0,-890,-445,0,0,0,0,580485167114060960,89000,0,0,0,0,0,0,0,0,110,110
580484704265930125,Order,2025/09/22,2025/09/28,VND,52900,89000,89000,110000,-21000,0,0,0,-36100,-4950,-9345,0,-40000,30000,10000,0,0,0,0,0,-17800,-17800,0,0,0,0,0,0,0,0,0,0,0,-2670,0,0,0,-890,-445,0,0,0,0,580484704265930125,99000,0,0,0,0,0,0,0,0,110,110
580484487461045878,Order,2025/09/22,2025/09/28,VND,55848,89000,89000,110000,-21000,0,0,0,-33152,-3960,-9345,0,-35200,35200,0,0,0,0,0,0,-15842,-15842,0,0,0,0,0,0,0,0,0,0,0,-2670,0,0,0,-890,-445,0,0,0,0,580484487461045878,79210,0,0,0,9790,0,0,0,0,110,110
580484065443743596,Order,2025/09/22,2025/09/28,VND,52900,89000,89000,110000,-21000,0,0,0,-36100,-4950,-9345,0,-40000,30000,10000,0,0,0,0,0,-17800,-17800,0,0,0,0,0,0,0,0,0,0,0,-2670,0,0,0,-890,-445,0,0,0,0,580484065443743596,99000,0,0,0,0,0,0,0,0,110,110
580482168660591903,Order,2025/09/22,2025/09/28,VND,61900,89000,89000,110000,-21000,0,0,0,-27100,-4850,-9345,0,-38000,30000,8000,0,0,0,0,0,0,0,0,-8900,0,0,0,0,0,0,0,0,0,-2670,0,0,0,-890,-445,0,0,0,0,580482168660591903,97000,0,0,0,0,0,0,0,0,110,110
580481977090737409,Order,2025/09/22,2025/09/28,VND,52885,89000,89000,110000,-21000,0,0,0,-36115,-4965,-9345,0,-30300,20000,10300,0,0,0,0,0,-17800,-17800,0,0,0,0,0,0,0,0,0,0,0,-2670,0,0,0,-890,-445,0,0,0,0,580481977090737409,99300,0,0,0,0,0,0,0,0,110,110
580481559175136349,Order,2025/09/22,2025/09/28,VND,60300,89000,89000,110000,-21000,0,0,0,-28700,-6450,-9345,0,-40000,0,40000,0,0,0,0,0,0,0,0,-8900,0,0,0,0,0,0,0,0,0,-2670,0,0,0,-890,-445,0,0,0,0,580481559175136349,129000,0,0,0,0,0,0,0,0,110,110
580480928000607705,Order,2025/09/22,2025/09/28,VND,52900,89000,89000,110000,-21000,0,0,0,-36100,-4950,-9345,0,-40000,30000,10000,0,0,0,0,0,-17800,-17800,0,0,0,0,0,0,0,0,0,0,0,-2670,0,0,0,-890,-445,0,0,0,0,580480928000607705,99000,0,0,0,0,0,0,0,0,110,110
580480766378542725,Order,2025/09/22,2025/09/28,VND,62000,89000,89000,110000,-21000,0,0,0,-27000,-4750,-9345,0,-36000,30000,6000,0,0,0,0,0,0,0,0,-8900,0,0,0,0,0,0,0,0,0,-2670,0,0,0,-890,-445,0,0,0,0,580480766378542725,95000,0,0,0,0,0,0,0,0,110,110
580480406703342733,Order,2025/09/22,2025/09/28,VND,53300,89000,89000,110000,-21000,0,0,0,-35700,-4550,-9345,0,-32000,30000,2000,0,0,0,0,0,-17800,-17800,0,0,0,0,0,0,0,0,0,0,0,-2670,0,0,0,-890,-445,0,0,0,0,580480406703342733,91000,0,0,0,0,0,0,0,0,110,110
580480205524731148,Order,2025/09/22,2025/09/28,VND,426925,600000,600000,720000,-120000,0,0,0,-173075,-27875,-63000,0,-35500,30000,5500,0,0,0,0,0,0,0,0,-55200,0,0,0,0,0,0,0,0,0,-18000,0,0,0,-6000,-3000,0,0,0,0,580480205524731148,557500,0,0,0,48000,0,0,0,0,1030,1030
580480095102010457,Order,2025/09/22,2025/09/28,VND,62285,89000,89000,110000,-21000,0,0,0,-26715,-4465,-9345,0,-30300,30000,300,0,0,0,0,0,0,0,0,-8900,0,0,0,0,0,0,0,0,0,-2670,0,0,0,-890,-445,0,0,0,0,580480095102010457,89300,0,0,0,0,0,0,0,0,110,110
580480078177600768,Order,2025/09/22,2025/09/28,VND,52900,89000,89000,110000,-21000,0,0,0,-36100,-4950,-9345,0,-40000,30000,10000,0,0,0,0,0,-17800,-17800,0,0,0,0,0,0,0,0,0,0,0,-2670,0,0,0,-890,-445,0,0,0,0,580480078177600768,99000,0,0,0,0,0,0,0,0,110,110
580480038307071484,Order,2025/09/22,2025/09/28,VND,61800,89000,89000,110000,-21000,0,0,0,-27200,-4950,-9345,0,-40000,30000,10000,0,0,0,0,0,0,0,0,-8900,0,0,0,0,0,0,0,0,0,-2670,0,0,0,-890,-445,0,0,0,0,580480038307071484,99000,0,0,0,0,0,0,0,0,110,110
580479248017360262,Order,2025/09/22,2025/09/28,VND,52900,89000,89000,110000,-21000,0,0,0,-36100,-4950,-9345,0,-40000,30000,10000,0,0,0,0,0,-17800,-17800,0,0,0,0,0,0,0,0,0,0,0,-2670,0,0,0,-890,-445,0,0,0,0,580479248017360262,99000,0,0,0,0,0,0,0,0,110,110
580479266688435288,Order,2025/09/22,2025/09/28,VND,189000,300000,300000,360000,-60000,0,0,0,-111000,-13200,-31500,0,-35100,35100,0,0,0,0,0,0,-52800,-52800,0,0,0,0,0,0,0,0,0,0,0,-9000,0,0,0,-3000,-1500,0,0,0,0,580479266688435288,264000,0,0,0,36000,0,0,0,0,510,510
580478600641217602,Order,2025/09/22,2025/09/28,VND,62200,89000,89000,110000,-21000,0,0,0,-26800,-4550,-9345,0,-32000,30000,2000,0,0,0,0,0,0,0,0,-8900,0,0,0,0,0,0,0,0,0,-2670,0,0,0,-890,-445,0,0,0,0,580478600641217602,91000,0,0,0,0,0,0,0,0,110,110
580478041195120493,Order,2025/09/22,2025/09/28,VND,-30300,0,0,0,0,0,0,0,-30300,0,0,-30300,-30300,0,0,0,0,0,0,0,0,0,0,0,0,0,0,0,0,0,0,0,0,0,0,0,0,0,0,0,0,0,0,580478041195120493,0,0,0,0,0,0,0,0,0,500,500
580473746087445982,Order,2025/09/21,2025/09/28,VND,189000,300000,300000,360000,-60000,0,0,0,-111000,-13200,-31500,0,-47600,47600,0,0,0,0,0,0,-52800,-52800,0,0,0,0,0,0,0,0,0,0,0,-9000,0,0,0,-3000,-1500,0,0,0,0,580473746087445982,264000,0,0,0,36000,0,0,0,0,510,510
580473237180286489,Order,2025/09/21,2025/09/28,VND,105500,178000,178000,220000,-42000,0,0,0,-72500,-10200,-18690,0,-40000,14000,26000,0,0,0,0,0,-35600,-35600,0,0,0,0,0,0,0,0,0,0,0,-5340,0,0,0,-1780,-890,0,0,0,0,580473237180286489,204000,0,0,0,0,0,0,0,0,210,210
580473128789116034,Order,2025/09/21,2025/09/28,VND,51700,89000,89000,110000,-21000,0,0,0,-37300,-6150,-9345,0,-40000,6000,34000,0,0,0,0,0,-17800,-17800,0,0,0,0,0,0,0,0,0,0,0,-2670,0,0,0,-890,-445,0,0,0,0,580473128789116034,123000,0,0,0,0,0,0,0,0,110,110
580472911180694655,Order,2025/09/21,2025/09/28,VND,51700,89000,89000,110000,-21000,0,0,0,-37300,-6150,-9345,0,-40000,6000,34000,0,0,0,0,0,-17800,-17800,0,0,0,0,0,0,0,0,0,0,0,-2670,0,0,0,-890,-445,0,0,0,0,580472911180694655,123000,0,0,0,0,0,0,0,0,110,110
580472668031715050,Order,2025/09/21,2025/09/28,VND,53400,89000,89000,110000,-21000,0,0,0,-35600,-4450,-9345,0,-30300,30300,0,0,0,0,0,0,-17800,-17800,0,0,0,0,0,0,0,0,0,0,0,-2670,0,0,0,-890,-445,0,0,0,0,580472668031715050,89000,0,0,0,0,0,0,0,0,110,110
580472519616660642,Order,2025/09/21,2025/09/28,VND,53400,89000,89000,110000,-21000,0,0,0,-35600,-4450,-9345,0,-30300,30300,0,0,0,0,0,0,-17800,-17800,0,0,0,0,0,0,0,0,0,0,0,-2670,0,0,0,-890,-445,0,0,0,0,580472519616660642,89000,0,0,0,0,0,0,0,0,110,110
580472466001594263,Order,2025/09/21,2025/09/28,VND,53385,89000,89000,110000,-21000,0,0,0,-35615,-4465,-9345,0,-30300,30000,300,0,0,0,0,0,-17800,-17800,0,0,0,0,0,0,0,0,0,0,0,-2670,0,0,0,-890,-445,0,0,0,0,580472466001594263,89300,0,0,0,0,0,0,0,0,110,110
580472118339077544,Order,2025/09/21,2025/09/28,VND,187500,300000,300000,360000,-60000,0,0,0,-112500,-13500,-31500,0,-47600,47600,0,0,0,0,0,0,-54000,-54000,0,0,0,0,0,0,0,0,0,0,0,-9000,0,0,0,-3000,-1500,0,0,0,0,580472118339077544,270000,0,0,0,30000,0,0,0,0,510,510
580471226910279310,Order,2025/09/21,2025/09/28,VND,62300,89000,89000,110000,-21000,0,0,0,-26700,-4450,-9345,0,-30300,30300,0,0,0,0,0,0,0,0,0,-8900,0,0,0,0,0,0,0,0,0,-2670,0,0,0,-890,-445,0,0,0,0,580471226910279310,89000,0,0,0,0,0,0,0,0,110,110
580471193360303325,Order,2025/09/21,2025/09/28,VND,213150,300000,300000,360000,-60000,0,0,0,-86850,-13950,-31500,0,-35100,35100,0,0,0,0,0,0,0,0,0,-27900,0,0,0,0,0,0,0,0,0,-9000,0,0,0,-3000,-1500,0,0,0,0,580471193360303325,279000,0,0,0,21000,0,0,0,0,510,510
580470822415533592,Order,2025/09/21,2025/09/28,VND,51700,89000,89000,110000,-21000,0,0,0,-37300,-6150,-9345,0,-40000,6000,34000,0,0,0,0,0,-17800,-17800,0,0,0,0,0,0,0,0,0,0,0,-2670,0,0,0,-890,-445,0,0,0,0,580470822415533592,123000,0,0,0,0,0,0,0,0,110,110
580470407429588148,Order,2025/09/21,2025/09/28,VND,360000,600000,600000,720000,-120000,0,0,0,-240000,-30000,-63000,0,-55400,55400,0,0,0,0,0,0,-120000,-120000,0,0,0,0,0,0,0,0,0,0,0,-18000,0,0,0,-6000,-3000,0,0,0,0,580470407429588148,600000,0,0,0,0,0,0,0,0,1030,1030
580469941543208892,Order,2025/09/21,2025/09/28,VND,212700,300000,300000,360000,-60000,0,0,0,-87300,-14100,-31500,0,-47600,47600,0,0,0,0,0,0,0,0,0,-28200,0,0,0,0,0,0,0,0,0,-9000,0,0,0,-3000,-1500,0,0,0,0,580469941543208892,282000,0,0,0,18000,0,0,0,0,510,510
580468755830375699,Order,2025/09/21,2025/09/28,VND,124600,178000,178000,220000,-42000,0,0,0,-53400,-8900,-18690,0,-26200,26200,0,0,0,0,0,0,0,0,0,-17800,0,0,0,0,0,0,0,0,0,-5340,0,0,0,-1780,-890,0,0,0,0,580468755830375699,178000,0,0,0,0,0,0,0,0,210,210
580468748504958248,Order,2025/09/21,2025/09/28,VND,61385,89000,89000,110000,-21000,0,0,0,-27615,-5365,-9345,0,-30300,12000,18300,0,0,0,0,0,0,0,0,-8900,0,0,0,0,0,0,0,0,0,-2670,0,0,0,-890,-445,0,0,0,0,580468748504958248,107300,0,0,0,0,0,0,0,0,110,110
580467292414183399,Order,2025/09/21,2025/09/28,VND,53385,89000,89000,110000,-21000,0,0,0,-35615,-4465,-9345,0,-30300,30000,300,0,0,0,0,0,-17800,-17800,0,0,0,0,0,0,0,0,0,0,0,-2670,0,0,0,-890,-445,0,0,0,0,580467292414183399,89300,0,0,0,0,0,0,0,0,110,110
580467000160192229,Order,2025/09/21,2025/09/28,VND,186000,300000,300000,360000,-60000,0,0,0,-114000,-13800,-31500,0,-41400,41400,0,0,0,0,0,0,-55200,-55200,0,0,0,0,0,0,0,0,0,0,0,-9000,0,0,0,-3000,-1500,0,0,0,0,580467000160192229,276000,0,0,0,24000,0,0,0,0,510,510
580466534138939323,Order,2025/09/21,2025/09/28,VND,124100,178000,178000,220000,-42000,0,0,0,-53900,-9400,-18690,0,-40000,30000,10000,0,0,0,0,0,0,0,0,-17800,0,0,0,0,0,0,0,0,0,-5340,0,0,0,-1780,-890,0,0,0,0,580466534138939323,188000,0,0,0,0,0,0,0,0,210,210
580466372549510559,Order,2025/09/21,2025/09/28,VND,210000,300000,300000,360000,-60000,0,0,0,-90000,-15000,-31500,0,-35100,35100,0,0,0,0,0,0,0,0,0,-30000,0,0,0,0,0,0,0,0,0,-9000,0,0,0,-3000,-1500,0,0,0,0,580466372549510559,300000,0,0,0,0,0,0,0,0,510,510
580466372548855509,Order,2025/09/21,2025/09/28,VND,62300,89000,89000,110000,-21000,0,0,0,-26700,-4450,-9345,0,-40000,40000,0,0,0,0,0,0,0,0,0,-8900,0,0,0,0,0,0,0,0,0,-2670,0,0,0,-890,-445,0,0,0,0,580466372548855509,89000,0,0,0,0,0,0,0,0,110,110
580465919129126226,Order,2025/09/21,2025/09/28,VND,62300,89000,89000,110000,-21000,0,0,0,-26700,-4450,-9345,0,-30300,30300,0,0,0,0,0,0,0,0,0,-8900,0,0,0,0,0,0,0,0,0,-2670,0,0,0,-890,-445,0,0,0,0,580465919129126226,89000,0,0,0,0,0,0,0,0,110,110
580464650179282398,Order,2025/09/21,2025/09/28,VND,106800,178000,178000,220000,-42000,0,0,0,-71200,-8900,-18690,0,-35200,35200,0,0,0,0,0,0,-35600,-35600,0,0,0,0,0,0,0,0,0,0,0,-5340,0,0,0,-1780,-890,0,0,0,0,580464650179282398,178000,0,0,0,0,0,0,0,0,210,210
580463644928739300,Order,2025/09/21,2025/09/28,VND,214500,300000,300000,360000,-60000,0,0,0,-85500,-13500,-31500,0,-47600,47600,0,0,0,0,0,0,0,0,0,-27000,0,0,0,0,0,0,0,0,0,-9000,0,0,0,-3000,-1500,0,0,0,0,580463644928739300,270000,0,0,0,30000,0,0,0,0,510,510
580462968549508249,Order,2025/09/21,2025/09/28,VND,180000,300000,300000,360000,-60000,0,0,0,-120000,-15000,-31500,0,-47600,47600,0,0,0,0,0,0,-60000,-60000,0,0,0,0,0,0,0,0,0,0,0,-9000,0,0,0,-3000,-1500,0,0,0,0,580462968549508249,300000,0,0,0,0,0,0,0,0,510,510
580459943242532389,Order,2025/09/20,2025/09/28,VND,52900,89000,89000,110000,-21000,0,0,0,-36100,-4950,-9345,0,-40000,30000,10000,0,0,0,0,0,-17800,-17800,0,0,0,0,0,0,0,0,0,0,0,-2670,0,0,0,-890,-445,0,0,0,0,580459943242532389,99000,0,0,0,0,0,0,0,0,110,110
580455357377119865,Order,2025/09/20,2025/09/28,VND,66485,95000,95000,95000,0,0,0,0,-28515,-4765,-9975,0,-30300,30000,300,0,0,0,0,0,0,0,0,-9500,0,0,0,0,0,0,0,0,0,-2850,0,0,0,-950,-475,0,0,0,0,580455357377119865,95300,0,0,0,0,0,0,0,0,110,110
580448672656098417,Order,2025/09/19,2025/09/28,VND,360000,600000,600000,700000,-100000,0,0,0,-240000,-30000,-63000,0,-39400,39400,0,0,0,0,0,0,-120000,-120000,0,0,0,0,0,0,0,0,0,0,0,-18000,0,0,0,-6000,-3000,0,0,0,0,580448672656098417,600000,0,0,0,0,0,0,0,0,1030,1030
580447146067788854,Order,2025/09/19,2025/09/28,VND,214050,300000,300000,350000,-50000,0,0,0,-85950,-13650,-31500,0,-35100,35100,0,0,0,0,0,0,0,0,0,-27300,0,0,0,0,0,0,0,0,0,-9000,0,0,0,-3000,-1500,0,0,0,0,580447146067788854,273000,0,0,0,27000,0,0,0,0,510,510
580443399433454813,Order,2025/09/19,2025/09/28,VND,2398370,3000000,3000000,3500000,-500000,0,0,0,-601630,-151630,-315000,0,-72600,40000,32600,0,0,0,0,0,0,0,0,0,0,0,0,0,0,0,0,0,0,-90000,0,0,0,-30000,-15000,0,0,0,0,580443399433454813,3032600,0,0,0,0,0,0,0,0,5030,5030
580406710150268230,Order,2025/09/16,2025/09/28,VND,-40000,0,0,0,0,0,0,0,-40000,0,0,-40000,-47600,0,0,0,0,0,7600,0,0,0,0,0,0,0,0,0,0,0,0,0,0,0,0,0,0,0,0,0,0,0,0,580406710150268230,0,0,0,0,0,0,0,0,0,510,510
580399182760085030,Order,2025/09/15,2025/09/28,VND,-40000,0,0,0,0,0,0,0,-40000,0,0,-40000,-47600,0,0,0,0,0,7600,0,0,0,0,0,0,0,0,0,0,0,0,0,0,0,0,0,0,0,0,0,0,0,0,580399182760085030,0,0,0,0,0,0,0,0,0,510,510
580385874956158795,Order,2025/09/14,2025/09/28,VND,-40000,0,0,0,0,0,0,0,-40000,0,0,-40000,-40000,0,0,0,0,0,0,0,0,0,0,0,0,0,0,0,0,0,0,0,0,0,0,0,0,0,0,0,0,0,0,580385874956158795,0,0,0,0,0,0,0,0,0,100,100
580493011119343094,Order,2025/09/23,2025/09/27,VND,105000,150000,150000,150000,0,0,0,0,-45000,-7500,-15750,0,-30300,30300,0,0,0,0,0,0,0,0,0,-15000,0,0,0,0,0,0,0,0,0,-4500,0,0,0,-1500,-750,0,0,0,0,580493011119343094,150000,0,0,0,0,0,0,0,0,210,210
580491661707740177,Order,2025/09/23,2025/09/27,VND,54600,78000,78000,110000,-32000,0,0,0,-23400,-3900,-8190,0,-26200,26200,0,0,0,0,0,0,0,0,0,-7800,0,0,0,0,0,0,0,0,0,-2340,0,0,0,-780,-390,0,0,0,0,580491661707740177,78000,0,0,0,0,0,0,0,0,100,100
580489165514573568,Order,2025/09/23,2025/09/27,VND,46800,78000,78000,110000,-32000,0,0,0,-31200,-3900,-8190,0,-19700,19700,0,0,0,0,0,0,-15600,-15600,0,0,0,0,0,0,0,0,0,0,0,-2340,0,0,0,-780,-390,0,0,0,0,580489165514573568,78000,0,0,0,0,0,0,0,0,100,100
580486426505349036,Order,2025/09/22,2025/09/27,VND,54600,78000,78000,110000,-32000,0,0,0,-23400,-3900,-8190,0,-19700,19700,0,0,0,0,0,0,0,0,0,-7800,0,0,0,0,0,0,0,0,0,-2340,0,0,0,-780,-390,0,0,0,0,580486426505349036,78000,0,0,0,0,0,0,0,0,100,100
580481217669334465,Order,2025/09/22,2025/09/27,VND,53140,89000,89000,110000,-21000,0,0,0,-35860,-4710,-9345,0,-35200,30000,5200,0,0,0,0,0,-17800,-17800,0,0,0,0,0,0,0,0,0,0,0,-2670,0,0,0,-890,-445,0,0,0,0,580481217669334465,94200,0,0,0,0,0,0,0,0,110,110
580480909041305437,Order,2025/09/22,2025/09/27,VND,61800,89000,89000,110000,-21000,0,0,0,-27200,-4950,-9345,0,-40000,30000,10000,0,0,0,0,0,0,0,0,-8900,0,0,0,0,0,0,0,0,0,-2670,0,0,0,-890,-445,0,0,0,0,580480909041305437,99000,0,0,0,0,0,0,0,0,110,110
580479961344870219,Order,2025/09/22,2025/09/27,VND,186750,300000,300000,360000,-60000,0,0,0,-113250,-13650,-31500,0,-35100,35100,0,0,0,0,0,0,-54600,-54600,0,0,0,0,0,0,0,0,0,0,0,-9000,0,0,0,-3000,-1500,0,0,0,0,580479961344870219,273000,0,0,0,27000,0,0,0,0,510,510
580479819783505812,Order,2025/09/22,2025/09/27,VND,61800,89000,89000,110000,-21000,0,0,0,-27200,-4950,-9345,0,-40000,30000,10000,0,0,0,0,0,-8900,-8900,0,0,0,0,0,0,0,0,0,0,0,-2670,0,0,0,-890,-445,0,0,0,0,580479819783505812,99000,0,0,0,0,0,0,0,0,110,110
580479167275370296,Order,2025/09/22,2025/09/27,VND,53400,89000,89000,110000,-21000,0,0,0,-35600,-4450,-9345,0,-40000,40000,0,0,0,0,0,0,-17800,-17800,0,0,0,0,0,0,0,0,0,0,0,-2670,0,0,0,-890,-445,0,0,0,0,580479167275370296,89000,0,0,0,0,0,0,0,0,110,110
580478011023918810,Order,2025/09/22,2025/09/27,VND,-40000,0,0,0,0,0,0,0,-40000,0,0,-40000,-40000,0,0,0,0,0,0,0,0,0,0,0,0,0,0,0,0,0,0,0,0,0,0,0,0,0,0,0,0,0,0,580478011023918810,0,0,0,0,0,0,0,0,0,500,500
580476872246068248,Order,2025/09/22,2025/09/27,VND,53400,89000,89000,110000,-21000,0,0,0,-35600,-4450,-9345,0,-40000,40000,0,0,0,0,0,0,-17800,-17800,0,0,0,0,0,0,0,0,0,0,0,-2670,0,0,0,-890,-445,0,0,0,0,580476872246068248,89000,0,0,0,0,0,0,0,0,110,110
580476735440193466,Order,2025/09/22,2025/09/27,VND,61800,89000,89000,110000,-21000,0,0,0,-27200,-4950,-9345,0,-40000,30000,10000,0,0,0,0,0,0,0,0,-8900,0,0,0,0,0,0,0,0,0,-2670,0,0,0,-890,-445,0,0,0,0,580476735440193466,99000,0,0,0,0,0,0,0,0,110,110
580476637170795732,Order,2025/09/22,2025/09/27,VND,180000,300000,300000,360000,-60000,0,0,0,-120000,-15000,-31500,0,-45200,45200,0,0,0,0,0,0,-60000,-60000,0,0,0,0,0,0,0,0,0,0,0,-9000,0,0,0,-3000,-1500,0,0,0,0,580476637170795732,300000,0,0,0,0,0,0,0,0,510,510
580476545744930710,Order,2025/09/22,2025/09/27,VND,187500,300000,300000,360000,-60000,0,0,0,-112500,-13500,-31500,0,-47600,47600,0,0,0,0,0,0,-54000,-54000,0,0,0,0,0,0,0,0,0,0,0,-9000,0,0,0,-3000,-1500,0,0,0,0,580476545744930710,270000,0,0,0,30000,0,0,0,0,510,510
580476404710278612,Order,2025/09/22,2025/09/27,VND,52900,89000,89000,110000,-21000,0,0,0,-36100,-4950,-9345,0,-40000,30000,10000,0,0,0,0,0,-17800,-17800,0,0,0,0,0,0,0,0,0,0,0,-2670,0,0,0,-890,-445,0,0,0,0,580476404710278612,99000,0,0,0,0,0,0,0,0,110,110
580475948406441771,Order,2025/09/22,2025/09/27,VND,61800,89000,89000,110000,-21000,0,0,0,-27200,-4950,-9345,0,-40000,30000,10000,0,0,0,0,0,0,0,0,-8900,0,0,0,0,0,0,0,0,0,-2670,0,0,0,-890,-445,0,0,0,0,580475948406441771,99000,0,0,0,0,0,0,0,0,110,110
580473087921718617,Order,2025/09/21,2025/09/27,VND,53400,89000,89000,110000,-21000,0,0,0,-35600,-4450,-9345,0,-26200,26200,0,0,0,0,0,0,-17800,-17800,0,0,0,0,0,0,0,0,0,0,0,-2670,0,0,0,-890,-445,0,0,0,0,580473087921718617,89000,0,0,0,0,0,0,0,0,110,110
580472631812064292,Order,2025/09/21,2025/09/27,VND,187500,300000,300000,360000,-60000,0,0,0,-112500,-13500,-31500,0,-47600,47600,0,0,0,0,0,0,-54000,-54000,0,0,0,0,0,0,0,0,0,0,0,-9000,0,0,0,-3000,-1500,0,0,0,0,580472631812064292,270000,0,0,0,30000,0,0,0,0,510,510
580472103129220332,Order,2025/09/21,2025/09/27,VND,52900,89000,89000,110000,-21000,0,0,0,-36100,-4950,-9345,0,-40000,30000,10000,0,0,0,0,0,-17800,-17800,0,0,0,0,0,0,0,0,0,0,0,-2670,0,0,0,-890,-445,0,0,0,0,580472103129220332,99000,0,0,0,0,0,0,0,0,110,110
580472064564626933,Order,2025/09/21,2025/09/27,VND,62040,89000,89000,110000,-21000,0,0,0,-26960,-4710,-9345,0,-35200,30000,5200,0,0,0,0,0,0,0,0,-8900,0,0,0,0,0,0,0,0,0,-2670,0,0,0,-890,-445,0,0,0,0,580472064564626933,94200,0,0,0,0,0,0,0,0,110,110
580471945451505655,Order,2025/09/21,2025/09/27,VND,189000,300000,300000,360000,-60000,0,0,0,-111000,-13200,-31500,0,-15800,15800,0,0,0,0,0,0,-52800,-52800,0,0,0,0,0,0,0,0,0,0,0,-9000,0,0,0,-3000,-1500,0,0,0,0,580471945451505655,264000,0,0,0,36000,0,0,0,0,510,510
580471738675069991,Order,2025/09/21,2025/09/27,VND,61590,89000,89000,110000,-21000,0,0,0,-27410,-5160,-9345,0,-35200,21000,14200,0,0,0,0,0,0,0,0,-8900,0,0,0,0,0,0,0,0,0,-2670,0,0,0,-890,-445,0,0,0,0,580471738675069991,103200,0,0,0,0,0,0,0,0,110,110
580468966158009442,Order,2025/09/21,2025/09/27,VND,188250,300000,300000,360000,-60000,0,0,0,-111750,-13350,-31500,0,-41400,41400,0,0,0,0,0,0,-53400,-53400,0,0,0,0,0,0,0,0,0,0,0,-9000,0,0,0,-3000,-1500,0,0,0,0,580468966158009442,267000,0,0,0,33000,0,0,0,0,510,510
580468816323052556,Order,2025/09/21,2025/09/27,VND,51700,89000,89000,110000,-21000,0,0,0,-37300,-6150,-9345,0,-40000,6000,34000,0,0,0,0,0,-17800,-17800,0,0,0,0,0,0,0,0,0,0,0,-2670,0,0,0,-890,-445,0,0,0,0,580468816323052556,123000,0,0,0,0,0,0,0,0,110,110
580468572253554050,Order,2025/09/21,2025/09/27,VND,186000,300000,300000,360000,-60000,0,0,0,-114000,-13800,-31500,0,-35100,35100,0,0,0,0,0,0,-55200,-55200,0,0,0,0,0,0,0,0,0,0,0,-9000,0,0,0,-3000,-1500,0,0,0,0,580468572253554050,276000,0,0,0,24000,0,0,0,0,510,510
580467107687335322,Order,2025/09/21,2025/09/27,VND,106800,178000,178000,220000,-42000,0,0,0,-71200,-8900,-18690,0,-40000,40000,0,0,0,0,0,0,-35600,-35600,0,0,0,0,0,0,0,0,0,0,0,-5340,0,0,0,-1780,-890,0,0,0,0,580467107687335322,178000,0,0,0,0,0,0,0,0,210,210
580466673018504485,Order,2025/09/21,2025/09/27,VND,214520,300000,300000,360000,-60000,0,0,0,-85480,-14080,-31500,0,-47600,30000,17600,0,0,0,0,0,0,0,0,-26400,0,0,0,0,0,0,0,0,0,-9000,0,0,0,-3000,-1500,0,0,0,0,580466673018504485,281600,0,0,0,36000,0,0,0,0,510,510
580466599146325366,Order,2025/09/21,2025/09/27,VND,213600,300000,300000,360000,-60000,0,0,0,-86400,-13800,-31500,0,-41400,41400,0,0,0,0,0,0,0,0,0,-27600,0,0,0,0,0,0,0,0,0,-9000,0,0,0,-3000,-1500,0,0,0,0,580466599146325366,276000,0,0,0,24000,0,0,0,0,510,510
580465347188590055,Order,2025/09/21,2025/09/27,VND,61800,89000,89000,110000,-21000,0,0,0,-27200,-4950,-9345,0,-40000,30000,10000,0,0,0,0,0,0,0,0,-8900,0,0,0,0,0,0,0,0,0,-2670,0,0,0,-890,-445,0,0,0,0,580465347188590055,99000,0,0,0,0,0,0,0,0,110,110
580465286734448583,Order,2025/09/21,2025/09/27,VND,214120,300000,300000,360000,-60000,0,0,0,-85880,-13880,-31500,0,-47600,40000,7600,0,0,0,0,0,0,0,0,-27000,0,0,0,0,0,0,0,0,0,-9000,0,0,0,-3000,-1500,0,0,0,0,580465286734448583,277600,0,0,0,30000,0,0,0,0,510,510
580465165473383645,Order,2025/09/21,2025/09/27,VND,53400,89000,89000,110000,-21000,0,0,0,-35600,-4450,-9345,0,-40000,40000,0,0,0,0,0,0,-17800,-17800,0,0,0,0,0,0,0,0,0,0,0,-2670,0,0,0,-890,-445,0,0,0,0,580465165473383645,89000,0,0,0,0,0,0,0,0,110,110
580464784105702952,Order,2025/09/21,2025/09/27,VND,187500,300000,300000,360000,-60000,0,0,0,-112500,-13500,-31500,0,-47600,47600,0,0,0,0,0,0,-54000,-54000,0,0,0,0,0,0,0,0,0,0,0,-9000,0,0,0,-3000,-1500,0,0,0,0,580464784105702952,270000,0,0,0,30000,0,0,0,0,510,510
580464709358290335,Order,2025/09/21,2025/09/27,VND,60060,89000,89000,110000,-21000,0,0,0,-28940,-3130,-9345,0,-30300,30000,300,0,0,0,0,0,-12460,-12460,0,0,0,0,0,0,0,0,0,0,0,-2670,0,0,0,-890,-445,0,0,0,0,580464709358290335,62600,0,0,0,26700,0,0,0,0,110,110
580460777895659247,Order,2025/09/20,2025/09/27,VND,52900,89000,89000,110000,-21000,0,0,0,-36100,-4950,-9345,0,-40000,30000,10000,0,0,0,0,0,-17800,-17800,0,0,0,0,0,0,0,0,0,0,0,-2670,0,0,0,-890,-445,0,0,0,0,580460777895659247,99000,0,0,0,0,0,0,0,0,110,110
580460779910759610,Order,2025/09/20,2025/09/27,VND,61800,89000,89000,110000,-21000,0,0,0,-27200,-4950,-9345,0,-40000,30000,10000,0,0,0,0,0,0,0,0,-8900,0,0,0,0,0,0,0,0,0,-2670,0,0,0,-890,-445,0,0,0,0,580460779910759610,99000,0,0,0,0,0,0,0,0,110,110
580457585829447095,Order,2025/09/20,2025/09/27,VND,293040,440000,440000,440000,0,0,0,0,-146960,-19360,-46200,0,-47600,47600,0,0,0,0,0,0,-61600,-61600,0,0,0,0,0,0,0,0,0,0,0,-13200,0,0,0,-4400,-2200,0,0,0,0,580457585829447095,387200,0,0,0,52800,0,0,0,0,560,560
580453227983635776,Order,2025/09/20,2025/09/27,VND,57000,95000,95000,95000,0,0,0,0,-38000,-4750,-9975,0,-30300,30300,0,0,0,0,0,0,-19000,-19000,0,0,0,0,0,0,0,0,0,0,0,-2850,0,0,0,-950,-475,0,0,0,0,580453227983635776,95000,0,0,0,0,0,0,0,0,110,110
580448928458572947,Order,2025/09/19,2025/09/27,VND,189750,300000,300000,350000,-50000,0,0,0,-110250,-13050,-31500,0,-47600,47600,0,0,0,0,0,0,-52200,-52200,0,0,0,0,0,0,0,0,0,0,0,-9000,0,0,0,-3000,-1500,0,0,0,0,580448928458572947,261000,0,0,0,39000,0,0,0,0,510,510
580448613052155381,Order,2025/09/19,2025/09/27,VND,116185,166000,166000,190000,-24000,0,0,0,-49815,-8315,-17430,0,-30300,30000,300,0,0,0,0,0,0,0,0,-16600,0,0,0,0,0,0,0,0,0,-4980,0,0,0,-1660,-830,0,0,0,0,580448613052155381,166300,0,0,0,0,0,0,0,0,230,230
580448508122859317,Order,2025/09/19,2025/09/27,VND,62600,83000,83000,95000,-12000,0,0,0,-20400,-2650,-8715,0,-40000,40000,0,0,0,0,0,0,0,0,0,-5300,0,0,0,0,0,0,0,0,0,-2490,0,0,0,-830,-415,0,0,0,0,580448508122859317,53000,0,0,0,30000,0,0,0,0,110,110
580447877201953887,Order,2025/09/19,2025/09/27,VND,189750,300000,300000,350000,-50000,0,0,0,-110250,-13050,-31500,0,-47600,47600,0,0,0,0,0,0,-52200,-52200,0,0,0,0,0,0,0,0,0,0,0,-9000,0,0,0,-3000,-1500,0,0,0,0,580447877201953887,261000,0,0,0,39000,0,0,0,0,510,510
580446160474637782,Order,2025/09/19,2025/09/27,VND,57600,83000,83000,95000,-12000,0,0,0,-25400,-4650,-8715,0,-40000,30000,10000,0,0,0,0,0,0,0,0,-8300,0,0,0,0,0,0,0,0,0,-2490,0,0,0,-830,-415,0,0,0,0,580446160474637782,93000,0,0,0,0,0,0,0,0,110,110
580446072255514457,Order,2025/09/19,2025/09/27,VND,54488,83000,83000,95000,-12000,0,0,0,-28512,-3612,-8715,0,-40000,30000,10000,0,0,0,0,0,-12450,-12450,0,0,0,0,0,0,0,0,0,0,0,-2490,0,0,0,-830,-415,0,0,0,0,580446072255514457,72250,0,0,0,20750,0,0,0,0,110,110
580445273513887223,Order,2025/09/19,2025/09/27,VND,115940,166000,166000,190000,-24000,0,0,0,-50060,-8560,-17430,0,-35200,30000,5200,0,0,0,0,0,0,0,0,-16600,0,0,0,0,0,0,0,0,0,-4980,0,0,0,-1660,-830,0,0,0,0,580445273513887223,171200,0,0,0,0,0,0,0,0,230,230
580432978492687576,Order,2025/09/18,2025/09/27,VND,49800,83000,83000,95000,-12000,0,0,0,-33200,-4150,-8715,0,-40000,40000,0,0,0,0,0,0,-16600,-16600,0,0,0,0,0,0,0,0,0,0,0,-2490,0,0,0,-830,-415,0,0,0,0,580432978492687576,83000,0,0,0,0,0,0,0,0,110,110
580399123275482911,Order,2025/09/15,2025/09/27,VND,50985,85000,85000,95000,-10000,0,0,0,-34015,-4265,-8925,0,-30300,30000,300,0,0,0,0,0,-17000,-17000,0,0,0,0,0,0,0,0,0,0,0,-2550,0,0,0,-850,-425,0,0,0,0,580399123275482911,85300,0,0,0,0,0,0,0,0,110,110
580360912388654654,Order,2025/09/12,2025/09/27,VND,-35200,0,0,0,0,0,0,0,-35200,0,0,-35200,-35200,0,0,0,0,0,0,0,0,0,0,0,0,0,0,0,0,0,0,0,0,0,0,0,0,0,0,0,0,0,0,580360912388654654,0,0,0,0,0,0,0,0,0,230,230
580342004271580665,Order,2025/09/11,2025/09/27,VND,-40000,0,0,0,0,0,0,0,-40000,0,0,-40000,-40000,0,0,0,0,0,0,0,0,0,0,0,0,0,0,0,0,0,0,0,0,0,0,0,0,0,0,0,0,0,0,580342004271580665,0,0,0,0,0,0,0,0,0,110,110
580336178311693859,Order,2025/09/10,2025/09/27,VND,-40000,0,0,0,0,0,0,0,-40000,0,0,-40000,-47600,0,0,0,0,0,7600,0,0,0,0,0,0,0,0,0,0,0,0,0,0,0,0,0,0,0,0,0,0,0,0,580336178311693859,0,0,0,0,0,0,0,0,0,2030,2030
580473837475890798,Order,2025/09/21,2025/09/26,VND,124585,178000,178000,220000,-42000,0,0,0,-53415,-8915,-18690,0,-30300,30000,300,0,0,0,0,0,0,0,0,-17800,0,0,0,0,0,0,0,0,0,-5340,0,0,0,-1780,-890,0,0,0,0,580473837475890798,178300,0,0,0,0,0,0,0,0,210,210
580473212830844913,Order,2025/09/21,2025/09/26,VND,55811,89000,89000,110000,-21000,0,0,0,-33189,-3968,-9345,0,-30300,30300,0,0,0,0,0,0,-15871,-15871,0,0,0,0,0,0,0,0,0,0,0,-2670,0,0,0,-890,-445,0,0,0,0,580473212830844913,79353,0,0,0,9647,0,0,0,0,110,110
580462468769219773,Order,2025/09/20,2025/09/26,VND,53400,89000,89000,110000,-21000,0,0,0,-35600,-4450,-9345,0,-19700,19700,0,0,0,0,0,0,-17800,-17800,0,0,0,0,0,0,0,0,0,0,0,-2670,0,0,0,-890,-445,0,0,0,0,580462468769219773,89000,0,0,0,0,0,0,0,0,110,110
580459282981160061,Order,2025/09/20,2025/09/26,VND,68637,95000,95000,95000,0,0,0,0,-26363,-4038,-9975,0,-30300,30300,0,0,0,0,0,0,0,0,0,-8075,0,0,0,0,0,0,0,0,0,-2850,0,0,0,-950,-475,0,0,0,0,580459282981160061,80750,0,0,0,14250,0,0,0,0,110,110
580457432671814778,Order,2025/09/20,2025/09/26,VND,-35200,0,0,0,0,0,0,0,-35200,0,0,-35200,-35200,0,0,0,0,0,0,0,0,0,0,0,0,0,0,0,0,0,0,0,0,0,0,0,0,0,0,0,0,0,0,580457432671814778,0,0,0,0,0,0,0,0,0,500,500
580449402105857428,Order,2025/09/19,2025/09/26,VND,250245,350000,350000,350000,0,0,0,0,-99755,-15755,-36750,0,-35100,35000,100,0,0,0,0,0,0,0,0,-31500,0,0,0,0,0,0,0,0,0,-10500,0,0,0,-3500,-1750,0,0,0,0,580449402105857428,315100,0,0,0,35000,0,0,0,0,510,510
580448367587001714,Order,2025/09/19,2025/09/26,VND,57600,83000,83000,95000,-12000,0,0,0,-25400,-4650,-8715,0,-40000,30000,10000,0,0,0,0,0,0,0,0,-8300,0,0,0,0,0,0,0,0,0,-2490,0,0,0,-830,-415,0,0,0,0,580448367587001714,93000,0,0,0,0,0,0,0,0,110,110
580447868780447156,Order,2025/09/19,2025/09/26,VND,49300,83000,83000,95000,-12000,0,0,0,-33700,-4650,-8715,0,-40000,30000,10000,0,0,0,0,0,-16600,-16600,0,0,0,0,0,0,0,0,0,0,0,-2490,0,0,0,-830,-415,0,0,0,0,580447868780447156,93000,0,0,0,0,0,0,0,0,110,110
580447236755982232,Order,2025/09/19,2025/09/26,VND,114800,166000,166000,190000,-24000,0,0,0,-51200,-9700,-17430,0,-40000,12000,28000,0,0,0,0,0,0,0,0,-16600,0,0,0,0,0,0,0,0,0,-4980,0,0,0,-1660,-830,0,0,0,0,580447236755982232,194000,0,0,0,0,0,0,0,0,230,230
580446452418708484,Order,2025/09/19,2025/09/26,VND,189750,300000,300000,350000,-50000,0,0,0,-110250,-13050,-31500,0,-47600,47600,0,0,0,0,0,0,-52200,-52200,0,0,0,0,0,0,0,0,0,0,0,-9000,0,0,0,-3000,-1500,0,0,0,0,580446452418708484,261000,0,0,0,39000,0,0,0,0,510,510
580446087907869744,Order,2025/09/19,2025/09/26,VND,57600,83000,83000,95000,-12000,0,0,0,-25400,-4650,-8715,0,-40000,30000,10000,0,0,0,0,0,0,0,0,-8300,0,0,0,0,0,0,0,0,0,-2490,0,0,0,-830,-415,0,0,0,0,580446087907869744,93000,0,0,0,0,0,0,0,0,110,110
580444374669821171,Order,2025/09/19,2025/09/26,VND,58085,83000,83000,95000,-12000,0,0,0,-24915,-4165,-8715,0,-30300,30000,300,0,0,0,0,0,0,0,0,-8300,0,0,0,0,0,0,0,0,0,-2490,0,0,0,-830,-415,0,0,0,0,580444374669821171,83300,0,0,0,0,0,0,0,0,110,110
580444230557402735,Order,2025/09/19,2025/09/26,VND,56400,83000,83000,95000,-12000,0,0,0,-26600,-5850,-8715,0,-40000,6000,34000,0,0,0,0,0,0,0,0,-8300,0,0,0,0,0,0,0,0,0,-2490,0,0,0,-830,-415,0,0,0,0,580444230557402735,117000,0,0,0,0,0,0,0,0,110,110
580443638327838357,Order,2025/09/19,2025/09/26,VND,49300,83000,83000,95000,-12000,0,0,0,-33700,-4650,-8715,0,-40000,30000,10000,0,0,0,0,0,-16600,-16600,0,0,0,0,0,0,0,0,0,0,0,-2490,0,0,0,-830,-415,0,0,0,0,580443638327838357,93000,0,0,0,0,0,0,0,0,110,110
580443089823434542,Order,2025/09/19,2025/09/26,VND,114500,166000,166000,190000,-24000,0,0,0,-51500,-10000,-17430,0,-40000,6000,34000,0,0,0,0,0,0,0,0,-16600,0,0,0,0,0,0,0,0,0,-4980,0,0,0,-1660,-830,0,0,0,0,580443089823434542,200000,0,0,0,0,0,0,0,0,230,230
580442723510420497,Order,2025/09/19,2025/09/26,VND,56400,83000,83000,95000,-12000,0,0,0,-26600,-5850,-8715,0,-40000,6000,34000,0,0,0,0,0,0,0,0,-8300,0,0,0,0,0,0,0,0,0,-2490,0,0,0,-830,-415,0,0,0,0,580442723510420497,117000,0,0,0,0,0,0,0,0,110,110
580441683485164670,Order,2025/09/19,2025/09/26,VND,-35200,0,0,0,0,0,0,0,-35200,0,0,-35200,-35200,0,0,0,0,0,0,0,0,0,0,0,0,0,0,0,0,0,0,0,0,0,0,0,0,0,0,0,0,0,0,580441683485164670,0,0,0,0,0,0,0,0,0,300,300
580441352176960745,Order,2025/09/19,2025/09/26,VND,99600,166000,166000,190000,-24000,0,0,0,-66400,-8300,-17430,0,-30300,30300,0,0,0,0,0,0,-33200,-33200,0,0,0,0,0,0,0,0,0,0,0,-4980,0,0,0,-1660,-830,0,0,0,0,580441352176960745,166000,0,0,0,0,0,0,0,0,230,230
580441070870365352,Order,2025/09/19,2025/09/26,VND,99100,166000,166000,190000,-24000,0,0,0,-66900,-8800,-17430,0,-40000,30000,10000,0,0,0,0,0,-33200,-33200,0,0,0,0,0,0,0,0,0,0,0,-4980,0,0,0,-1660,-830,0,0,0,0,580441070870365352,176000,0,0,0,0,0,0,0,0,230,230
580440496304981159,Order,2025/09/19,2025/09/26,VND,214500,300000,300000,350000,-50000,0,0,0,-85500,-13500,-31500,0,-20900,20900,0,0,0,0,0,0,0,0,0,-27000,0,0,0,0,0,0,0,0,0,-9000,0,0,0,-3000,-1500,0,0,0,0,580440496304981159,270000,0,0,0,30000,0,0,0,0,510,510
580439904419678201,Order,2025/09/19,2025/09/26,VND,48585,83000,83000,95000,-12000,0,0,0,-34415,-5365,-8715,0,-30300,6000,24300,0,0,0,0,0,-16600,-16600,0,0,0,0,0,0,0,0,0,0,0,-2490,0,0,0,-830,-415,0,0,0,0,580439904419678201,107300,0,0,0,0,0,0,0,0,110,110
580437745891968986,Order,2025/09/18,2025/09/26,VND,188250,300000,300000,350000,-50000,0,0,0,-111750,-13350,-31500,0,-35100,35100,0,0,0,0,0,0,-53400,-53400,0,0,0,0,0,0,0,0,0,0,0,-9000,0,0,0,-3000,-1500,0,0,0,0,580437745891968986,267000,0,0,0,33000,0,0,0,0,510,510
580435614082434638,Order,2025/09/18,2025/09/26,VND,213220,300000,300000,350000,-50000,0,0,0,-86780,-14180,-31500,0,-47600,40000,7600,0,0,0,0,0,0,0,0,-27600,0,0,0,0,0,0,0,0,0,-9000,0,0,0,-3000,-1500,0,0,0,0,580435614082434638,283600,0,0,0,24000,0,0,0,0,510,510
580433828855777204,Order,2025/09/18,2025/09/26,VND,49800,83000,83000,95000,-12000,0,0,0,-33200,-4150,-8715,0,-40000,40000,0,0,0,0,0,0,-16600,-16600,0,0,0,0,0,0,0,0,0,0,0,-2490,0,0,0,-830,-415,0,0,0,0,580433828855777204,83000,0,0,0,0,0,0,0,0,110,110
580433456673228085,Order,2025/09/18,2025/09/26,VND,189000,300000,300000,350000,-50000,0,0,0,-111000,-13200,-31500,0,-35100,35100,0,0,0,0,0,0,-52800,-52800,0,0,0,0,0,0,0,0,0,0,0,-9000,0,0,0,-3000,-1500,0,0,0,0,580433456673228085,264000,0,0,0,36000,0,0,0,0,510,510
580433278393943107,Order,2025/09/18,2025/09/26,VND,75940,127000,127000,127000,0,0,0,0,-51060,-6610,-13335,0,-35200,30000,5200,0,0,0,0,0,-25400,-25400,0,0,0,0,0,0,0,0,0,0,0,-3810,0,0,0,-1270,-635,0,0,0,0,580433278393943107,132200,0,0,0,0,0,0,0,0,300,300
580427990927967281,Order,2025/09/18,2025/09/26,VND,119920,166000,166000,190000,-24000,0,0,0,-46080,-7070,-17430,0,-30300,30000,300,0,0,0,0,0,0,0,0,-14110,0,0,0,0,0,0,0,0,0,-4980,0,0,0,-1660,-830,0,0,0,0,580427990927967281,141400,0,0,0,24900,0,0,0,0,230,230
580426333836903685,Order,2025/09/17,2025/09/26,VND,109100,166000,166000,190000,-24000,0,0,0,-56900,-6800,-17430,0,-40000,30000,10000,0,0,0,0,0,-25200,-25200,0,0,0,0,0,0,0,0,0,0,0,-4980,0,0,0,-1660,-830,0,0,0,0,580426333836903685,136000,0,0,0,40000,0,0,0,0,230,230
580417320680785287,Order,2025/09/17,2025/09/26,VND,66240,95000,95000,95000,0,0,0,0,-28760,-5010,-9975,0,-35200,30000,5200,0,0,0,0,0,0,0,0,-9500,0,0,0,0,0,0,0,0,0,-2850,0,0,0,-950,-475,0,0,0,0,580417320680785287,100200,0,0,0,0,0,0,0,0,110,110
580399458132789091,Order,2025/09/15,2025/09/26,VND,-40000,0,0,0,0,0,0,0,-40000,0,0,-40000,-40000,0,0,0,0,0,0,0,0,0,0,0,0,0,0,0,0,0,0,0,0,0,0,0,0,0,0,0,0,0,0,580399458132789091,0,0,0,0,0,0,0,0,0,110,110
580386863116223612,Order,2025/09/14,2025/09/26,VND,-40000,0,0,0,0,0,0,0,-40000,0,0,-40000,-40000,0,0,0,0,0,0,0,0,0,0,0,0,0,0,0,0,0,0,0,0,0,0,0,0,0,0,0,0,0,0,580386863116223612,0,0,0,0,0,0,0,0,0,500,500
580386554880689219,Order,2025/09/14,2025/09/26,VND,-30300,0,0,0,0,0,0,0,-30300,0,0,-30300,-30300,0,0,0,0,0,0,0,0,0,0,0,0,0,0,0,0,0,0,0,0,0,0,0,0,0,0,0,0,0,0,580386554880689219,0,0,0,0,0,0,0,0,0,100,100
580371238677022610,Order,2025/09/13,2025/09/26,VND,-146524,-115000,0,0,0,-115000,-130000,15000,-31524,4750,12075,-53524,0,-33524,0,-20000,0,0,0,0,0,0,0,0,0,0,0,0,0,0,0,0,0,3450,0,0,0,1150,575,0,0,0,0,580371238677022610,0,-95000,0,0,0,-20000,0,0,0,200,200
580362169081300440,Order,2025/09/12,2025/09/26,VND,-26200,0,0,0,0,0,0,0,-26200,0,0,-26200,-26200,0,0,0,0,0,0,0,0,0,0,0,0,0,0,0,0,0,0,0,0,0,0,0,0,0,0,0,0,0,0,580362169081300440,0,0,0,0,0,0,0,0,0,110,110
580457441366345204,Order,2025/09/20,2025/09/25,VND,-21000,0,0,0,0,0,0,0,-21000,0,0,-21000,-21000,0,0,0,0,0,0,0,0,0,0,0,0,0,0,0,0,0,0,0,0,0,0,0,0,0,0,0,0,0,0,580457441366345204,0,0,0,0,0,0,0,0,0,100,100
580457450610984841,Order,2025/09/20,2025/09/25,VND,-40000,0,0,0,0,0,0,0,-40000,0,0,-40000,-40000,0,0,0,0,0,0,0,0,0,0,0,0,0,0,0,0,0,0,0,0,0,0,0,0,0,0,0,0,0,0,580457450610984841,0,0,0,0,0,0,0,0,0,500,500
580457232127723183,Order,2025/09/20,2025/09/25,VND,60062,95000,95000,95000,0,0,0,0,-34938,-4538,-9975,0,-40000,30000,10000,0,0,0,0,0,-16150,-16150,0,0,0,0,0,0,0,0,0,0,0,-2850,0,0,0,-950,-475,0,0,0,0,580457232127723183,90750,0,0,0,14250,0,0,0,0,110,110
580454305990215233,Order,2025/09/20,2025/09/25,VND,57000,95000,95000,95000,0,0,0,0,-38000,-4750,-9975,0,-35200,35200,0,0,0,0,0,0,-19000,-19000,0,0,0,0,0,0,0,0,0,0,0,-2850,0,0,0,-950,-475,0,0,0,0,580454305990215233,95000,0,0,0,0,0,0,0,0,110,110
580452765197960363,Order,2025/09/20,2025/09/25,VND,57000,95000,95000,95000,0,0,0,0,-38000,-4750,-9975,0,-40000,40000,0,0,0,0,0,0,-19000,-19000,0,0,0,0,0,0,0,0,0,0,0,-2850,0,0,0,-950,-475,0,0,0,0,580452765197960363,95000,0,0,0,0,0,0,0,0,110,110
580449201192338657,Order,2025/09/19,2025/09/25,VND,348600,498000,498000,570000,-72000,0,0,0,-149400,-24900,-52290,0,-47600,47600,0,0,0,0,0,0,0,0,0,-49800,0,0,0,0,0,0,0,0,0,-14940,0,0,0,-4980,-2490,0,0,0,0,580449201192338657,498000,0,0,0,0,0,0,0,0,630,630
580449146187843150,Order,2025/09/19,2025/09/25,VND,189750,300000,300000,350000,-50000,0,0,0,-110250,-13050,-31500,0,-47600,47600,0,0,0,0,0,0,-52200,-52200,0,0,0,0,0,0,0,0,0,0,0,-9000,0,0,0,-3000,-1500,0,0,0,0,580449146187843150,261000,0,0,0,39000,0,0,0,0,510,510
580447959661970460,Order,2025/09/19,2025/09/25,VND,58085,83000,83000,95000,-12000,0,0,0,-24915,-4165,-8715,0,-30300,30000,300,0,0,0,0,0,0,0,0,-8300,0,0,0,0,0,0,0,0,0,-2490,0,0,0,-830,-415,0,0,0,0,580447959661970460,83300,0,0,0,0,0,0,0,0,110,110
580447806350788200,Order,2025/09/19,2025/09/25,VND,49785,83000,83000,95000,-12000,0,0,0,-33215,-4165,-8715,0,-30300,30000,300,0,0,0,0,0,-16600,-16600,0,0,0,0,0,0,0,0,0,0,0,-2490,0,0,0,-830,-415,0,0,0,0,580447806350788200,83300,0,0,0,0,0,0,0,0,110,110
580447410261689586,Order,2025/09/19,2025/09/25,VND,57600,83000,83000,95000,-12000,0,0,0,-25400,-4650,-8715,0,-40000,30000,10000,0,0,0,0,0,0,0,0,-8300,0,0,0,0,0,0,0,0,0,-2490,0,0,0,-830,-415,0,0,0,0,580447410261689586,93000,0,0,0,0,0,0,0,0,110,110
580447315275646967,Order,2025/09/19,2025/09/25,VND,210000,300000,300000,350000,-50000,0,0,0,-90000,-15000,-31500,0,-35100,35100,0,0,0,0,0,0,0,0,0,-30000,0,0,0,0,0,0,0,0,0,-9000,0,0,0,-3000,-1500,0,0,0,0,580447315275646967,300000,0,0,0,0,0,0,0,0,510,510
580447243920705262,Order,2025/09/19,2025/09/25,VND,57090,83000,83000,95000,-12000,0,0,0,-25910,-5160,-8715,0,-26200,6000,20200,0,0,0,0,0,0,0,0,-8300,0,0,0,0,0,0,0,0,0,-2490,0,0,0,-830,-415,0,0,0,0,580447243920705262,103200,0,0,0,0,0,0,0,0,110,110
580446460197898238,Order,2025/09/19,2025/09/25,VND,57600,83000,83000,95000,-12000,0,0,0,-25400,-4650,-8715,0,-40000,30000,10000,0,0,0,0,0,0,0,0,-8300,0,0,0,0,0,0,0,0,0,-2490,0,0,0,-830,-415,0,0,0,0,580446460197898238,93000,0,0,0,0,0,0,0,0,110,110
580443899552040616,Order,2025/09/19,2025/09/25,VND,59257,83000,83000,95000,-12000,0,0,0,-23743,-4238,-8715,0,-35200,21000,14200,0,0,0,0,0,0,0,0,-7055,0,0,0,0,0,0,0,0,0,-2490,0,0,0,-830,-415,0,0,0,0,580443899552040616,84750,0,0,0,12450,0,0,0,0,110,110
580442224786179427,Order,2025/09/19,2025/09/25,VND,58100,83000,83000,95000,-12000,0,0,0,-24900,-4150,-8715,0,-40000,40000,0,0,0,0,0,0,0,0,0,-8300,0,0,0,0,0,0,0,0,0,-2490,0,0,0,-830,-415,0,0,0,0,580442224786179427,83000,0,0,0,0,0,0,0,0,110,110
580442079219189043,Order,2025/09/19,2025/09/25,VND,57600,83000,83000,95000,-12000,0,0,0,-25400,-4650,-8715,0,-40000,30000,10000,0,0,0,0,0,0,0,0,-8300,0,0,0,0,0,0,0,0,0,-2490,0,0,0,-830,-415,0,0,0,0,580442079219189043,93000,0,0,0,0,0,0,0,0,110,110
580441659666040674,Order,2025/09/19,2025/09/25,VND,-40000,0,0,0,0,0,0,0,-40000,0,0,-40000,-40000,0,0,0,0,0,0,0,0,0,0,0,0,0,0,0,0,0,0,0,0,0,0,0,0,0,0,0,0,0,0,580441659666040674,0,0,0,0,0,0,0,0,0,500,500
580441590465005013,Order,2025/09/19,2025/09/25,VND,48585,83000,83000,95000,-12000,0,0,0,-34415,-5365,-8715,0,-30300,6000,24300,0,0,0,0,0,-16600,-16600,0,0,0,0,0,0,0,0,0,0,0,-2490,0,0,0,-830,-415,0,0,0,0,580441590465005013,107300,0,0,0,0,0,0,0,0,110,110
580437340369093921,Order,2025/09/18,2025/09/25,VND,49300,83000,83000,95000,-12000,0,0,0,-33700,-4650,-8715,0,-40000,30000,10000,0,0,0,0,0,-16600,-16600,0,0,0,0,0,0,0,0,0,0,0,-2490,0,0,0,-830,-415,0,0,0,0,580437340369093921,93000,0,0,0,0,0,0,0,0,110,110
580435970721875598,Order,2025/09/18,2025/09/25,VND,189000,300000,300000,350000,-50000,0,0,0,-111000,-13200,-31500,0,-35100,35100,0,0,0,0,0,0,-52800,-52800,0,0,0,0,0,0,0,0,0,0,0,-9000,0,0,0,-3000,-1500,0,0,0,0,580435970721875598,264000,0,0,0,36000,0,0,0,0,510,510
580434953608726235,Order,2025/09/18,2025/09/25,VND,52412,83000,83000,95000,-12000,0,0,0,-30588,-4028,-8715,0,-40000,30000,10000,0,0,0,0,0,-14110,-14110,0,0,0,0,0,0,0,0,0,0,0,-2490,0,0,0,-830,-415,0,0,0,0,580434953608726235,80550,0,0,0,12450,0,0,0,0,110,110
580433270930179381,Order,2025/09/18,2025/09/25,VND,74800,127000,127000,127000,0,0,0,0,-52200,-7750,-13335,0,-40000,12000,28000,0,0,0,0,0,-25400,-25400,0,0,0,0,0,0,0,0,0,0,0,-3810,0,0,0,-1270,-635,0,0,0,0,580433270930179381,155000,0,0,0,0,0,0,0,0,300,300
580431528729544357,Order,2025/09/18,2025/09/25,VND,49300,83000,83000,95000,-12000,0,0,0,-33700,-4650,-8715,0,-40000,30000,10000,0,0,0,0,0,-16600,-16600,0,0,0,0,0,0,0,0,0,0,0,-2490,0,0,0,-830,-415,0,0,0,0,580431528729544357,93000,0,0,0,0,0,0,0,0,110,110
580428362880288154,Order,2025/09/18,2025/09/25,VND,424500,600000,600000,700000,-100000,0,0,0,-175500,-28500,-63000,0,-39400,39400,0,0,0,0,0,0,0,0,0,-57000,0,0,0,0,0,0,0,0,0,-18000,0,0,0,-6000,-3000,0,0,0,0,580428362880288154,570000,0,0,0,30000,0,0,0,0,1030,1030
580423807954290228,Order,2025/09/17,2025/09/25,VND,49300,83000,83000,95000,-12000,0,0,0,-33700,-4650,-8715,0,-40000,30000,10000,0,0,0,0,0,-16600,-16600,0,0,0,0,0,0,0,0,0,0,0,-2490,0,0,0,-830,-415,0,0,0,0,580423807954290228,93000,0,0,0,0,0,0,0,0,100,100
580412101361108161,Order,2025/09/16,2025/09/25,VND,118500,170000,170000,190000,-20000,0,0,0,-51500,-9000,-17850,0,-40000,30000,10000,0,0,0,0,0,0,0,0,-17000,0,0,0,0,0,0,0,0,0,-5100,0,0,0,-1700,-850,0,0,0,0,580412101361108161,180000,0,0,0,0,0,0,0,0,230,230
580449100699305258,Order,2025/09/19,2025/09/24,VND,58085,83000,83000,95000,-12000,0,0,0,-24915,-4165,-8715,0,-30300,30000,300,0,0,0,0,0,0,0,0,-8300,0,0,0,0,0,0,0,0,0,-2490,0,0,0,-830,-415,0,0,0,0,580449100699305258,83300,0,0,0,0,0,0,0,0,110,110
580447096572118619,Order,2025/09/19,2025/09/24,VND,49785,83000,83000,95000,-12000,0,0,0,-33215,-4165,-8715,0,-30300,30000,300,0,0,0,0,0,-16600,-16600,0,0,0,0,0,0,0,0,0,0,0,-2490,0,0,0,-830,-415,0,0,0,0,580447096572118619,83300,0,0,0,0,0,0,0,0,110,110
580446966473851997,Order,2025/09/19,2025/09/24,VND,58100,83000,83000,95000,-12000,0,0,0,-24900,-4150,-8715,0,-14000,14000,0,0,0,0,0,0,0,0,0,-8300,0,0,0,0,0,0,0,0,0,-2490,0,0,0,-830,-415,0,0,0,0,580446966473851997,83000,0,0,0,0,0,0,0,0,110,110
580445214360307606,Order,2025/09/19,2025/09/24,VND,49800,83000,83000,95000,-12000,0,0,0,-33200,-4150,-8715,0,-26200,26200,0,0,0,0,0,0,-16600,-16600,0,0,0,0,0,0,0,0,0,0,0,-2490,0,0,0,-830,-415,0,0,0,0,580445214360307606,83000,0,0,0,0,0,0,0,0,110,110
580444223503763096,Order,2025/09/19,2025/09/24,VND,58085,83000,83000,95000,-12000,0,0,0,-24915,-4165,-8715,0,-30300,30000,300,0,0,0,0,0,0,0,0,-8300,0,0,0,0,0,0,0,0,0,-2490,0,0,0,-830,-415,0,0,0,0,580444223503763096,83300,0,0,0,0,0,0,0,0,110,110
580444092752889531,Order,2025/09/19,2025/09/24,VND,49300,83000,83000,95000,-12000,0,0,0,-33700,-4650,-8715,0,-40000,30000,10000,0,0,0,0,0,-16600,-16600,0,0,0,0,0,0,0,0,0,0,0,-2490,0,0,0,-830,-415,0,0,0,0,580444092752889531,93000,0,0,0,0,0,0,0,0,110,110
580443657239758126,Order,2025/09/19,2025/09/24,VND,373500,600000,600000,700000,-100000,0,0,0,-226500,-27300,-63000,0,-55400,55400,0,0,0,0,0,0,-109200,-109200,0,0,0,0,0,0,0,0,0,0,0,-18000,0,0,0,-6000,-3000,0,0,0,0,580443657239758126,546000,0,0,0,54000,0,0,0,0,1030,1030
580442281452274790,Order,2025/09/19,2025/09/24,VND,49800,83000,83000,95000,-12000,0,0,0,-33200,-4150,-8715,0,-36000,36000,0,0,0,0,0,0,-16600,-16600,0,0,0,0,0,0,0,0,0,0,0,-2490,0,0,0,-830,-415,0,0,0,0,580442281452274790,83000,0,0,0,0,0,0,0,0,110,110
580441683554174526,Order,2025/09/19,2025/09/24,VND,-40000,0,0,0,0,0,0,0,-40000,0,0,-40000,-40000,0,0,0,0,0,0,0,0,0,0,0,0,0,0,0,0,0,0,0,0,0,0,0,0,0,0,0,0,0,0,580441683554174526,0,0,0,0,0,0,0,0,0,500,500
580441011249907449,Order,2025/09/19,2025/09/24,VND,49300,83000,83000,95000,-12000,0,0,0,-33700,-4650,-8715,0,-40000,30000,10000,0,0,0,0,0,-16600,-16600,0,0,0,0,0,0,0,0,0,0,0,-2490,0,0,0,-830,-415,0,0,0,0,580441011249907449,93000,0,0,0,0,0,0,0,0,110,110
580440144425354754,Order,2025/09/19,2025/09/24,VND,424500,600000,600000,700000,-100000,0,0,0,-175500,-28500,-63000,0,-55400,55400,0,0,0,0,0,0,0,0,0,-57000,0,0,0,0,0,0,0,0,0,-18000,0,0,0,-6000,-3000,0,0,0,0,580440144425354754,570000,0,0,0,30000,0,0,0,0,1030,1030
580435364476585181,Order,2025/09/18,2025/09/24,VND,99600,166000,166000,190000,-24000,0,0,0,-66400,-8300,-17430,0,-40000,40000,0,0,0,0,0,0,-33200,-33200,0,0,0,0,0,0,0,0,0,0,0,-4980,0,0,0,-1660,-830,0,0,0,0,580435364476585181,166000,0,0,0,0,0,0,0,0,230,230
580432743646659720,Order,2025/09/18,2025/09/24,VND,49785,83000,83000,95000,-12000,0,0,0,-33215,-4165,-8715,0,-30300,30000,300,0,0,0,0,0,-16600,-16600,0,0,0,0,0,0,0,0,0,0,0,-2490,0,0,0,-830,-415,0,0,0,0,580432743646659720,83300,0,0,0,0,0,0,0,0,110,110
580430304879215794,Order,2025/09/18,2025/09/24,VND,756000,1200000,1200000,1400000,-200000,0,0,0,-444000,-52800,-126000,0,-47600,47600,0,0,0,0,0,0,-211200,-211200,0,0,0,0,0,0,0,0,0,0,0,-36000,0,0,0,-12000,-6000,0,0,0,0,580430304879215794,1056000,0,0,0,144000,0,0,0,0,2030,2030
580430246992250006,Order,2025/09/18,2025/09/24,VND,49800,83000,83000,95000,-12000,0,0,0,-33200,-4150,-8715,0,-40000,40000,0,0,0,0,0,0,-16600,-16600,0,0,0,0,0,0,0,0,0,0,0,-2490,0,0,0,-830,-415,0,0,0,0,580430246992250006,83000,0,0,0,0,0,0,0,0,110,110
580428766273438799,Order,2025/09/18,2025/09/24,VND,59953,83000,83000,95000,-12000,0,0,0,-23047,-3542,-8715,0,-30300,30000,300,0,0,0,0,0,0,0,0,-7055,0,0,0,0,0,0,0,0,0,-2490,0,0,0,-830,-415,0,0,0,0,580428766273438799,70850,0,0,0,12450,0,0,0,0,110,110
580428528600319723,Order,2025/09/18,2025/09/24,VND,187500,300000,300000,350000,-50000,0,0,0,-112500,-13500,-31500,0,-41400,41400,0,0,0,0,0,0,-54000,-54000,0,0,0,0,0,0,0,0,0,0,0,-9000,0,0,0,-3000,-1500,0,0,0,0,580428528600319723,270000,0,0,0,30000,0,0,0,0,510,510
580428361251980938,Order,2025/09/18,2025/09/24,VND,59467,83000,83000,95000,-12000,0,0,0,-23533,-4028,-8715,0,-40000,30000,10000,0,0,0,0,0,0,0,0,-7055,0,0,0,0,0,0,0,0,0,-2490,0,0,0,-830,-415,0,0,0,0,580428361251980938,80550,0,0,0,12450,0,0,0,0,110,110
580427742257907160,Order,2025/09/18,2025/09/24,VND,59707,83000,83000,95000,-12000,0,0,0,-23293,-3788,-8715,0,-35200,30000,5200,0,0,0,0,0,0,0,0,-7055,0,0,0,0,0,0,0,0,0,-2490,0,0,0,-830,-415,0,0,0,0,580427742257907160,75750,0,0,0,12450,0,0,0,0,110,110
580424154464683933,Order,2025/09/17,2025/09/24,VND,375530,600000,600000,700000,-100000,0,0,0,-224470,-28870,-63000,0,-55400,6000,49400,0,0,0,0,0,-105600,-105600,0,0,0,0,0,0,0,0,0,0,0,-18000,0,0,0,-6000,-3000,0,0,0,0,580424154464683933,577400,0,0,0,72000,0,0,0,0,1030,1030
580417257071608880,Order,2025/09/17,2025/09/24,VND,-40000,0,0,0,0,0,0,0,-40000,0,0,-40000,-40000,0,0,0,0,0,0,0,0,0,0,0,0,0,0,0,0,0,0,0,0,0,0,0,0,0,0,0,0,0,0,580417257071608880,0,0,0,0,0,0,0,0,0,500,500
580413025759953970,Order,2025/09/16,2025/09/24,VND,50985,85000,85000,95000,-10000,0,0,0,-34015,-4265,-8925,0,-30300,30000,300,0,0,0,0,0,-17000,-17000,0,0,0,0,0,0,0,0,0,0,0,-2550,0,0,0,-850,-425,0,0,0,0,580413025759953970,85300,0,0,0,0,0,0,0,0,110,110
580410995344967457,Order,2025/09/16,2025/09/24,VND,211500,300000,300000,350000,-50000,0,0,0,-88500,-14500,-31500,0,-35100,35100,0,0,0,0,0,0,0,0,0,-29000,0,0,0,0,0,0,0,0,0,-9000,0,0,0,-3000,-1500,0,0,0,0,580410995344967457,290000,0,0,0,10000,0,0,0,0,510,510
580410779630864171,Order,2025/09/16,2025/09/24,VND,50500,85000,85000,95000,-10000,0,0,0,-34500,-4750,-8925,0,-40000,30000,10000,0,0,0,0,0,-17000,-17000,0,0,0,0,0,0,0,0,0,0,0,-2550,0,0,0,-850,-425,0,0,0,0,580410779630864171,95000,0,0,0,0,0,0,0,0,110,110
580379213972408210,Order,2025/09/14,2025/09/24,VND,50500,85000,85000,95000,-10000,0,0,0,-34500,-4750,-8925,0,-40000,30000,10000,0,0,0,0,0,-17000,-17000,0,0,0,0,0,0,0,0,0,0,0,-2550,0,0,0,-850,-425,0,0,0,0,580379213972408210,95000,0,0,0,0,0,0,0,0,110,110
580442810692699698,Order,2025/09/19,2025/09/23,VND,59967,83000,83000,95000,-12000,0,0,0,-23033,-3528,-8715,0,-19700,19700,0,0,0,0,0,0,0,0,0,-7055,0,0,0,0,0,0,0,0,0,-2490,0,0,0,-830,-415,0,0,0,0,580442810692699698,70550,0,0,0,12450,0,0,0,0,110,110
580437388963448400,Order,2025/09/18,2025/09/23,VND,567000,900000,900000,1050000,-150000,0,0,0,-333000,-39600,-94500,0,-17600,17600,0,0,0,0,0,0,-158400,-158400,0,0,0,0,0,0,0,0,0,0,0,-27000,0,0,0,-9000,-4500,0,0,0,0,580437388963448400,792000,0,0,0,108000,0,0,0,0,1530,1530
580432752152512064,Order,2025/09/18,2025/09/23,VND,189000,300000,300000,350000,-50000,0,0,0,-111000,-13200,-31500,0,-47600,47600,0,0,0,0,0,0,-52800,-52800,0,0,0,0,0,0,0,0,0,0,0,-9000,0,0,0,-3000,-1500,0,0,0,0,580432752152512064,264000,0,0,0,36000,0,0,0,0,510,510
580431155231098484,Order,2025/09/18,2025/09/23,VND,57600,83000,83000,95000,-12000,0,0,0,-25400,-4650,-8715,0,-40000,30000,10000,0,0,0,0,0,0,0,0,-8300,0,0,0,0,0,0,0,0,0,-2490,0,0,0,-830,-415,0,0,0,0,580431155231098484,93000,0,0,0,0,0,0,0,0,110,110
580430046113924876,Order,2025/09/18,2025/09/23,VND,52412,83000,83000,95000,-12000,0,0,0,-30588,-4028,-8715,0,-40000,30000,10000,0,0,0,0,0,-14110,-14110,0,0,0,0,0,0,0,0,0,0,0,-2490,0,0,0,-830,-415,0,0,0,0,580430046113924876,80550,0,0,0,12450,0,0,0,0,110,110
580429769864742112,Order,2025/09/18,2025/09/23,VND,59467,83000,83000,95000,-12000,0,0,0,-23533,-4028,-8715,0,-40000,30000,10000,0,0,0,0,0,0,0,0,-7055,0,0,0,0,0,0,0,0,0,-2490,0,0,0,-830,-415,0,0,0,0,580429769864742112,80550,0,0,0,12450,0,0,0,0,110,110
580429327124956839,Order,2025/09/18,2025/09/23,VND,52412,83000,83000,95000,-12000,0,0,0,-30588,-4028,-8715,0,-40000,30000,10000,0,0,0,0,0,-14110,-14110,0,0,0,0,0,0,0,0,0,0,0,-2490,0,0,0,-830,-415,0,0,0,0,580429327124956839,80550,0,0,0,12450,0,0,0,0,110,110
580427757043549413,Order,2025/09/18,2025/09/23,VND,59953,83000,83000,95000,-12000,0,0,0,-23047,-3542,-8715,0,-30300,30000,300,0,0,0,0,0,0,0,0,-7055,0,0,0,0,0,0,0,0,0,-2490,0,0,0,-830,-415,0,0,0,0,580427757043549413,70850,0,0,0,12450,0,0,0,0,110,110
580425235346982769,Order,2025/09/17,2025/09/23,VND,58085,83000,83000,95000,-12000,0,0,0,-24915,-4165,-8715,0,-30300,30000,300,0,0,0,0,0,0,0,0,-8300,0,0,0,0,0,0,0,0,0,-2490,0,0,0,-830,-415,0,0,0,0,580425235346982769,83300,0,0,0,0,0,0,0,0,110,110
580423898677347792,Order,2025/09/17,2025/09/23,VND,57600,83000,83000,95000,-12000,0,0,0,-25400,-4650,-8715,0,-40000,30000,10000,0,0,0,0,0,0,0,0,-8300,0,0,0,0,0,0,0,0,0,-2490,0,0,0,-830,-415,0,0,0,0,580423898677347792,93000,0,0,0,0,0,0,0,0,110,110
580423820370478246,Order,2025/09/17,2025/09/23,VND,189000,300000,300000,350000,-50000,0,0,0,-111000,-13200,-31500,0,-35100,35100,0,0,0,0,0,0,-52800,-52800,0,0,0,0,0,0,0,0,0,0,0,-9000,0,0,0,-3000,-1500,0,0,0,0,580423820370478246,264000,0,0,0,36000,0,0,0,0,510,510
580423742925670237,Order,2025/09/17,2025/09/23,VND,189000,300000,300000,350000,-50000,0,0,0,-111000,-13200,-31500,0,-47600,47600,0,0,0,0,0,0,-52800,-52800,0,0,0,0,0,0,0,0,0,0,0,-9000,0,0,0,-3000,-1500,0,0,0,0,580423742925670237,264000,0,0,0,36000,0,0,0,0,510,510
580423690607297728,Order,2025/09/17,2025/09/23,VND,49600,83000,83000,95000,-12000,0,0,0,-33400,-4350,-8715,0,-34000,30000,4000,0,0,0,0,0,-16600,-16600,0,0,0,0,0,0,0,0,0,0,0,-2490,0,0,0,-830,-415,0,0,0,0,580423690607297728,87000,0,0,0,0,0,0,0,0,110,110
580423666434213411,Order,2025/09/17,2025/09/23,VND,49300,83000,83000,95000,-12000,0,0,0,-33700,-4650,-8715,0,-40000,30000,10000,0,0,0,0,0,-16600,-16600,0,0,0,0,0,0,0,0,0,0,0,-2490,0,0,0,-830,-415,0,0,0,0,580423666434213411,93000,0,0,0,0,0,0,0,0,110,110
580423391831492043,Order,2025/09/17,2025/09/23,VND,49300,83000,83000,95000,-12000,0,0,0,-33700,-4650,-8715,0,-40000,30000,10000,0,0,0,0,0,-16600,-16600,0,0,0,0,0,0,0,0,0,0,0,-2490,0,0,0,-830,-415,0,0,0,0,580423391831492043,93000,0,0,0,0,0,0,0,0,110,110
580422864503276926,Order,2025/09/17,2025/09/23,VND,66000,95000,95000,95000,0,0,0,0,-29000,-5250,-9975,0,-40000,30000,10000,0,0,0,0,0,0,0,0,-9500,0,0,0,0,0,0,0,0,0,-2850,0,0,0,-950,-475,0,0,0,0,580422864503276926,105000,0,0,0,0,0,0,0,0,110,110
580422768985146439,Order,2025/09/17,2025/09/23,VND,56800,95000,95000,95000,0,0,0,0,-38200,-4950,-9975,0,-34000,30000,4000,0,0,0,0,0,-19000,-19000,0,0,0,0,0,0,0,0,0,0,0,-2850,0,0,0,-950,-475,0,0,0,0,580422768985146439,99000,0,0,0,0,0,0,0,0,110,110
"5,80422E+17",Order,2025/09/17,2025/09/23,VND,57000,95000,95000,95000,0,0,0,0,-38000,-4750,-9975,0,-40000,40000,0,0,0,0,0,0,-19000,-19000,0,0,0,0,0,0,0,0,0,0,0,-2850,0,0,0,-950,-475,0,0,0,0,"5,80422E+17",95000,0,0,0,0,0,0,0,0,110,110
580419227141048030,Order,2025/09/17,2025/09/23,VND,56500,95000,95000,95000,0,0,0,0,-38500,-5250,-9975,0,-40000,30000,10000,0,0,0,0,0,-19000,-19000,0,0,0,0,0,0,0,0,0,0,0,-2850,0,0,0,-950,-475,0,0,0,0,580419227141048030,105000,0,0,0,0,0,0,0,0,110,110
580418150191760398,Order,2025/09/17,2025/09/23,VND,65497,95000,95000,95000,0,0,0,0,-29503,-6418,-9975,0,-40000,0,40000,0,0,0,0,0,0,0,0,-8835,0,0,0,0,0,0,0,0,0,-2850,0,0,0,-950,-475,0,0,0,0,580418150191760398,128350,0,0,0,6650,0,0,0,0,110,110
580417366909420817,Order,2025/09/17,2025/09/23,VND,75500,95000,95000,95000,0,0,0,0,-19500,-5250,-9975,0,-40000,30000,10000,0,0,0,0,0,0,0,0,0,0,0,0,0,0,0,0,0,0,-2850,0,0,0,-950,-475,0,0,0,0,580417366909420817,105000,0,0,0,0,0,0,0,0,110,110
580417269227160620,Order,2025/09/17,2025/09/23,VND,66000,95000,95000,95000,0,0,0,0,-29000,-5250,-9975,0,-40000,30000,10000,0,0,0,0,0,0,0,0,-9500,0,0,0,0,0,0,0,0,0,-2850,0,0,0,-950,-475,0,0,0,0,580417269227160620,105000,0,0,0,0,0,0,0,0,110,110
580413211434714617,Order,2025/09/16,2025/09/23,VND,59000,85000,85000,95000,-10000,0,0,0,-26000,-4750,-8925,0,-40000,30000,10000,0,0,0,0,0,0,0,0,-8500,0,0,0,0,0,0,0,0,0,-2550,0,0,0,-850,-425,0,0,0,0,580413211434714617,95000,0,0,0,0,0,0,0,0,110,110
580412752589325639,Order,2025/09/16,2025/09/23,VND,185235,300000,300000,350000,-50000,0,0,0,-114765,-13965,-31500,0,-30300,30000,300,0,0,0,0,0,-55800,-55800,0,0,0,0,0,0,0,0,0,0,0,-9000,0,0,0,-3000,-1500,0,0,0,0,580412752589325639,279300,0,0,0,21000,0,0,0,0,500,500
580412365796639955,Order,2025/09/16,2025/09/23,VND,66500,95000,95000,95000,0,0,0,0,-28500,-4750,-9975,0,-30300,30300,0,0,0,0,0,0,0,0,0,-9500,0,0,0,0,0,0,0,0,0,-2850,0,0,0,-950,-475,0,0,0,0,580412365796639955,95000,0,0,0,0,0,0,0,0,110,110
580412290080474448,Order,2025/09/16,2025/09/23,VND,59240,85000,85000,95000,-10000,0,0,0,-25760,-4510,-8925,0,-35200,30000,5200,0,0,0,0,0,0,0,0,-8500,0,0,0,0,0,0,0,0,0,-2550,0,0,0,-850,-425,0,0,0,0,580412290080474448,90200,0,0,0,0,0,0,0,0,110,110
580412272465511966,Order,2025/09/16,2025/09/23,VND,50500,85000,85000,95000,-10000,0,0,0,-34500,-4750,-8925,0,-40000,30000,10000,0,0,0,0,0,-17000,-17000,0,0,0,0,0,0,0,0,0,0,0,-2550,0,0,0,-850,-425,0,0,0,0,580412272465511966,95000,0,0,0,0,0,0,0,0,110,110
580411700933134055,Order,2025/09/16,2025/09/23,VND,59500,85000,85000,95000,-10000,0,0,0,-25500,-4250,-8925,0,-35200,35200,0,0,0,0,0,0,0,0,0,-8500,0,0,0,0,0,0,0,0,0,-2550,0,0,0,-850,-425,0,0,0,0,580411700933134055,85000,0,0,0,0,0,0,0,0,110,110
580411402385720476,Order,2025/09/16,2025/09/23,VND,133000,190000,190000,190000,0,0,0,0,-57000,-9500,-19950,0,-30300,30300,0,0,0,0,0,0,0,0,0,-19000,0,0,0,0,0,0,0,0,0,-5700,0,0,0,-1900,-950,0,0,0,0,580411402385720476,190000,0,0,0,0,0,0,0,0,230,230
580411244201608527,Order,2025/09/16,2025/09/23,VND,50500,85000,85000,95000,-10000,0,0,0,-34500,-4750,-8925,0,-40000,30000,10000,0,0,0,0,0,-17000,-17000,0,0,0,0,0,0,0,0,0,0,0,-2550,0,0,0,-850,-425,0,0,0,0,580411244201608527,95000,0,0,0,0,0,0,0,0,110,110
580410831310324981,Order,2025/09/16,2025/09/23,VND,59000,85000,85000,95000,-10000,0,0,0,-26000,-4750,-8925,0,-40000,30000,10000,0,0,0,0,0,0,0,0,-8500,0,0,0,0,0,0,0,0,0,-2550,0,0,0,-850,-425,0,0,0,0,580410831310324981,95000,0,0,0,0,0,0,0,0,110,110
580410276905125232,Order,2025/09/16,2025/09/23,VND,59485,85000,85000,95000,-10000,0,0,0,-25515,-4265,-8925,0,-30300,30000,300,0,0,0,0,0,0,0,0,-8500,0,0,0,0,0,0,0,0,0,-2550,0,0,0,-850,-425,0,0,0,0,580410276905125232,85300,0,0,0,0,0,0,0,0,110,110
580409909232633125,Order,2025/09/16,2025/09/23,VND,59000,85000,85000,95000,-10000,0,0,0,-26000,-4750,-8925,0,-40000,30000,10000,0,0,0,0,0,0,0,0,-8500,0,0,0,0,0,0,0,0,0,-2550,0,0,0,-850,-425,0,0,0,0,580409909232633125,95000,0,0,0,0,0,0,0,0,110,110
580409079593994190,Order,2025/09/16,2025/09/23,VND,59000,85000,85000,95000,-10000,0,0,0,-26000,-4750,-8925,0,-40000,30000,10000,0,0,0,0,0,0,0,0,-8500,0,0,0,0,0,0,0,0,0,-2550,0,0,0,-850,-425,0,0,0,0,580409079593994190,95000,0,0,0,0,0,0,0,0,110,110
580401733681710371,Order,2025/09/15,2025/09/23,VND,50500,85000,85000,95000,-10000,0,0,0,-34500,-4750,-8925,0,-40000,30000,10000,0,0,0,0,0,-17000,-17000,0,0,0,0,0,0,0,0,0,0,0,-2550,0,0,0,-850,-425,0,0,0,0,580401733681710371,95000,0,0,0,0,0,0,0,0,110,110
580396266661709330,Order,2025/09/15,2025/09/23,VND,80000,115000,115000,130000,-15000,0,0,0,-35000,-6250,-12075,0,-40000,30000,10000,0,0,0,0,0,0,0,0,-11500,0,0,0,0,0,0,0,0,0,-3450,0,0,0,-1150,-575,0,0,0,0,580396266661709330,125000,0,0,0,0,0,0,0,0,210,210
580386601872819730,Order,2025/09/14,2025/09/23,VND,58500,85000,85000,95000,-10000,0,0,0,-26500,-5250,-8925,0,-40000,20000,20000,0,0,0,0,0,0,0,0,-8500,0,0,0,0,0,0,0,0,0,-2550,0,0,0,-850,-425,0,0,0,0,580386601872819730,105000,0,0,0,0,0,0,0,0,100,100
580367985685596092,Order,2025/09/13,2025/09/23,VND,-30300,0,0,0,0,0,0,0,-30300,0,0,-30300,-30300,0,0,0,0,0,0,0,0,0,0,0,0,0,0,0,0,0,0,0,0,0,0,0,0,0,0,0,0,0,0,580367985685596092,0,0,0,0,0,0,0,0,0,210,210
580360583079954322,Order,2025/09/12,2025/09/23,VND,-35200,0,0,0,0,0,0,0,-35200,0,0,-35200,-35200,0,0,0,0,0,0,0,0,0,0,0,0,0,0,0,0,0,0,0,0,0,0,0,0,0,0,0,0,0,0,580360583079954322,0,0,0,0,0,0,0,0,0,210,210
580432025087608605,Order,2025/09/18,2025/09/22,VND,52898,83000,83000,95000,-12000,0,0,0,-30102,-3542,-8715,0,-30300,30000,300,0,0,0,0,0,-14110,-14110,0,0,0,0,0,0,0,0,0,0,0,-2490,0,0,0,-830,-415,0,0,0,0,580432025087608605,70850,0,0,0,12450,0,0,0,0,110,110
580426201449859043,Order,2025/09/17,2025/09/22,VND,58100,83000,83000,95000,-12000,0,0,0,-24900,-4150,-8715,0,-28800,28800,0,0,0,0,0,0,0,0,0,-8300,0,0,0,0,0,0,0,0,0,-2490,0,0,0,-830,-415,0,0,0,0,580426201449859043,83000,0,0,0,0,0,0,0,0,110,110
580423989383628571,Order,2025/09/17,2025/09/22,VND,49785,83000,83000,95000,-12000,0,0,0,-33215,-4165,-8715,0,-30300,30000,300,0,0,0,0,0,-16600,-16600,0,0,0,0,0,0,0,0,0,0,0,-2490,0,0,0,-830,-415,0,0,0,0,580423989383628571,83300,0,0,0,0,0,0,0,0,110,110
580423393597359996,Order,2025/09/17,2025/09/22,VND,189000,300000,300000,350000,-50000,0,0,0,-111000,-13200,-31500,0,-29700,29700,0,0,0,0,0,0,-52800,-52800,0,0,0,0,0,0,0,0,0,0,0,-9000,0,0,0,-3000,-1500,0,0,0,0,580423393597359996,264000,0,0,0,36000,0,0,0,0,510,510
580421883253982210,Order,2025/09/17,2025/09/22,VND,75985,95000,95000,95000,0,0,0,0,-19015,-4765,-9975,0,-30300,30000,300,0,0,0,0,0,0,0,0,0,0,0,0,0,0,0,0,0,0,-2850,0,0,0,-950,-475,0,0,0,0,580421883253982210,95300,0,0,0,0,0,0,0,0,110,110
580418296861263787,Order,2025/09/17,2025/09/22,VND,56985,95000,95000,95000,0,0,0,0,-38015,-4765,-9975,0,-30300,30000,300,0,0,0,0,0,-19000,-19000,0,0,0,0,0,0,0,0,0,0,0,-2850,0,0,0,-950,-475,0,0,0,0,580418296861263787,95300,0,0,0,0,0,0,0,0,110,110
580417746655938505,Order,2025/09/17,2025/09/22,VND,210000,350000,350000,350000,0,0,0,0,-140000,-17500,-36750,0,-35100,35100,0,0,0,0,0,0,-70000,-70000,0,0,0,0,0,0,0,0,0,0,0,-10500,0,0,0,-3500,-1750,0,0,0,0,580417746655938505,350000,0,0,0,0,0,0,0,0,510,510
580417436842165308,Order,2025/09/17,2025/09/22,VND,59375,95000,95000,95000,0,0,0,0,-35625,-4275,-9975,0,-40000,40000,0,0,0,0,0,0,-17100,-17100,0,0,0,0,0,0,0,0,0,0,0,-2850,0,0,0,-950,-475,0,0,0,0,580417436842165308,85500,0,0,0,9500,0,0,0,0,110,110
580416889075303818,Order,2025/09/17,2025/09/22,VND,57000,95000,95000,95000,0,0,0,0,-38000,-4750,-9975,0,-26200,26200,0,0,0,0,0,0,-19000,-19000,0,0,0,0,0,0,0,0,0,0,0,-2850,0,0,0,-950,-475,0,0,0,0,580416889075303818,95000,0,0,0,0,0,0,0,0,110,110
580416069319492892,Order,2025/09/17,2025/09/22,VND,57000,95000,95000,95000,0,0,0,0,-38000,-4750,-9975,0,-35200,35200,0,0,0,0,0,0,-19000,-19000,0,0,0,0,0,0,0,0,0,0,0,-2850,0,0,0,-950,-475,0,0,0,0,580416069319492892,95000,0,0,0,0,0,0,0,0,110,110
580415897432328079,Order,2025/09/17,2025/09/22,VND,245000,350000,350000,350000,0,0,0,0,-105000,-17500,-36750,0,-35100,35100,0,0,0,0,0,0,0,0,0,-35000,0,0,0,0,0,0,0,0,0,-10500,0,0,0,-3500,-1750,0,0,0,0,580415897432328079,350000,0,0,0,0,0,0,0,0,510,510
580412731178452122,Order,2025/09/16,2025/09/22,VND,50500,85000,85000,95000,-10000,0,0,0,-34500,-4750,-8925,0,-40000,30000,10000,0,0,0,0,0,-17000,-17000,0,0,0,0,0,0,0,0,0,0,0,-2550,0,0,0,-850,-425,0,0,0,0,580412731178452122,95000,0,0,0,0,0,0,0,0,110,110
580412380170717020,Order,2025/09/16,2025/09/22,VND,50985,85000,85000,95000,-10000,0,0,0,-34015,-4265,-8925,0,-30300,30000,300,0,0,0,0,0,-17000,-17000,0,0,0,0,0,0,0,0,0,0,0,-2550,0,0,0,-850,-425,0,0,0,0,580412380170717020,85300,0,0,0,0,0,0,0,0,110,110
580411969166345733,Order,2025/09/16,2025/09/22,VND,50500,85000,85000,95000,-10000,0,0,0,-34500,-4750,-8925,0,-40000,30000,10000,0,0,0,0,0,-17000,-17000,0,0,0,0,0,0,0,0,0,0,0,-2550,0,0,0,-850,-425,0,0,0,0,580411969166345733,95000,0,0,0,0,0,0,0,0,110,110
580411881959753173,Order,2025/09/16,2025/09/22,VND,189000,300000,300000,350000,-50000,0,0,0,-111000,-13200,-31500,0,-35100,35100,0,0,0,0,0,0,-52800,-52800,0,0,0,0,0,0,0,0,0,0,0,-9000,0,0,0,-3000,-1500,0,0,0,0,580411881959753173,264000,0,0,0,36000,0,0,0,0,510,510
580411526050711085,Order,2025/09/16,2025/09/22,VND,189000,300000,300000,350000,-50000,0,0,0,-111000,-13200,-31500,0,-35100,35100,0,0,0,0,0,0,-52800,-52800,0,0,0,0,0,0,0,0,0,0,0,-9000,0,0,0,-3000,-1500,0,0,0,0,580411526050711085,264000,0,0,0,36000,0,0,0,0,510,510
580411476283000178,Order,2025/09/16,2025/09/22,VND,51000,85000,85000,95000,-10000,0,0,0,-34000,-4250,-8925,0,-30300,30300,0,0,0,0,0,0,-17000,-17000,0,0,0,0,0,0,0,0,0,0,0,-2550,0,0,0,-850,-425,0,0,0,0,580411476283000178,85000,0,0,0,0,0,0,0,0,110,110
580411240528774358,Order,2025/09/16,2025/09/22,VND,189000,300000,300000,350000,-50000,0,0,0,-111000,-13200,-31500,0,-47600,47600,0,0,0,0,0,0,-52800,-52800,0,0,0,0,0,0,0,0,0,0,0,-9000,0,0,0,-3000,-1500,0,0,0,0,580411240528774358,264000,0,0,0,36000,0,0,0,0,510,510
580411227925022057,Order,2025/09/16,2025/09/22,VND,51000,85000,85000,95000,-10000,0,0,0,-34000,-4250,-8925,0,-40000,40000,0,0,0,0,0,0,-17000,-17000,0,0,0,0,0,0,0,0,0,0,0,-2550,0,0,0,-850,-425,0,0,0,0,580411227925022057,85000,0,0,0,0,0,0,0,0,110,110
580410806836626771,Order,2025/09/16,2025/09/22,VND,59000,85000,85000,95000,-10000,0,0,0,-26000,-4750,-8925,0,-40000,30000,10000,0,0,0,0,0,0,0,0,-8500,0,0,0,0,0,0,0,0,0,-2550,0,0,0,-850,-425,0,0,0,0,580410806836626771,95000,0,0,0,0,0,0,0,0,110,110
580410494763501196,Order,2025/09/16,2025/09/22,VND,180000,300000,300000,350000,-50000,0,0,0,-120000,-15000,-31500,0,-47600,47600,0,0,0,0,0,0,-60000,-60000,0,0,0,0,0,0,0,0,0,0,0,-9000,0,0,0,-3000,-1500,0,0,0,0,580410494763501196,300000,0,0,0,0,0,0,0,0,510,510
580409122819245476,Order,2025/09/16,2025/09/22,VND,118740,170000,170000,190000,-20000,0,0,0,-51260,-8760,-17850,0,-35200,30000,5200,0,0,0,0,0,0,0,0,-17000,0,0,0,0,0,0,0,0,0,-5100,0,0,0,-1700,-850,0,0,0,0,580409122819245476,175200,0,0,0,0,0,0,0,0,230,230
580408972965938923,Order,2025/09/16,2025/09/22,VND,213600,300000,300000,350000,-50000,0,0,0,-86400,-13800,-31500,0,-47600,47600,0,0,0,0,0,0,0,0,0,-27600,0,0,0,0,0,0,0,0,0,-9000,0,0,0,-3000,-1500,0,0,0,0,580408972965938923,276000,0,0,0,24000,0,0,0,0,510,510
580407857141810537,Order,2025/09/16,2025/09/22,VND,59240,85000,85000,95000,-10000,0,0,0,-25760,-4510,-8925,0,-35200,30000,5200,0,0,0,0,0,0,0,0,-8500,0,0,0,0,0,0,0,0,0,-2550,0,0,0,-850,-425,0,0,0,0,580407857141810537,90200,0,0,0,0,0,0,0,0,110,110
580406322872485394,Order,2025/09/16,2025/09/22,VND,189000,300000,300000,350000,-50000,0,0,0,-111000,-13200,-31500,0,-47600,47600,0,0,0,0,0,0,-52800,-52800,0,0,0,0,0,0,0,0,0,0,0,-9000,0,0,0,-3000,-1500,0,0,0,0,580406322872485394,264000,0,0,0,36000,0,0,0,0,510,510
580405792885474525,Order,2025/09/16,2025/09/22,VND,50500,85000,85000,95000,-10000,0,0,0,-34500,-4750,-8925,0,-40000,30000,10000,0,0,0,0,0,-17000,-17000,0,0,0,0,0,0,0,0,0,0,0,-2550,0,0,0,-850,-425,0,0,0,0,580405792885474525,95000,0,0,0,0,0,0,0,0,110,110
580405486580041348,Order,2025/09/16,2025/09/22,VND,147985,230000,230000,260000,-30000,0,0,0,-82015,-9515,-24150,0,-30300,30000,300,0,0,0,0,0,-38000,-38000,0,0,0,0,0,0,0,0,0,0,0,-6900,0,0,0,-2300,-1150,0,0,0,0,580405486580041348,190300,0,0,0,40000,0,0,0,0,430,430
580404643260368797,Order,2025/09/16,2025/09/22,VND,50740,85000,85000,95000,-10000,0,0,0,-34260,-4510,-8925,0,-35200,30000,5200,0,0,0,0,0,-17000,-17000,0,0,0,0,0,0,0,0,0,0,0,-2550,0,0,0,-850,-425,0,0,0,0,580404643260368797,90200,0,0,0,0,0,0,0,0,110,110
580403787438720592,Order,2025/09/16,2025/09/22,VND,180000,300000,300000,350000,-50000,0,0,0,-120000,-15000,-31500,0,-29700,29700,0,0,0,0,0,0,-60000,-60000,0,0,0,0,0,0,0,0,0,0,0,-9000,0,0,0,-3000,-1500,0,0,0,0,580403787438720592,300000,0,0,0,0,0,0,0,0,510,510
580403462616679730,Order,2025/09/16,2025/09/22,VND,59500,85000,85000,95000,-10000,0,0,0,-25500,-4250,-8925,0,-40000,40000,0,0,0,0,0,0,0,0,0,-8500,0,0,0,0,0,0,0,0,0,-2550,0,0,0,-850,-425,0,0,0,0,580403462616679730,85000,0,0,0,0,0,0,0,0,110,110
580401574349342580,Order,2025/09/15,2025/09/22,VND,59485,85000,85000,95000,-10000,0,0,0,-25515,-4265,-8925,0,-30300,30000,300,0,0,0,0,0,0,0,0,-8500,0,0,0,0,0,0,0,0,0,-2550,0,0,0,-850,-425,0,0,0,0,580401574349342580,85300,0,0,0,0,0,0,0,0,110,110
580401308313880103,Order,2025/09/15,2025/09/22,VND,50500,85000,85000,95000,-10000,0,0,0,-34500,-4750,-8925,0,-40000,30000,10000,0,0,0,0,0,-17000,-17000,0,0,0,0,0,0,0,0,0,0,0,-2550,0,0,0,-850,-425,0,0,0,0,580401308313880103,95000,0,0,0,0,0,0,0,0,110,110
580400126050600627,Order,2025/09/15,2025/09/22,VND,180000,300000,300000,350000,-50000,0,0,0,-120000,-15000,-31500,0,-47600,47600,0,0,0,0,0,0,-60000,-60000,0,0,0,0,0,0,0,0,0,0,0,-9000,0,0,0,-3000,-1500,0,0,0,0,580400126050600627,300000,0,0,0,0,0,0,0,0,510,510
580400120738055320,Order,2025/09/15,2025/09/22,VND,50985,85000,85000,95000,-10000,0,0,0,-34015,-4265,-8925,0,-30300,30000,300,0,0,0,0,0,-17000,-17000,0,0,0,0,0,0,0,0,0,0,0,-2550,0,0,0,-850,-425,0,0,0,0,580400120738055320,85300,0,0,0,0,0,0,0,0,110,110
580399999461197335,Order,2025/09/15,2025/09/22,VND,153000,255000,255000,285000,-30000,0,0,0,-102000,-12750,-26775,0,-40000,40000,0,0,0,0,0,0,-51000,-51000,0,0,0,0,0,0,0,0,0,0,0,-7650,0,0,0,-2550,-1275,0,0,0,0,580399999461197335,255000,0,0,0,0,0,0,0,0,330,330
580399270848922742,Order,2025/09/15,2025/09/22,VND,187500,300000,300000,350000,-50000,0,0,0,-112500,-13500,-31500,0,-35100,35100,0,0,0,0,0,0,-54000,-54000,0,0,0,0,0,0,0,0,0,0,0,-9000,0,0,0,-3000,-1500,0,0,0,0,580399270848922742,270000,0,0,0,30000,0,0,0,0,510,510
580399245269435447,Order,2025/09/15,2025/09/22,VND,59485,85000,85000,95000,-10000,0,0,0,-25515,-4265,-8925,0,-30300,30000,300,0,0,0,0,0,0,0,0,-8500,0,0,0,0,0,0,0,0,0,-2550,0,0,0,-850,-425,0,0,0,0,580399245269435447,85300,0,0,0,0,0,0,0,0,110,110
580398212177888631,Order,2025/09/15,2025/09/22,VND,50985,85000,85000,95000,-10000,0,0,0,-34015,-4265,-8925,0,-30300,30000,300,0,0,0,0,0,-17000,-17000,0,0,0,0,0,0,0,0,0,0,0,-2550,0,0,0,-850,-425,0,0,0,0,580398212177888631,85300,0,0,0,0,0,0,0,0,110,110
580397834661824490,Order,2025/09/15,2025/09/22,VND,59000,85000,85000,95000,-10000,0,0,0,-26000,-4750,-8925,0,-40000,30000,10000,0,0,0,0,0,0,0,0,-8500,0,0,0,0,0,0,0,0,0,-2550,0,0,0,-850,-425,0,0,0,0,580397834661824490,95000,0,0,0,0,0,0,0,0,110,110
580396098455177003,Order,2025/09/15,2025/09/22,VND,208625,345000,805000,910000,-105000,-460000,-520000,60000,-136375,-15352,-36225,-38573,-39400,827,0,0,0,0,0,0,0,0,0,-30702,0,0,0,0,0,0,0,0,0,-10350,0,0,0,-3451,-1722,0,0,0,0,580396098455177003,716450,-409400,0,0,88550,-50600,0,0,0,1430,1430
580395983735784891,Order,2025/09/15,2025/09/22,VND,50500,85000,85000,95000,-10000,0,0,0,-34500,-4750,-8925,0,-40000,30000,10000,0,0,0,0,0,-17000,-17000,0,0,0,0,0,0,0,0,0,0,0,-2550,0,0,0,-850,-425,0,0,0,0,580395983735784891,95000,0,0,0,0,0,0,0,0,110,110
580392680723547853,Order,2025/09/15,2025/09/22,VND,-40000,0,0,0,0,0,0,0,-40000,0,0,-40000,-40000,0,0,0,0,0,0,0,0,0,0,0,0,0,0,0,0,0,0,0,0,0,0,0,0,0,0,0,0,0,0,580392680723547853,0,0,0,0,0,0,0,0,0,100,100
580387794063623275,Order,2025/09/14,2025/09/22,VND,79100,115000,115000,130000,-15000,0,0,0,-35900,-7150,-12075,0,-40000,12000,28000,0,0,0,0,0,0,0,0,-11500,0,0,0,0,0,0,0,0,0,-3450,0,0,0,-1150,-575,0,0,0,0,580387794063623275,143000,0,0,0,0,0,0,0,0,200,200
580386714029819571,Order,2025/09/14,2025/09/22,VND,564360,900000,900000,1050000,-150000,0,0,0,-335640,-40440,-94500,0,-37800,30000,7800,0,0,0,0,0,-160200,-160200,0,0,0,0,0,0,0,0,0,0,0,-27000,0,0,0,-9000,-4500,0,0,0,0,580386714029819571,808800,0,0,0,99000,0,0,0,0,1530,1530
580386465826047846,Order,2025/09/14,2025/09/22,VND,371250,600000,600000,700000,-100000,0,0,0,-228750,-27750,-63000,0,-39400,39400,0,0,0,0,0,0,-111000,-111000,0,0,0,0,0,0,0,0,0,0,0,-18000,0,0,0,-6000,-3000,0,0,0,0,580386465826047846,555000,0,0,0,45000,0,0,0,0,1030,1030
580386418071143432,Order,2025/09/14,2025/09/22,VND,67540,115000,115000,130000,-15000,0,0,0,-47460,-7210,-12075,0,-35200,6000,29200,0,0,0,0,0,-23000,-23000,0,0,0,0,0,0,0,0,0,0,0,-3450,0,0,0,-1150,-575,0,0,0,0,580386418071143432,144200,0,0,0,0,0,0,0,0,200,200
580386186751477689,Order,2025/09/14,2025/09/22,VND,66500,95000,95000,95000,0,0,0,0,-28500,-4750,-9975,0,-40000,40000,0,0,0,0,0,0,0,0,0,-9500,0,0,0,0,0,0,0,0,0,-2850,0,0,0,-950,-475,0,0,0,0,580386186751477689,95000,0,0,0,0,0,0,0,0,100,100
580385999085930295,Order,2025/09/14,2025/09/22,VND,59500,85000,85000,95000,-10000,0,0,0,-25500,-4250,-8925,0,-26200,26200,0,0,0,0,0,0,0,0,0,-8500,0,0,0,0,0,0,0,0,0,-2550,0,0,0,-850,-425,0,0,0,0,580385999085930295,85000,0,0,0,0,0,0,0,0,100,100
580382439722223605,Order,2025/09/14,2025/09/22,VND,119000,170000,170000,190000,-20000,0,0,0,-51000,-8500,-17850,0,-30300,30300,0,0,0,0,0,0,0,0,0,-17000,0,0,0,0,0,0,0,0,0,-5100,0,0,0,-1700,-850,0,0,0,0,580382439722223605,170000,0,0,0,0,0,0,0,0,230,230
580382120716306280,Order,2025/09/14,2025/09/22,VND,186000,300000,300000,350000,-50000,0,0,0,-114000,-13800,-31500,0,-40000,40000,0,0,0,0,0,0,-55200,-55200,0,0,0,0,0,0,0,0,0,0,0,-9000,0,0,0,-3000,-1500,0,0,0,0,580382120716306280,276000,0,0,0,24000,0,0,0,0,500,500
580381846181873025,Order,2025/09/14,2025/09/22,VND,690000,1150000,1150000,1300000,-150000,0,0,0,-460000,-57500,-120750,0,-47600,47600,0,0,0,0,0,0,-230000,-230000,0,0,0,0,0,0,0,0,0,0,0,-34500,0,0,0,-11500,-5750,0,0,0,0,580381846181873025,1150000,0,0,0,0,0,0,0,0,2030,2030
580380250504988151,Order,2025/09/14,2025/09/22,VND,50500,85000,85000,95000,-10000,0,0,0,-34500,-4750,-8925,0,-40000,30000,10000,0,0,0,0,0,-17000,-17000,0,0,0,0,0,0,0,0,0,0,0,-2550,0,0,0,-850,-425,0,0,0,0,580380250504988151,95000,0,0,0,0,0,0,0,0,100,100
580380145718691791,Order,2025/09/14,2025/09/22,VND,714000,1020000,1020000,1140000,-120000,0,0,0,-306000,-51000,-107100,0,-39400,39400,0,0,0,0,0,0,0,0,0,-102000,0,0,0,0,0,0,0,0,0,-30600,0,0,0,-10200,-5100,0,0,0,0,580380145718691791,1020000,0,0,0,0,0,0,0,0,1230,1230
580374355960694776,Order,2025/09/13,2025/09/22,VND,80500,115000,115000,130000,-15000,0,0,0,-34500,-5750,-12075,0,-35200,35200,0,0,0,0,0,0,0,0,0,-11500,0,0,0,0,0,0,0,0,0,-3450,0,0,0,-1150,-575,0,0,0,0,580374355960694776,115000,0,0,0,0,0,0,0,0,210,210
580373987176449684,Order,2025/09/13,2025/09/22,VND,153000,255000,255000,285000,-30000,0,0,0,-102000,-12750,-26775,0,-35200,35200,0,0,0,0,0,0,-51000,-51000,0,0,0,0,0,0,0,0,0,0,0,-7650,0,0,0,-2550,-1275,0,0,0,0,580373987176449684,255000,0,0,0,0,0,0,0,0,330,330
580373648258074389,Order,2025/09/13,2025/09/22,VND,189000,300000,300000,350000,-50000,0,0,0,-111000,-13200,-31500,0,-35100,35100,0,0,0,0,0,0,-52800,-52800,0,0,0,0,0,0,0,0,0,0,0,-9000,0,0,0,-3000,-1500,0,0,0,0,580373648258074389,264000,0,0,0,36000,0,0,0,0,510,510
580373234061313393,Order,2025/09/13,2025/09/22,VND,209620,300000,300000,350000,-50000,0,0,0,-90380,-15380,-31500,0,-47600,40000,7600,0,0,0,0,0,0,0,0,-30000,0,0,0,0,0,0,0,0,0,-9000,0,0,0,-3000,-1500,0,0,0,0,580373234061313393,307600,0,0,0,0,0,0,0,0,510,510
580363061866694063,Order,2025/09/12,2025/09/22,VND,-30300,0,0,0,0,0,0,0,-30300,0,0,-30300,-30300,0,0,0,0,0,0,0,0,0,0,0,0,0,0,0,0,0,0,0,0,0,0,0,0,0,0,0,0,0,0,580363061866694063,0,0,0,0,0,0,0,0,0,110,110
580357040759014487,Order,2025/09/12,2025/09/22,VND,-40000,0,0,0,0,0,0,0,-40000,0,0,-40000,-40000,0,0,0,0,0,0,0,0,0,0,0,0,0,0,0,0,0,0,0,0,0,0,0,0,0,0,0,0,0,0,580357040759014487,0,0,0,0,0,0,0,0,0,210,210
580311192131109994,Order,2025/09/09,2025/09/22,VND,-40000,0,0,0,0,0,0,0,-40000,0,0,-40000,-40000,0,0,0,0,0,0,0,0,0,0,0,0,0,0,0,0,0,0,0,0,0,0,0,0,0,0,0,0,0,0,580311192131109994,0,0,0,0,0,0,0,0,0,110,110
580415645865379776,Order,2025/09/17,2025/09/21,VND,56985,95000,95000,95000,0,0,0,0,-38015,-4765,-9975,0,-30300,30000,300,0,0,0,0,0,-19000,-19000,0,0,0,0,0,0,0,0,0,0,0,-2850,0,0,0,-950,-475,0,0,0,0,580415645865379776,95300,0,0,0,0,0,0,0,0,110,110
580412780923160560,Order,2025/09/16,2025/09/21,VND,51000,85000,85000,95000,-10000,0,0,0,-34000,-4250,-8925,0,-26200,26200,0,0,0,0,0,0,-17000,-17000,0,0,0,0,0,0,0,0,0,0,0,-2550,0,0,0,-850,-425,0,0,0,0,580412780923160560,85000,0,0,0,0,0,0,0,0,110,110
580412752223241800,Order,2025/09/16,2025/09/21,VND,102000,170000,170000,190000,-20000,0,0,0,-68000,-8500,-17850,0,-19700,19700,0,0,0,0,0,0,-34000,-34000,0,0,0,0,0,0,0,0,0,0,0,-5100,0,0,0,-1700,-850,0,0,0,0,580412752223241800,170000,0,0,0,0,0,0,0,0,230,230
580408300248532803,Order,2025/09/16,2025/09/21,VND,59500,85000,85000,95000,-10000,0,0,0,-25500,-4250,-8925,0,-19700,19700,0,0,0,0,0,0,0,0,0,-8500,0,0,0,0,0,0,0,0,0,-2550,0,0,0,-850,-425,0,0,0,0,580408300248532803,85000,0,0,0,0,0,0,0,0,110,110
580408120641160236,Order,2025/09/16,2025/09/21,VND,50500,85000,85000,95000,-10000,0,0,0,-34500,-4750,-8925,0,-40000,30000,10000,0,0,0,0,0,-17000,-17000,0,0,0,0,0,0,0,0,0,0,0,-2550,0,0,0,-850,-425,0,0,0,0,580408120641160236,95000,0,0,0,0,0,0,0,0,110,110
580407846753240390,Order,2025/09/16,2025/09/21,VND,59240,85000,85000,95000,-10000,0,0,0,-25760,-4510,-8925,0,-35200,30000,5200,0,0,0,0,0,0,0,0,-8500,0,0,0,0,0,0,0,0,0,-2550,0,0,0,-850,-425,0,0,0,0,580407846753240390,90200,0,0,0,0,0,0,0,0,110,110
580407633876452749,Order,2025/09/16,2025/09/21,VND,59000,85000,85000,95000,-10000,0,0,0,-26000,-4750,-8925,0,-40000,30000,10000,0,0,0,0,0,0,0,0,-8500,0,0,0,0,0,0,0,0,0,-2550,0,0,0,-850,-425,0,0,0,0,580407633876452749,95000,0,0,0,0,0,0,0,0,110,110
580407255329834814,Order,2025/09/16,2025/09/21,VND,59190,85000,85000,95000,-10000,0,0,0,-25810,-4560,-8925,0,-26200,20000,6200,0,0,0,0,0,0,0,0,-8500,0,0,0,0,0,0,0,0,0,-2550,0,0,0,-850,-425,0,0,0,0,580407255329834814,91200,0,0,0,0,0,0,0,0,110,110
580406703942633126,Order,2025/09/16,2025/09/21,VND,210000,300000,300000,350000,-50000,0,0,0,-90000,-15000,-31500,0,-41400,41400,0,0,0,0,0,0,0,0,0,-30000,0,0,0,0,0,0,0,0,0,-9000,0,0,0,-3000,-1500,0,0,0,0,580406703942633126,300000,0,0,0,0,0,0,0,0,510,510
580405813660976864,Order,2025/09/16,2025/09/21,VND,1686735,2400000,2400000,2800000,-400000,0,0,0,-713265,-119265,-252000,0,-75300,30000,45300,0,0,0,0,0,0,0,0,-234000,0,0,0,0,0,0,0,0,0,-72000,0,0,0,-24000,-12000,0,0,0,0,580405813660976864,2385300,0,0,0,60000,0,0,0,0,4000,4000
580405662732026970,Order,2025/09/16,2025/09/21,VND,214050,300000,300000,350000,-50000,0,0,0,-85950,-13650,-31500,0,-47600,47600,0,0,0,0,0,0,0,0,0,-27300,0,0,0,0,0,0,0,0,0,-9000,0,0,0,-3000,-1500,0,0,0,0,580405662732026970,273000,0,0,0,27000,0,0,0,0,510,510
580405586556061070,Order,2025/09/16,2025/09/21,VND,358230,600000,600000,700000,-100000,0,0,0,-241770,-31770,-63000,0,-55400,20000,35400,0,0,0,0,0,-120000,-120000,0,0,0,0,0,0,0,0,0,0,0,-18000,0,0,0,-6000,-3000,0,0,0,0,580405586556061070,635400,0,0,0,0,0,0,0,0,1030,1030
580405601938671156,Order,2025/09/16,2025/09/21,VND,101500,170000,170000,190000,-20000,0,0,0,-68500,-9000,-17850,0,-40000,30000,10000,0,0,0,0,0,-34000,-34000,0,0,0,0,0,0,0,0,0,0,0,-5100,0,0,0,-1700,-850,0,0,0,0,580405601938671156,180000,0,0,0,0,0,0,0,0,230,230
580405381805999564,Order,2025/09/16,2025/09/21,VND,50740,85000,85000,95000,-10000,0,0,0,-34260,-4510,-8925,0,-35200,30000,5200,0,0,0,0,0,-17000,-17000,0,0,0,0,0,0,0,0,0,0,0,-2550,0,0,0,-850,-425,0,0,0,0,580405381805999564,90200,0,0,0,0,0,0,0,0,110,110
580404728822597143,Order,2025/09/16,2025/09/21,VND,50740,85000,85000,95000,-10000,0,0,0,-34260,-4510,-8925,0,-35200,30000,5200,0,0,0,0,0,-17000,-17000,0,0,0,0,0,0,0,0,0,0,0,-2550,0,0,0,-850,-425,0,0,0,0,580404728822597143,90200,0,0,0,0,0,0,0,0,110,110
580403501174327087,Order,2025/09/16,2025/09/21,VND,68985,115000,115000,130000,-15000,0,0,0,-46015,-5765,-12075,0,-30300,30000,300,0,0,0,0,0,-23000,-23000,0,0,0,0,0,0,0,0,0,0,0,-3450,0,0,0,-1150,-575,0,0,0,0,580403501174327087,115300,0,0,0,0,0,0,0,0,210,210
580401592571102213,Order,2025/09/15,2025/09/21,VND,71485,115000,115000,130000,-15000,0,0,0,-43515,-5265,-12075,0,-30300,30000,300,0,0,0,0,0,-21000,-21000,0,0,0,0,0,0,0,0,0,0,0,-3450,0,0,0,-1150,-575,0,0,0,0,580401592571102213,105300,0,0,0,10000,0,0,0,0,210,210
580400806988908086,Order,2025/09/15,2025/09/21,VND,80500,115000,115000,130000,-15000,0,0,0,-34500,-5750,-12075,0,-30300,30300,0,0,0,0,0,0,0,0,0,-11500,0,0,0,0,0,0,0,0,0,-3450,0,0,0,-1150,-575,0,0,0,0,580400806988908086,115000,0,0,0,0,0,0,0,0,210,210
580400439797319073,Order,2025/09/15,2025/09/21,VND,50500,85000,85000,95000,-10000,0,0,0,-34500,-4750,-8925,0,-40000,30000,10000,0,0,0,0,0,-17000,-17000,0,0,0,0,0,0,0,0,0,0,0,-2550,0,0,0,-850,-425,0,0,0,0,580400439797319073,95000,0,0,0,0,0,0,0,0,110,110
580400104694253514,Order,2025/09/15,2025/09/21,VND,68985,115000,115000,130000,-15000,0,0,0,-46015,-5765,-12075,0,-30300,30000,300,0,0,0,0,0,-23000,-23000,0,0,0,0,0,0,0,0,0,0,0,-3450,0,0,0,-1150,-575,0,0,0,0,580400104694253514,115300,0,0,0,0,0,0,0,0,210,210
580399383743661991,Order,2025/09/15,2025/09/21,VND,69000,115000,115000,130000,-15000,0,0,0,-46000,-5750,-12075,0,-26200,26200,0,0,0,0,0,0,-23000,-23000,0,0,0,0,0,0,0,0,0,0,0,-3450,0,0,0,-1150,-575,0,0,0,0,580399383743661991,115000,0,0,0,0,0,0,0,0,210,210
580399423137089156,Order,2025/09/15,2025/09/21,VND,241200,300000,300000,350000,-50000,0,0,0,-58800,-13800,-31500,0,-47600,47600,0,0,0,0,0,0,0,0,0,0,0,0,0,0,0,0,0,0,0,-9000,0,0,0,-3000,-1500,0,0,0,0,580399423137089156,276000,0,0,0,24000,0,0,0,0,510,510
580399305767093531,Order,2025/09/15,2025/09/21,VND,75700,127000,127000,127000,0,0,0,0,-51300,-6850,-13335,0,-40000,30000,10000,0,0,0,0,0,-25400,-25400,0,0,0,0,0,0,0,0,0,0,0,-3810,0,0,0,-1270,-635,0,0,0,0,580399305767093531,137000,0,0,0,0,0,0,0,0,300,300
580399116474025362,Order,2025/09/15,2025/09/21,VND,59000,85000,85000,95000,-10000,0,0,0,-26000,-4750,-8925,0,-40000,30000,10000,0,0,0,0,0,0,0,0,-8500,0,0,0,0,0,0,0,0,0,-2550,0,0,0,-850,-425,0,0,0,0,580399116474025362,95000,0,0,0,0,0,0,0,0,110,110
580398870068561192,Order,2025/09/15,2025/09/21,VND,59500,85000,85000,95000,-10000,0,0,0,-25500,-4250,-8925,0,-26200,26200,0,0,0,0,0,0,0,0,0,-8500,0,0,0,0,0,0,0,0,0,-2550,0,0,0,-850,-425,0,0,0,0,580398870068561192,85000,0,0,0,0,0,0,0,0,110,110
580398704881010391,Order,2025/09/15,2025/09/21,VND,80000,115000,115000,130000,-15000,0,0,0,-35000,-6250,-12075,0,-40000,30000,10000,0,0,0,0,0,0,0,0,-11500,0,0,0,0,0,0,0,0,0,-3450,0,0,0,-1150,-575,0,0,0,0,580398704881010391,125000,0,0,0,0,0,0,0,0,210,210
580398587886470819,Order,2025/09/15,2025/09/21,VND,59000,85000,85000,95000,-10000,0,0,0,-26000,-4750,-8925,0,-40000,30000,10000,0,0,0,0,0,0,0,0,-8500,0,0,0,0,0,0,0,0,0,-2550,0,0,0,-850,-425,0,0,0,0,580398587886470819,95000,0,0,0,0,0,0,0,0,110,110
580398494780195880,Order,2025/09/15,2025/09/21,VND,59240,85000,85000,95000,-10000,0,0,0,-25760,-4510,-8925,0,-35200,30000,5200,0,0,0,0,0,0,0,0,-8500,0,0,0,0,0,0,0,0,0,-2550,0,0,0,-850,-425,0,0,0,0,580398494780195880,90200,0,0,0,0,0,0,0,0,110,110
580398007390406501,Order,2025/09/15,2025/09/21,VND,68500,115000,115000,130000,-15000,0,0,0,-46500,-6250,-12075,0,-40000,30000,10000,0,0,0,0,0,-23000,-23000,0,0,0,0,0,0,0,0,0,0,0,-3450,0,0,0,-1150,-575,0,0,0,0,580398007390406501,125000,0,0,0,0,0,0,0,0,210,210
580395210741613955,Order,2025/09/15,2025/09/21,VND,51000,85000,85000,95000,-10000,0,0,0,-34000,-4250,-8925,0,-30300,30300,0,0,0,0,0,0,-17000,-17000,0,0,0,0,0,0,0,0,0,0,0,-2550,0,0,0,-850,-425,0,0,0,0,580395210741613955,85000,0,0,0,0,0,0,0,0,100,100
580394872097507121,Order,2025/09/15,2025/09/21,VND,59485,85000,85000,95000,-10000,0,0,0,-25515,-4265,-8925,0,-30300,30000,300,0,0,0,0,0,0,0,0,-8500,0,0,0,0,0,0,0,0,0,-2550,0,0,0,-850,-425,0,0,0,0,580394872097507121,85300,0,0,0,0,0,0,0,0,100,100
580394810131383736,Order,2025/09/15,2025/09/21,VND,68500,115000,115000,130000,-15000,0,0,0,-46500,-6250,-12075,0,-40000,30000,10000,0,0,0,0,0,-23000,-23000,0,0,0,0,0,0,0,0,0,0,0,-3450,0,0,0,-1150,-575,0,0,0,0,580394810131383736,125000,0,0,0,0,0,0,0,0,200,200
580394601549235497,Order,2025/09/15,2025/09/21,VND,91000,130000,130000,130000,0,0,0,0,-39000,-6500,-13650,0,-40000,40000,0,0,0,0,0,0,0,0,0,-13000,0,0,0,0,0,0,0,0,0,-3900,0,0,0,-1300,-650,0,0,0,0,580394601549235497,130000,0,0,0,0,0,0,0,0,200,200
580394311770474006,Order,2025/09/15,2025/09/21,VND,160500,230000,230000,260000,-30000,0,0,0,-69500,-12000,-24150,0,-40000,30000,10000,0,0,0,0,0,0,0,0,-23000,0,0,0,0,0,0,0,0,0,-6900,0,0,0,-2300,-1150,0,0,0,0,580394311770474006,240000,0,0,0,0,0,0,0,0,400,400
580391975253411240,Order,2025/09/15,2025/09/21,VND,137500,230000,230000,260000,-30000,0,0,0,-92500,-12000,-24150,0,-40000,30000,10000,0,0,0,0,0,-46000,-46000,0,0,0,0,0,0,0,0,0,0,0,-6900,0,0,0,-2300,-1150,0,0,0,0,580391975253411240,240000,0,0,0,0,0,0,0,0,430,430
580391350796257060,Order,2025/09/15,2025/09/21,VND,68740,115000,115000,130000,-15000,0,0,0,-46260,-6010,-12075,0,-35200,30000,5200,0,0,0,0,0,-23000,-23000,0,0,0,0,0,0,0,0,0,0,0,-3450,0,0,0,-1150,-575,0,0,0,0,580391350796257060,120200,0,0,0,0,0,0,0,0,200,200
580388582915015796,Order,2025/09/14,2025/09/21,VND,-40000,0,0,0,0,0,0,0,-40000,0,0,-40000,-40000,0,0,0,0,0,0,0,0,0,0,0,0,0,0,0,0,0,0,0,0,0,0,0,0,0,0,0,0,0,0,580388582915015796,0,0,0,0,0,0,0,0,0,500,500
580388474839991382,Order,2025/09/14,2025/09/21,VND,80500,115000,115000,130000,-15000,0,0,0,-34500,-5750,-12075,0,-40000,40000,0,0,0,0,0,0,0,0,0,-11500,0,0,0,0,0,0,0,0,0,-3450,0,0,0,-1150,-575,0,0,0,0,580388474839991382,115000,0,0,0,0,0,0,0,0,200,200
580388278550430825,Order,2025/09/14,2025/09/21,VND,371250,600000,600000,700000,-100000,0,0,0,-228750,-27750,-63000,0,-55400,55400,0,0,0,0,0,0,-111000,-111000,0,0,0,0,0,0,0,0,0,0,0,-18000,0,0,0,-6000,-3000,0,0,0,0,580388278550430825,555000,0,0,0,45000,0,0,0,0,1030,1030
580387781773788376,Order,2025/09/14,2025/09/21,VND,67600,115000,115000,130000,-15000,0,0,0,-47400,-7150,-12075,0,-40000,12000,28000,0,0,0,0,0,-23000,-23000,0,0,0,0,0,0,0,0,0,0,0,-3450,0,0,0,-1150,-575,0,0,0,0,580387781773788376,143000,0,0,0,0,0,0,0,0,200,200
580386579518031731,Order,2025/09/14,2025/09/21,VND,79500,115000,115000,130000,-15000,0,0,0,-35500,-6750,-12075,0,-40000,20000,20000,0,0,0,0,0,0,0,0,-11500,0,0,0,0,0,0,0,0,0,-3450,0,0,0,-1150,-575,0,0,0,0,580386579518031731,135000,0,0,0,0,0,0,0,0,200,200
580386459180303871,Order,2025/09/14,2025/09/21,VND,51000,85000,85000,95000,-10000,0,0,0,-34000,-4250,-8925,0,-40000,40000,0,0,0,0,0,0,-17000,-17000,0,0,0,0,0,0,0,0,0,0,0,-2550,0,0,0,-850,-425,0,0,0,0,580386459180303871,85000,0,0,0,0,0,0,0,0,100,100
580386435483403307,Order,2025/09/14,2025/09/21,VND,118740,170000,170000,190000,-20000,0,0,0,-51260,-8760,-17850,0,-35200,30000,5200,0,0,0,0,0,0,0,0,-17000,0,0,0,0,0,0,0,0,0,-5100,0,0,0,-1700,-850,0,0,0,0,580386435483403307,175200,0,0,0,0,0,0,0,0,230,230
580386402761213166,Order,2025/09/14,2025/09/21,VND,51000,85000,85000,95000,-10000,0,0,0,-34000,-4250,-8925,0,-26200,26200,0,0,0,0,0,0,-17000,-17000,0,0,0,0,0,0,0,0,0,0,0,-2550,0,0,0,-850,-425,0,0,0,0,580386402761213166,85000,0,0,0,0,0,0,0,0,100,100
580386386434426352,Order,2025/09/14,2025/09/21,VND,68740,115000,115000,130000,-15000,0,0,0,-46260,-6010,-12075,0,-35200,30000,5200,0,0,0,0,0,-23000,-23000,0,0,0,0,0,0,0,0,0,0,0,-3450,0,0,0,-1150,-575,0,0,0,0,580386386434426352,120200,0,0,0,0,0,0,0,0,200,200
580386235241825836,Order,2025/09/14,2025/09/21,VND,79100,115000,115000,130000,-15000,0,0,0,-35900,-7150,-12075,0,-40000,12000,28000,0,0,0,0,0,0,0,0,-11500,0,0,0,0,0,0,0,0,0,-3450,0,0,0,-1150,-575,0,0,0,0,580386235241825836,143000,0,0,0,0,0,0,0,0,200,200
580386221962200695,Order,2025/09/14,2025/09/21,VND,59500,85000,85000,95000,-10000,0,0,0,-25500,-4250,-8925,0,-40000,40000,0,0,0,0,0,0,0,0,0,-8500,0,0,0,0,0,0,0,0,0,-2550,0,0,0,-850,-425,0,0,0,0,580386221962200695,85000,0,0,0,0,0,0,0,0,100,100
580386174529471598,Order,2025/09/14,2025/09/21,VND,50500,85000,85000,95000,-10000,0,0,0,-34500,-4750,-8925,0,-40000,30000,10000,0,0,0,0,0,-17000,-17000,0,0,0,0,0,0,0,0,0,0,0,-2550,0,0,0,-850,-425,0,0,0,0,580386174529471598,95000,0,0,0,0,0,0,0,0,100,100
580386000924411658,Order,2025/09/14,2025/09/21,VND,59500,85000,85000,95000,-10000,0,0,0,-25500,-4250,-8925,0,-35200,35200,0,0,0,0,0,0,0,0,0,-8500,0,0,0,0,0,0,0,0,0,-2550,0,0,0,-850,-425,0,0,0,0,580386000924411658,85000,0,0,0,0,0,0,0,0,100,100
580385665812235774,Order,2025/09/14,2025/09/21,VND,80000,115000,115000,130000,-15000,0,0,0,-35000,-6250,-12075,0,-40000,30000,10000,0,0,0,0,0,0,0,0,-11500,0,0,0,0,0,0,0,0,0,-3450,0,0,0,-1150,-575,0,0,0,0,580385665812235774,125000,0,0,0,0,0,0,0,0,200,200
580383266549695691,Order,2025/09/14,2025/09/21,VND,69000,115000,115000,130000,-15000,0,0,0,-46000,-5750,-12075,0,-35200,35200,0,0,0,0,0,0,-23000,-23000,0,0,0,0,0,0,0,0,0,0,0,-3450,0,0,0,-1150,-575,0,0,0,0,580383266549695691,115000,0,0,0,0,0,0,0,0,200,200
580381646870971691,Order,2025/09/14,2025/09/21,VND,50740,85000,85000,95000,-10000,0,0,0,-34260,-4510,-8925,0,-35200,30000,5200,0,0,0,0,0,-17000,-17000,0,0,0,0,0,0,0,0,0,0,0,-2550,0,0,0,-850,-425,0,0,0,0,580381646870971691,90200,0,0,0,0,0,0,0,0,100,100
580381169851991878,Order,2025/09/14,2025/09/21,VND,57800,85000,85000,95000,-10000,0,0,0,-27200,-5950,-8925,0,-40000,6000,34000,0,0,0,0,0,0,0,0,-8500,0,0,0,0,0,0,0,0,0,-2550,0,0,0,-850,-425,0,0,0,0,580381169851991878,119000,0,0,0,0,0,0,0,0,100,100
580379753884190276,Order,2025/09/14,2025/09/21,VND,59500,85000,85000,95000,-10000,0,0,0,-25500,-4250,-8925,0,-40000,40000,0,0,0,0,0,0,0,0,0,-8500,0,0,0,0,0,0,0,0,0,-2550,0,0,0,-850,-425,0,0,0,0,580379753884190276,85000,0,0,0,0,0,0,0,0,100,100
580379561170928766,Order,2025/09/14,2025/09/21,VND,80000,115000,115000,130000,-15000,0,0,0,-35000,-6250,-12075,0,-40000,30000,10000,0,0,0,0,0,0,0,0,-11500,0,0,0,0,0,0,0,0,0,-3450,0,0,0,-1150,-575,0,0,0,0,580379561170928766,125000,0,0,0,0,0,0,0,0,210,210
580379513009767754,Order,2025/09/14,2025/09/21,VND,183750,300000,300000,350000,-50000,0,0,0,-116250,-14250,-31500,0,-47600,47600,0,0,0,0,0,0,-57000,-57000,0,0,0,0,0,0,0,0,0,0,0,-9000,0,0,0,-3000,-1500,0,0,0,0,580379513009767754,285000,0,0,0,15000,0,0,0,0,510,510
580379295488246828,Order,2025/09/14,2025/09/21,VND,80240,115000,115000,130000,-15000,0,0,0,-34760,-6010,-12075,0,-35200,30000,5200,0,0,0,0,0,0,0,0,-11500,0,0,0,0,0,0,0,0,0,-3450,0,0,0,-1150,-575,0,0,0,0,580379295488246828,120200,0,0,0,0,0,0,0,0,210,210
580378553920423915,Order,2025/09/14,2025/09/21,VND,57800,85000,85000,95000,-10000,0,0,0,-27200,-5950,-8925,0,-40000,6000,34000,0,0,0,0,0,0,0,0,-8500,0,0,0,0,0,0,0,0,0,-2550,0,0,0,-850,-425,0,0,0,0,580378553920423915,119000,0,0,0,0,0,0,0,0,110,110
580378036034635257,Order,2025/09/14,2025/09/21,VND,50500,85000,85000,95000,-10000,0,0,0,-34500,-4750,-8925,0,-40000,30000,10000,0,0,0,0,0,-17000,-17000,0,0,0,0,0,0,0,0,0,0,0,-2550,0,0,0,-850,-425,0,0,0,0,580378036034635257,95000,0,0,0,0,0,0,0,0,110,110
580377448143881689,Order,2025/09/14,2025/09/21,VND,59000,85000,85000,95000,-10000,0,0,0,-26000,-4750,-8925,0,-40000,30000,10000,0,0,0,0,0,0,0,0,-8500,0,0,0,0,0,0,0,0,0,-2550,0,0,0,-850,-425,0,0,0,0,580377448143881689,95000,0,0,0,0,0,0,0,0,110,110
580375258607748225,Order,2025/09/13,2025/09/21,VND,80000,115000,115000,130000,-15000,0,0,0,-35000,-6250,-12075,0,-40000,30000,10000,0,0,0,0,0,0,0,0,-11500,0,0,0,0,0,0,0,0,0,-3450,0,0,0,-1150,-575,0,0,0,0,580375258607748225,125000,0,0,0,0,0,0,0,0,210,210
580375005228271049,Order,2025/09/13,2025/09/21,VND,428100,600000,600000,700000,-100000,0,0,0,-171900,-27300,-63000,0,-55400,55400,0,0,0,0,0,0,0,0,0,-54600,0,0,0,0,0,0,0,0,0,-18000,0,0,0,-6000,-3000,0,0,0,0,580375005228271049,546000,0,0,0,54000,0,0,0,0,1030,1030
580374247103367093,Order,2025/09/13,2025/09/21,VND,50500,85000,85000,95000,-10000,0,0,0,-34500,-4750,-8925,0,-40000,30000,10000,0,0,0,0,0,-17000,-17000,0,0,0,0,0,0,0,0,0,0,0,-2550,0,0,0,-850,-425,0,0,0,0,580374247103367093,95000,0,0,0,0,0,0,0,0,110,110
580373954899904370,Order,2025/09/13,2025/09/21,VND,80000,115000,115000,130000,-15000,0,0,0,-35000,-6250,-12075,0,-40000,30000,10000,0,0,0,0,0,0,0,0,-11500,0,0,0,0,0,0,0,0,0,-3450,0,0,0,-1150,-575,0,0,0,0,580373954899904370,125000,0,0,0,0,0,0,0,0,210,210
580373805306250392,Order,2025/09/13,2025/09/21,VND,805000,1150000,1150000,1300000,-150000,0,0,0,-345000,-57500,-120750,0,-68500,68500,0,0,0,0,0,0,0,0,0,-115000,0,0,0,0,0,0,0,0,0,-34500,0,0,0,-11500,-5750,0,0,0,0,580373805306250392,1150000,0,0,0,0,0,0,0,0,2030,2030
580373451003888777,Order,2025/09/13,2025/09/21,VND,78800,115000,115000,130000,-15000,0,0,0,-36200,-7450,-12075,0,-40000,6000,34000,0,0,0,0,0,0,0,0,-11500,0,0,0,0,0,0,0,0,0,-3450,0,0,0,-1150,-575,0,0,0,0,580373451003888777,149000,0,0,0,0,0,0,0,0,210,210
580373269932901927,Order,2025/09/13,2025/09/21,VND,59000,85000,85000,95000,-10000,0,0,0,-26000,-4750,-8925,0,-40000,30000,10000,0,0,0,0,0,0,0,0,-8500,0,0,0,0,0,0,0,0,0,-2550,0,0,0,-850,-425,0,0,0,0,580373269932901927,95000,0,0,0,0,0,0,0,0,110,110
580373281031292164,Order,2025/09/13,2025/09/21,VND,80500,115000,115000,130000,-15000,0,0,0,-34500,-5750,-12075,0,-40000,40000,0,0,0,0,0,0,0,0,0,-11500,0,0,0,0,0,0,0,0,0,-3450,0,0,0,-1150,-575,0,0,0,0,580373281031292164,115000,0,0,0,0,0,0,0,0,210,210
580373168043886404,Order,2025/09/13,2025/09/21,VND,69000,115000,115000,130000,-15000,0,0,0,-46000,-5750,-12075,0,-40000,40000,0,0,0,0,0,0,-23000,-23000,0,0,0,0,0,0,0,0,0,0,0,-3450,0,0,0,-1150,-575,0,0,0,0,580373168043886404,115000,0,0,0,0,0,0,0,0,210,210
580372963861824917,Order,2025/09/13,2025/09/21,VND,58040,85000,85000,95000,-10000,0,0,0,-26960,-5710,-8925,0,-35200,6000,29200,0,0,0,0,0,0,0,0,-8500,0,0,0,0,0,0,0,0,0,-2550,0,0,0,-850,-425,0,0,0,0,580372963861824917,114200,0,0,0,0,0,0,0,0,110,110
580372921090672444,Order,2025/09/13,2025/09/21,VND,159300,230000,230000,260000,-30000,0,0,0,-70700,-13200,-24150,0,-40000,6000,34000,0,0,0,0,0,0,0,0,-23000,0,0,0,0,0,0,0,0,0,-6900,0,0,0,-2300,-1150,0,0,0,0,580372921090672444,264000,0,0,0,0,0,0,0,0,430,430
580372962492974153,Order,2025/09/13,2025/09/21,VND,80000,115000,115000,130000,-15000,0,0,0,-35000,-6250,-12075,0,-40000,30000,10000,0,0,0,0,0,0,0,0,-11500,0,0,0,0,0,0,0,0,0,-3450,0,0,0,-1150,-575,0,0,0,0,580372962492974153,125000,0,0,0,0,0,0,0,0,210,210
580372920560289375,Order,2025/09/13,2025/09/21,VND,215020,300000,300000,350000,-50000,0,0,0,-84980,-13580,-31500,0,-47600,40000,7600,0,0,0,0,0,0,0,0,-26400,0,0,0,0,0,0,0,0,0,-9000,0,0,0,-3000,-1500,0,0,0,0,580372920560289375,271600,0,0,0,36000,0,0,0,0,510,510
580372895042602970,Order,2025/09/13,2025/09/21,VND,81725,115000,115000,130000,-15000,0,0,0,-33275,-5675,-12075,0,-40000,30000,10000,0,0,0,0,0,0,0,0,-10350,0,0,0,0,0,0,0,0,0,-3450,0,0,0,-1150,-575,0,0,0,0,580372895042602970,113500,0,0,0,11500,0,0,0,0,210,210
580372776382661865,Order,2025/09/13,2025/09/21,VND,189000,300000,300000,350000,-50000,0,0,0,-111000,-13200,-31500,0,-41400,41400,0,0,0,0,0,0,-52800,-52800,0,0,0,0,0,0,0,0,0,0,0,-9000,0,0,0,-3000,-1500,0,0,0,0,580372776382661865,264000,0,0,0,36000,0,0,0,0,510,510
580372677029364927,Order,2025/09/13,2025/09/21,VND,189000,300000,300000,350000,-50000,0,0,0,-111000,-13200,-31500,0,-47600,47600,0,0,0,0,0,0,-52800,-52800,0,0,0,0,0,0,0,0,0,0,0,-9000,0,0,0,-3000,-1500,0,0,0,0,580372677029364927,264000,0,0,0,36000,0,0,0,0,510,510
580372675248030732,Order,2025/09/13,2025/09/21,VND,71000,115000,115000,130000,-15000,0,0,0,-44000,-5750,-12075,0,-40000,30000,10000,0,0,0,0,0,-21000,-21000,0,0,0,0,0,0,0,0,0,0,0,-3450,0,0,0,-1150,-575,0,0,0,0,580372675248030732,115000,0,0,0,10000,0,0,0,0,210,210
580372499479037163,Order,2025/09/13,2025/09/21,VND,79040,115000,115000,130000,-15000,0,0,0,-35960,-7210,-12075,0,-35200,6000,29200,0,0,0,0,0,0,0,0,-11500,0,0,0,0,0,0,0,0,0,-3450,0,0,0,-1150,-575,0,0,0,0,580372499479037163,144200,0,0,0,0,0,0,0,0,200,200
580372353841923131,Order,2025/09/13,2025/09/21,VND,91000,130000,130000,130000,0,0,0,0,-39000,-6500,-13650,0,-26200,26200,0,0,0,0,0,0,0,0,0,-13000,0,0,0,0,0,0,0,0,0,-3900,0,0,0,-1300,-650,0,0,0,0,580372353841923131,130000,0,0,0,0,0,0,0,0,210,210
580372032094832219,Order,2025/09/13,2025/09/21,VND,59500,85000,85000,95000,-10000,0,0,0,-25500,-4250,-8925,0,-40000,40000,0,0,0,0,0,0,0,0,0,-8500,0,0,0,0,0,0,0,0,0,-2550,0,0,0,-850,-425,0,0,0,0,580372032094832219,85000,0,0,0,0,0,0,0,0,110,110
580371238677022610,Order,2025/09/13,2025/09/21,VND,74000,115000,115000,130000,-15000,0,0,0,-41000,-4750,-12075,0,-35200,35200,0,0,0,0,0,0,-19000,-19000,0,0,0,0,0,0,0,0,0,0,0,-3450,0,0,0,-1150,-575,0,0,0,0,580371238677022610,95000,0,0,0,20000,0,0,0,0,210,210
580370626393048872,Order,2025/09/13,2025/09/21,VND,80000,115000,115000,130000,-15000,0,0,0,-35000,-6250,-12075,0,-40000,30000,10000,0,0,0,0,0,0,0,0,-11500,0,0,0,0,0,0,0,0,0,-3450,0,0,0,-1150,-575,0,0,0,0,580370626393048872,125000,0,0,0,0,0,0,0,0,210,210
580360338536630070,Order,2025/09/12,2025/09/21,VND,51000,85000,85000,95000,-10000,0,0,0,-34000,-4250,-8925,0,-40000,40000,0,0,0,0,0,0,-17000,-17000,0,0,0,0,0,0,0,0,0,0,0,-2550,0,0,0,-850,-425,0,0,0,0,580360338536630070,85000,0,0,0,0,0,0,0,0,110,110
580358404265444500,Order,2025/09/12,2025/09/21,VND,131300,190000,190000,190000,0,0,0,0,-58700,-11200,-19950,0,-40000,6000,34000,0,0,0,0,0,0,0,0,-19000,0,0,0,0,0,0,0,0,0,-5700,0,0,0,-1900,-950,0,0,0,0,580358404265444500,224000,0,0,0,0,0,0,0,0,230,230
580357432490558477,Order,2025/09/12,2025/09/21,VND,77500,130000,130000,130000,0,0,0,0,-52500,-7000,-13650,0,-40000,30000,10000,0,0,0,0,0,-26000,-26000,0,0,0,0,0,0,0,0,0,0,0,-3900,0,0,0,-1300,-650,0,0,0,0,580357432490558477,140000,0,0,0,0,0,0,0,0,210,210
580406761963750899,Order,2025/09/16,2025/09/20,VND,59485,85000,85000,95000,-10000,0,0,0,-25515,-4265,-8925,0,-30300,30000,300,0,0,0,0,0,0,0,0,-8500,0,0,0,0,0,0,0,0,0,-2550,0,0,0,-850,-425,0,0,0,0,580406761963750899,85300,0,0,0,0,0,0,0,0,110,110
580400386137229015,Order,2025/09/15,2025/09/20,VND,69000,115000,115000,130000,-15000,0,0,0,-46000,-5750,-12075,0,-19700,19700,0,0,0,0,0,0,-23000,-23000,0,0,0,0,0,0,0,0,0,0,0,-3450,0,0,0,-1150,-575,0,0,0,0,580400386137229015,115000,0,0,0,0,0,0,0,0,210,210
580394462561470011,Order,2025/09/15,2025/09/20,VND,119000,170000,170000,190000,-20000,0,0,0,-51000,-8500,-17850,0,-40000,40000,0,0,0,0,0,0,0,0,0,-17000,0,0,0,0,0,0,0,0,0,-5100,0,0,0,-1700,-850,0,0,0,0,580394462561470011,170000,0,0,0,0,0,0,0,0,230,230
580394330900170622,Order,2025/09/15,2025/09/20,VND,402500,575000,575000,650000,-75000,0,0,0,-172500,-28750,-60375,0,-39400,39400,0,0,0,0,0,0,0,0,0,-57500,0,0,0,0,0,0,0,0,0,-17250,0,0,0,-5750,-2875,0,0,0,0,580394330900170622,575000,0,0,0,0,0,0,0,0,1030,1030
580388853608776826,Order,2025/09/14,2025/09/20,VND,186750,300000,300000,350000,-50000,0,0,0,-113250,-13650,-31500,0,-35200,35200,0,0,0,0,0,0,-54600,-54600,0,0,0,0,0,0,0,0,0,0,0,-9000,0,0,0,-3000,-1500,0,0,0,0,580388853608776826,273000,0,0,0,27000,0,0,0,0,500,500
580387051165025692,Order,2025/09/14,2025/09/20,VND,59500,85000,85000,95000,-10000,0,0,0,-25500,-4250,-8925,0,-35200,35200,0,0,0,0,0,0,0,0,0,-8500,0,0,0,0,0,0,0,0,0,-2550,0,0,0,-850,-425,0,0,0,0,580387051165025692,85000,0,0,0,0,0,0,0,0,100,100
580386639969092617,Order,2025/09/14,2025/09/20,VND,80485,115000,115000,130000,-15000,0,0,0,-34515,-5765,-12075,0,-30300,30000,300,0,0,0,0,0,0,0,0,-11500,0,0,0,0,0,0,0,0,0,-3450,0,0,0,-1150,-575,0,0,0,0,580386639969092617,115300,0,0,0,0,0,0,0,0,200,200
580386590179296462,Order,2025/09/14,2025/09/20,VND,80500,115000,115000,130000,-15000,0,0,0,-34500,-5750,-12075,0,-30300,30300,0,0,0,0,0,0,0,0,0,-11500,0,0,0,0,0,0,0,0,0,-3450,0,0,0,-1150,-575,0,0,0,0,580386590179296462,115000,0,0,0,0,0,0,0,0,200,200
580385991986021451,Order,2025/09/14,2025/09/20,VND,80485,115000,115000,130000,-15000,0,0,0,-34515,-5765,-12075,0,-30300,30000,300,0,0,0,0,0,0,0,0,-11500,0,0,0,0,0,0,0,0,0,-3450,0,0,0,-1150,-575,0,0,0,0,580385991986021451,115300,0,0,0,0,0,0,0,0,200,200
580382808833164696,Order,2025/09/14,2025/09/20,VND,50985,85000,85000,95000,-10000,0,0,0,-34015,-4265,-8925,0,-30300,30000,300,0,0,0,0,0,-17000,-17000,0,0,0,0,0,0,0,0,0,0,0,-2550,0,0,0,-850,-425,0,0,0,0,580382808833164696,85300,0,0,0,0,0,0,0,0,100,100
580381738710697470,Order,2025/09/14,2025/09/20,VND,59000,85000,85000,95000,-10000,0,0,0,-26000,-4750,-8925,0,-40000,30000,10000,0,0,0,0,0,0,0,0,-8500,0,0,0,0,0,0,0,0,0,-2550,0,0,0,-850,-425,0,0,0,0,580381738710697470,95000,0,0,0,0,0,0,0,0,100,100
580380895804491192,Order,2025/09/14,2025/09/20,VND,69000,115000,115000,130000,-15000,0,0,0,-46000,-5750,-12075,0,-40000,40000,0,0,0,0,0,0,-23000,-23000,0,0,0,0,0,0,0,0,0,0,0,-3450,0,0,0,-1150,-575,0,0,0,0,580380895804491192,115000,0,0,0,0,0,0,0,0,200,200
580380470971238171,Order,2025/09/14,2025/09/20,VND,67700,115000,115000,130000,-15000,0,0,0,-47300,-7050,-12075,0,-40000,14000,26000,0,0,0,0,0,-23000,-23000,0,0,0,0,0,0,0,0,0,0,0,-3450,0,0,0,-1150,-575,0,0,0,0,580380470971238171,141000,0,0,0,0,0,0,0,0,200,200
580378593543292052,Order,2025/09/14,2025/09/20,VND,50740,85000,85000,95000,-10000,0,0,0,-34260,-4510,-8925,0,-35200,30000,5200,0,0,0,0,0,-17000,-17000,0,0,0,0,0,0,0,0,0,0,0,-2550,0,0,0,-850,-425,0,0,0,0,580378593543292052,90200,0,0,0,0,0,0,0,0,110,110
580378378543269607,Order,2025/09/14,2025/09/20,VND,207000,345000,345000,390000,-45000,0,0,0,-138000,-17250,-36225,0,-35100,35100,0,0,0,0,0,0,-69000,-69000,0,0,0,0,0,0,0,0,0,0,0,-10350,0,0,0,-3450,-1725,0,0,0,0,580378378543269607,345000,0,0,0,0,0,0,0,0,630,630
580377858357822565,Order,2025/09/14,2025/09/20,VND,51000,85000,85000,95000,-10000,0,0,0,-34000,-4250,-8925,0,-30300,30300,0,0,0,0,0,0,-17000,-17000,0,0,0,0,0,0,0,0,0,0,0,-2550,0,0,0,-850,-425,0,0,0,0,580377858357822565,85000,0,0,0,0,0,0,0,0,110,110
580374756925146325,Order,2025/09/13,2025/09/20,VND,71500,115000,115000,130000,-15000,0,0,0,-43500,-5250,-12075,0,-30300,30300,0,0,0,0,0,0,-21000,-21000,0,0,0,0,0,0,0,0,0,0,0,-3450,0,0,0,-1150,-575,0,0,0,0,580374756925146325,105000,0,0,0,10000,0,0,0,0,210,210
580374559607195485,Order,2025/09/13,2025/09/20,VND,68000,85000,85000,95000,-10000,0,0,0,-17000,-4250,-8925,0,-26200,26200,0,0,0,0,0,0,0,0,0,0,0,0,0,0,0,0,0,0,0,-2550,0,0,0,-850,-425,0,0,0,0,580374559607195485,85000,0,0,0,0,0,0,0,0,110,110
580374458578405172,Order,2025/09/13,2025/09/20,VND,80485,115000,115000,130000,-15000,0,0,0,-34515,-5765,-12075,0,-30300,30000,300,0,0,0,0,0,0,0,0,-11500,0,0,0,0,0,0,0,0,0,-3450,0,0,0,-1150,-575,0,0,0,0,580374458578405172,115300,0,0,0,0,0,0,0,0,210,210
580373751751673236,Order,2025/09/13,2025/09/20,VND,50740,85000,85000,95000,-10000,0,0,0,-34260,-4510,-8925,0,-35200,30000,5200,0,0,0,0,0,-17000,-17000,0,0,0,0,0,0,0,0,0,0,0,-2550,0,0,0,-850,-425,0,0,0,0,580373751751673236,90200,0,0,0,0,0,0,0,0,110,110
580373710425785411,Order,2025/09/13,2025/09/20,VND,68500,115000,115000,130000,-15000,0,0,0,-46500,-6250,-12075,0,-40000,30000,10000,0,0,0,0,0,-23000,-23000,0,0,0,0,0,0,0,0,0,0,0,-3450,0,0,0,-1150,-575,0,0,0,0,580373710425785411,125000,0,0,0,0,0,0,0,0,210,210
580373431031596169,Order,2025/09/13,2025/09/20,VND,189000,300000,300000,350000,-50000,0,0,0,-111000,-13200,-31500,0,-35100,35100,0,0,0,0,0,0,-52800,-52800,0,0,0,0,0,0,0,0,0,0,0,-9000,0,0,0,-3000,-1500,0,0,0,0,580373431031596169,264000,0,0,0,36000,0,0,0,0,510,510
580373284069017144,Order,2025/09/13,2025/09/20,VND,50985,85000,85000,95000,-10000,0,0,0,-34015,-4265,-8925,0,-30300,30000,300,0,0,0,0,0,-17000,-17000,0,0,0,0,0,0,0,0,0,0,0,-2550,0,0,0,-850,-425,0,0,0,0,580373284069017144,85300,0,0,0,0,0,0,0,0,110,110
580373165122815640,Order,2025/09/13,2025/09/20,VND,80485,115000,115000,130000,-15000,0,0,0,-34515,-5765,-12075,0,-30300,30000,300,0,0,0,0,0,0,0,0,-11500,0,0,0,0,0,0,0,0,0,-3450,0,0,0,-1150,-575,0,0,0,0,580373165122815640,115300,0,0,0,0,0,0,0,0,210,210
580373090460468922,Order,2025/09/13,2025/09/20,VND,59500,85000,85000,95000,-10000,0,0,0,-25500,-4250,-8925,0,-40000,40000,0,0,0,0,0,0,0,0,0,-8500,0,0,0,0,0,0,0,0,0,-2550,0,0,0,-850,-425,0,0,0,0,580373090460468922,85000,0,0,0,0,0,0,0,0,110,110
580371433969910919,Order,2025/09/13,2025/09/20,VND,50985,85000,85000,95000,-10000,0,0,0,-34015,-4265,-8925,0,-30300,30000,300,0,0,0,0,0,-17000,-17000,0,0,0,0,0,0,0,0,0,0,0,-2550,0,0,0,-850,-425,0,0,0,0,580371433969910919,85300,0,0,0,0,0,0,0,0,110,110
580370249254274574,Order,2025/09/13,2025/09/20,VND,68985,115000,115000,130000,-15000,0,0,0,-46015,-5765,-12075,0,-30300,30000,300,0,0,0,0,0,-23000,-23000,0,0,0,0,0,0,0,0,0,0,0,-3450,0,0,0,-1150,-575,0,0,0,0,580370249254274574,115300,0,0,0,0,0,0,0,0,210,210
580362015681644172,Order,2025/09/12,2025/09/20,VND,69000,115000,115000,130000,-15000,0,0,0,-46000,-5750,-12075,0,-40000,40000,0,0,0,0,0,0,-23000,-23000,0,0,0,0,0,0,0,0,0,0,0,-3450,0,0,0,-1150,-575,0,0,0,0,580362015681644172,115000,0,0,0,0,0,0,0,0,210,210
580361258258237012,Order,2025/09/12,2025/09/20,VND,181250,290000,290000,350000,-60000,0,0,0,-108750,-13050,-30450,0,-47600,47600,0,0,0,0,0,0,-52200,-52200,0,0,0,0,0,0,0,0,0,0,0,-8700,0,0,0,-2900,-1450,0,0,0,0,580361258258237012,261000,0,0,0,29000,0,0,0,0,510,510
580360679506347901,Order,2025/09/12,2025/09/20,VND,276000,345000,345000,390000,-45000,0,0,0,-69000,-17250,-36225,0,-47600,47600,0,0,0,0,0,0,0,0,0,0,0,0,0,0,0,0,0,0,0,-10350,0,0,0,-3450,-1725,0,0,0,0,580360679506347901,345000,0,0,0,0,0,0,0,0,630,630
580348731483325836,Order,2025/09/11,2025/09/20,VND,181250,290000,290000,350000,-60000,0,0,0,-108750,-13050,-30450,0,-47600,47600,0,0,0,0,0,0,-52200,-52200,0,0,0,0,0,0,0,0,0,0,0,-8700,0,0,0,-2900,-1450,0,0,0,0,580348731483325836,261000,0,0,0,29000,0,0,0,0,510,510
580306148413441287,Order,2025/09/08,2025/09/20,VND,-40000,0,0,0,0,0,0,0,-40000,0,0,-40000,-47600,0,0,0,0,0,7600,0,0,0,0,0,0,0,0,0,0,0,0,0,0,0,0,0,0,0,0,0,0,0,0,580306148413441287,0,0,0,0,0,0,0,0,0,510,510
580254312961377292,Order,2025/09/04,2025/09/20,VND,-40000,0,0,0,0,0,0,0,-40000,0,0,-40000,-40000,0,0,0,0,0,0,0,0,0,0,0,0,0,0,0,0,0,0,0,0,0,0,0,0,0,0,0,0,0,0,580254312961377292,0,0,0,0,0,0,0,0,0,210,210
580395868965341009,Order,2025/09/15,2025/09/19,VND,68985,115000,115000,130000,-15000,0,0,0,-46015,-5765,-12075,0,-30300,30000,300,0,0,0,0,0,-23000,-23000,0,0,0,0,0,0,0,0,0,0,0,-3450,0,0,0,-1150,-575,0,0,0,0,580395868965341009,115300,0,0,0,0,0,0,0,0,210,210
580386679653434536,Order,2025/09/14,2025/09/19,VND,213600,300000,300000,350000,-50000,0,0,0,-86400,-13800,-31500,0,-30300,30300,0,0,0,0,0,0,0,0,0,-27600,0,0,0,0,0,0,0,0,0,-9000,0,0,0,-3000,-1500,0,0,0,0,580386679653434536,276000,0,0,0,24000,0,0,0,0,500,500
580386591448073784,Order,2025/09/14,2025/09/19,VND,58815,85000,85000,95000,-10000,0,0,0,-26185,-4935,-8925,0,-19700,6000,13700,0,0,0,0,0,0,0,0,-8500,0,0,0,0,0,0,0,0,0,-2550,0,0,0,-850,-425,0,0,0,0,580386591448073784,98700,0,0,0,0,0,0,0,0,100,100
580386248404075926,Order,2025/09/14,2025/09/19,VND,59485,85000,85000,95000,-10000,0,0,0,-25515,-4265,-8925,0,-30300,30000,300,0,0,0,0,0,0,0,0,-8500,0,0,0,0,0,0,0,0,0,-2550,0,0,0,-850,-425,0,0,0,0,580386248404075926,85300,0,0,0,0,0,0,0,0,100,100
580373141742192180,Order,2025/09/13,2025/09/19,VND,59500,85000,85000,95000,-10000,0,0,0,-25500,-4250,-8925,0,-19700,19700,0,0,0,0,0,0,0,0,0,-8500,0,0,0,0,0,0,0,0,0,-2550,0,0,0,-850,-425,0,0,0,0,580373141742192180,85000,0,0,0,0,0,0,0,0,110,110
580373091839280235,Order,2025/09/13,2025/09/19,VND,215400,300000,300000,350000,-50000,0,0,0,-84600,-13200,-31500,0,-35100,35100,0,0,0,0,0,0,0,0,0,-26400,0,0,0,0,0,0,0,0,0,-9000,0,0,0,-3000,-1500,0,0,0,0,580373091839280235,264000,0,0,0,36000,0,0,0,0,510,510
580369264504702636,Order,2025/09/13,2025/09/19,VND,51000,85000,85000,95000,-10000,0,0,0,-34000,-4250,-8925,0,-26200,26200,0,0,0,0,0,0,-17000,-17000,0,0,0,0,0,0,0,0,0,0,0,-2550,0,0,0,-850,-425,0,0,0,0,580369264504702636,85000,0,0,0,0,0,0,0,0,110,110
580369070199964781,Order,2025/09/13,2025/09/19,VND,50500,85000,85000,95000,-10000,0,0,0,-34500,-4750,-8925,0,-40000,30000,10000,0,0,0,0,0,-17000,-17000,0,0,0,0,0,0,0,0,0,0,0,-2550,0,0,0,-850,-425,0,0,0,0,580369070199964781,95000,0,0,0,0,0,0,0,0,110,110
580368188118370174,Order,2025/09/13,2025/09/19,VND,68500,115000,115000,130000,-15000,0,0,0,-46500,-6250,-12075,0,-40000,30000,10000,0,0,0,0,0,-23000,-23000,0,0,0,0,0,0,0,0,0,0,0,-3450,0,0,0,-1150,-575,0,0,0,0,580368188118370174,125000,0,0,0,0,0,0,0,0,210,210
580367749191337647,Order,2025/09/13,2025/09/19,VND,71500,115000,115000,130000,-15000,0,0,0,-43500,-5250,-12075,0,-35200,35200,0,0,0,0,0,0,-21000,-21000,0,0,0,0,0,0,0,0,0,0,0,-3450,0,0,0,-1150,-575,0,0,0,0,580367749191337647,105000,0,0,0,10000,0,0,0,0,210,210
580367619349054889,Order,2025/09/13,2025/09/19,VND,51000,85000,85000,95000,-10000,0,0,0,-34000,-4250,-8925,0,-30300,30300,0,0,0,0,0,0,-17000,-17000,0,0,0,0,0,0,0,0,0,0,0,-2550,0,0,0,-850,-425,0,0,0,0,580367619349054889,85000,0,0,0,0,0,0,0,0,110,110
580364615311329236,Order,2025/09/13,2025/09/19,VND,51725,85000,85000,95000,-10000,0,0,0,-33275,-5225,-8925,0,-40000,12000,28000,0,0,0,0,0,-15300,-15300,0,0,0,0,0,0,0,0,0,0,0,-2550,0,0,0,-850,-425,0,0,0,0,580364615311329236,104500,0,0,0,8500,0,0,0,0,110,110
580362273106527802,Order,2025/09/12,2025/09/19,VND,59485,85000,85000,95000,-10000,0,0,0,-25515,-4265,-8925,0,-30300,30000,300,0,0,0,0,0,0,0,0,-8500,0,0,0,0,0,0,0,0,0,-2550,0,0,0,-850,-425,0,0,0,0,580362273106527802,85300,0,0,0,0,0,0,0,0,110,110
580362185101509946,Order,2025/09/12,2025/09/19,VND,74000,115000,115000,130000,-15000,0,0,0,-41000,-4750,-12075,0,-40000,40000,0,0,0,0,0,0,-19000,-19000,0,0,0,0,0,0,0,0,0,0,0,-3450,0,0,0,-1150,-575,0,0,0,0,580362185101509946,95000,0,0,0,20000,0,0,0,0,210,210
580362050575959481,Order,2025/09/12,2025/09/19,VND,71000,115000,115000,130000,-15000,0,0,0,-44000,-5750,-12075,0,-40000,30000,10000,0,0,0,0,0,-21000,-21000,0,0,0,0,0,0,0,0,0,0,0,-3450,0,0,0,-1150,-575,0,0,0,0,580362050575959481,115000,0,0,0,10000,0,0,0,0,210,210
580362061257607104,Order,2025/09/12,2025/09/19,VND,178350,290000,290000,350000,-60000,0,0,0,-111650,-13630,-30450,0,-41400,41400,0,0,0,0,0,0,-54520,-54520,0,0,0,0,0,0,0,0,0,0,0,-8700,0,0,0,-2900,-1450,0,0,0,0,580362061257607104,272600,0,0,0,17400,0,0,0,0,510,510
580361829752341884,Order,2025/09/12,2025/09/19,VND,57500,85000,85000,95000,-10000,0,0,0,-27500,-6250,-8925,0,-40000,0,40000,0,0,0,0,0,0,0,0,-8500,0,0,0,0,0,0,0,0,0,-2550,0,0,0,-850,-425,0,0,0,0,580361829752341884,125000,0,0,0,0,0,0,0,0,110,110
580360739143059092,Order,2025/09/12,2025/09/19,VND,45000,75000,75000,95000,-20000,0,0,0,-30000,-3750,-7875,0,-40000,40000,0,0,0,0,0,0,-15000,-15000,0,0,0,0,0,0,0,0,0,0,0,-2250,0,0,0,-750,-375,0,0,0,0,580360739143059092,75000,0,0,0,0,0,0,0,0,110,110
580360588476778210,Order,2025/09/12,2025/09/19,VND,67840,115000,115000,130000,-15000,0,0,0,-47160,-6910,-12075,0,-35200,12000,23200,0,0,0,0,0,-23000,-23000,0,0,0,0,0,0,0,0,0,0,0,-3450,0,0,0,-1150,-575,0,0,0,0,580360588476778210,138200,0,0,0,0,0,0,0,0,210,210
580360480736904390,Order,2025/09/12,2025/09/19,VND,50985,85000,85000,95000,-10000,0,0,0,-34015,-4265,-8925,0,-30300,30000,300,0,0,0,0,0,-17000,-17000,0,0,0,0,0,0,0,0,0,0,0,-2550,0,0,0,-850,-425,0,0,0,0,580360480736904390,85300,0,0,0,0,0,0,0,0,110,110
580360489097135413,Order,2025/09/12,2025/09/19,VND,89740,150000,150000,190000,-40000,0,0,0,-60260,-7760,-15750,0,-35200,30000,5200,0,0,0,0,0,-30000,-30000,0,0,0,0,0,0,0,0,0,0,0,-4500,0,0,0,-1500,-750,0,0,0,0,580360489097135413,155200,0,0,0,0,0,0,0,0,230,230
580360478648141097,Order,2025/09/12,2025/09/19,VND,50800,75000,75000,95000,-20000,0,0,0,-24200,-5450,-7875,0,-40000,6000,34000,0,0,0,0,0,0,0,0,-7500,0,0,0,0,0,0,0,0,0,-2250,0,0,0,-750,-375,0,0,0,0,580360478648141097,109000,0,0,0,0,0,0,0,0,110,110
580360411500610649,Order,2025/09/12,2025/09/19,VND,67540,115000,115000,130000,-15000,0,0,0,-47460,-7210,-12075,0,-35200,6000,29200,0,0,0,0,0,-23000,-23000,0,0,0,0,0,0,0,0,0,0,0,-3450,0,0,0,-1150,-575,0,0,0,0,580360411500610649,144200,0,0,0,0,0,0,0,0,210,210
580360398864287728,Order,2025/09/12,2025/09/19,VND,207350,290000,290000,350000,-60000,0,0,0,-82650,-13050,-30450,0,-47600,47600,0,0,0,0,0,0,0,0,0,-26100,0,0,0,0,0,0,0,0,0,-8700,0,0,0,-2900,-1450,0,0,0,0,580360398864287728,261000,0,0,0,29000,0,0,0,0,510,510
580360404649215078,Order,2025/09/12,2025/09/19,VND,80485,115000,115000,130000,-15000,0,0,0,-34515,-5765,-12075,0,-30300,30000,300,0,0,0,0,0,0,0,0,-11500,0,0,0,0,0,0,0,0,0,-3450,0,0,0,-1150,-575,0,0,0,0,580360404649215078,115300,0,0,0,0,0,0,0,0,210,210
580360365862061462,Order,2025/09/12,2025/09/19,VND,706500,1150000,1150000,1300000,-150000,0,0,0,-443500,-54200,-120750,0,-47600,47600,0,0,0,0,0,0,-216800,-216800,0,0,0,0,0,0,0,0,0,0,0,-34500,0,0,0,-11500,-5750,0,0,0,0,580360365862061462,1084000,0,0,0,66000,0,0,0,0,2030,2030
580360274694735268,Order,2025/09/12,2025/09/19,VND,69000,115000,115000,130000,-15000,0,0,0,-46000,-5750,-12075,0,-26200,26200,0,0,0,0,0,0,-23000,-23000,0,0,0,0,0,0,0,0,0,0,0,-3450,0,0,0,-1150,-575,0,0,0,0,580360274694735268,115000,0,0,0,0,0,0,0,0,210,210
580360228252714616,Order,2025/09/12,2025/09/19,VND,43350,75000,75000,95000,-20000,0,0,0,-31650,-5400,-7875,0,-40000,7000,33000,0,0,0,0,0,-15000,-15000,0,0,0,0,0,0,0,0,0,0,0,-2250,0,0,0,-750,-375,0,0,0,0,580360228252714616,108000,0,0,0,0,0,0,0,0,110,110
580359698653873678,Order,2025/09/12,2025/09/19,VND,50500,85000,85000,95000,-10000,0,0,0,-34500,-4750,-8925,0,-40000,30000,10000,0,0,0,0,0,-17000,-17000,0,0,0,0,0,0,0,0,0,0,0,-2550,0,0,0,-850,-425,0,0,0,0,580359698653873678,95000,0,0,0,0,0,0,0,0,110,110
580359483281868517,Order,2025/09/12,2025/09/19,VND,71485,115000,115000,130000,-15000,0,0,0,-43515,-5265,-12075,0,-30300,30000,300,0,0,0,0,0,-21000,-21000,0,0,0,0,0,0,0,0,0,0,0,-3450,0,0,0,-1150,-575,0,0,0,0,580359483281868517,105300,0,0,0,10000,0,0,0,0,210,210
580349901179749505,Order,2025/09/11,2025/09/19,VND,83991,115700,115700,130000,-14300,0,0,0,-31709,-4785,-12148,0,-35200,35200,0,0,0,0,0,0,0,0,0,-9570,0,0,0,0,0,0,0,0,0,-3471,0,0,0,-1157,-578,0,0,0,0,580349901179749505,95700,0,0,0,20000,0,0,0,0,210,210
580348457391719850,Order,2025/09/11,2025/09/19,VND,88000,130000,130000,130000,0,0,0,0,-42000,-4500,-13650,0,-35200,35200,0,0,0,0,0,0,-18000,-18000,0,0,0,0,0,0,0,0,0,0,0,-3900,0,0,0,-1300,-650,0,0,0,0,580348457391719850,90000,0,0,0,40000,0,0,0,0,210,210
580347695465268793,Order,2025/09/11,2025/09/19,VND,174000,290000,290000,350000,-60000,0,0,0,-116000,-14500,-30450,0,-35100,35100,0,0,0,0,0,0,-58000,-58000,0,0,0,0,0,0,0,0,0,0,0,-8700,0,0,0,-2900,-1450,0,0,0,0,580347695465268793,290000,0,0,0,0,0,0,0,0,510,510
580336580306175579,Order,2025/09/10,2025/09/19,VND,71368,119380,119380,127000,-7620,0,0,0,-48012,-6229,-12535,0,-35200,30000,5200,0,0,0,0,0,-23876,-23876,0,0,0,0,0,0,0,0,0,0,0,-3581,0,0,0,-1194,-597,0,0,0,0,580336580306175579,124580,0,0,0,0,0,0,0,0,300,300
580293334385722380,Order,2025/09/07,2025/09/19,VND,-35100,0,0,0,0,0,0,0,-35100,0,0,-35100,-35100,0,0,0,0,0,0,0,0,0,0,0,0,0,0,0,0,0,0,0,0,0,0,0,0,0,0,0,0,0,0,580293334385722380,0,0,0,0,0,0,0,0,0,510,510
580368340031145687,Order,2025/09/13,2025/09/18,VND,80485,115000,115000,130000,-15000,0,0,0,-34515,-5765,-12075,0,-30300,30000,300,0,0,0,0,0,0,0,0,-11500,0,0,0,0,0,0,0,0,0,-3450,0,0,0,-1150,-575,0,0,0,0,580368340031145687,115300,0,0,0,0,0,0,0,0,210,210
580367616838370656,Order,2025/09/13,2025/09/18,VND,67300,115000,115000,130000,-15000,0,0,0,-47700,-7450,-12075,0,-40000,6000,34000,0,0,0,0,0,-23000,-23000,0,0,0,0,0,0,0,0,0,0,0,-3450,0,0,0,-1150,-575,0,0,0,0,580367616838370656,149000,0,0,0,0,0,0,0,0,210,210
580361295548286706,Order,2025/09/12,2025/09/18,VND,44740,75000,75000,95000,-20000,0,0,0,-30260,-4010,-7875,0,-35200,30000,5200,0,0,0,0,0,-15000,-15000,0,0,0,0,0,0,0,0,0,0,0,-2250,0,0,0,-750,-375,0,0,0,0,580361295548286706,80200,0,0,0,0,0,0,0,0,110,110
580361031357859729,Order,2025/09/12,2025/09/18,VND,79585,115000,115000,130000,-15000,0,0,0,-35415,-6665,-12075,0,-30300,12000,18300,0,0,0,0,0,0,0,0,-11500,0,0,0,0,0,0,0,0,0,-3450,0,0,0,-1150,-575,0,0,0,0,580361031357859729,133300,0,0,0,0,0,0,0,0,210,210
580360512678430490,Order,2025/09/12,2025/09/18,VND,177625,290000,290000,350000,-60000,0,0,0,-112375,-13775,-30450,0,-35100,35100,0,0,0,0,0,0,-55100,-55100,0,0,0,0,0,0,0,0,0,0,0,-8700,0,0,0,-2900,-1450,0,0,0,0,580360512678430490,275500,0,0,0,14500,0,0,0,0,510,510
580360249679251135,Order,2025/09/12,2025/09/18,VND,69000,115000,115000,130000,-15000,0,0,0,-46000,-5750,-12075,0,-26200,26200,0,0,0,0,0,0,-23000,-23000,0,0,0,0,0,0,0,0,0,0,0,-3450,0,0,0,-1150,-575,0,0,0,0,580360249679251135,115000,0,0,0,0,0,0,0,0,210,210
580357036201247831,Order,2025/09/12,2025/09/18,VND,78000,130000,130000,130000,0,0,0,0,-52000,-6500,-13650,0,-40000,40000,0,0,0,0,0,0,-26000,-26000,0,0,0,0,0,0,0,0,0,0,0,-3900,0,0,0,-1300,-650,0,0,0,0,580357036201247831,130000,0,0,0,0,0,0,0,0,210,210
580356999351862359,Order,2025/09/12,2025/09/18,VND,78000,130000,130000,130000,0,0,0,0,-52000,-6500,-13650,0,-30300,30300,0,0,0,0,0,0,-26000,-26000,0,0,0,0,0,0,0,0,0,0,0,-3900,0,0,0,-1300,-650,0,0,0,0,580356999351862359,130000,0,0,0,0,0,0,0,0,210,210
580355867686438388,Order,2025/09/12,2025/09/18,VND,66500,95000,95000,95000,0,0,0,0,-28500,-4750,-9975,0,-40000,40000,0,0,0,0,0,0,0,0,0,-9500,0,0,0,0,0,0,0,0,0,-2850,0,0,0,-950,-475,0,0,0,0,580355867686438388,95000,0,0,0,0,0,0,0,0,110,110
580354947330312133,Order,2025/09/12,2025/09/18,VND,56500,95000,95000,95000,0,0,0,0,-38500,-5250,-9975,0,-40000,30000,10000,0,0,0,0,0,-19000,-19000,0,0,0,0,0,0,0,0,0,0,0,-2850,0,0,0,-950,-475,0,0,0,0,580354947330312133,105000,0,0,0,0,0,0,0,0,110,110
580353762774517510,Order,2025/09/12,2025/09/18,VND,-40000,0,0,0,0,0,0,0,-40000,0,0,-40000,-40000,0,0,0,0,0,0,0,0,0,0,0,0,0,0,0,0,0,0,0,0,0,0,0,0,0,0,0,0,0,0,580353762774517510,0,0,0,0,0,0,0,0,0,200,200
580352963076982201,Order,2025/09/12,2025/09/18,VND,89540,130000,130000,130000,0,0,0,0,-40460,-7960,-13650,0,-35200,6000,29200,0,0,0,0,0,0,0,0,-13000,0,0,0,0,0,0,0,0,0,-3900,0,0,0,-1300,-650,0,0,0,0,580352963076982201,159200,0,0,0,0,0,0,0,0,210,210
580348835941156774,Order,2025/09/11,2025/09/18,VND,90000,150000,150000,190000,-40000,0,0,0,-60000,-7500,-15750,0,-40000,40000,0,0,0,0,0,0,-30000,-30000,0,0,0,0,0,0,0,0,0,0,0,-4500,0,0,0,-1500,-750,0,0,0,0,580348835941156774,150000,0,0,0,0,0,0,0,0,230,230
580348595773015190,Order,2025/09/11,2025/09/18,VND,179075,290000,290000,350000,-60000,0,0,0,-110925,-13485,-30450,0,-47600,47600,0,0,0,0,0,0,-53940,-53940,0,0,0,0,0,0,0,0,0,0,0,-8700,0,0,0,-2900,-1450,0,0,0,0,580348595773015190,269700,0,0,0,20300,0,0,0,0,510,510
580348367576532800,Order,2025/09/11,2025/09/18,VND,66485,95000,95000,95000,0,0,0,0,-28515,-4765,-9975,0,-30300,30000,300,0,0,0,0,0,0,0,0,-9500,0,0,0,0,0,0,0,0,0,-2850,0,0,0,-950,-475,0,0,0,0,580348367576532800,95300,0,0,0,0,0,0,0,0,110,110
580348169799894641,Order,2025/09/11,2025/09/18,VND,80000,130000,130000,130000,0,0,0,0,-50000,-6500,-13650,0,-40000,30000,10000,0,0,0,0,0,-24000,-24000,0,0,0,0,0,0,0,0,0,0,0,-3900,0,0,0,-1300,-650,0,0,0,0,580348169799894641,130000,0,0,0,10000,0,0,0,0,210,210
580348048604103760,Order,2025/09/11,2025/09/18,VND,91000,130000,130000,130000,0,0,0,0,-39000,-6500,-13650,0,-40000,40000,0,0,0,0,0,0,0,0,0,-13000,0,0,0,0,0,0,0,0,0,-3900,0,0,0,-1300,-650,0,0,0,0,580348048604103760,130000,0,0,0,0,0,0,0,0,210,210
580347780060054730,Order,2025/09/11,2025/09/18,VND,348000,580000,580000,700000,-120000,0,0,0,-232000,-29000,-60900,0,-55400,55400,0,0,0,0,0,0,-116000,-116000,0,0,0,0,0,0,0,0,0,0,0,-17400,0,0,0,-5800,-2900,0,0,0,0,580347780060054730,580000,0,0,0,0,0,0,0,0,1030,1030
580347682285388933,Order,2025/09/11,2025/09/18,VND,66000,95000,95000,95000,0,0,0,0,-29000,-5250,-9975,0,-40000,30000,10000,0,0,0,0,0,0,0,0,-9500,0,0,0,0,0,0,0,0,0,-2850,0,0,0,-950,-475,0,0,0,0,580347682285388933,105000,0,0,0,0,0,0,0,0,110,110
580347553176782449,Order,2025/09/11,2025/09/18,VND,203000,290000,290000,350000,-60000,0,0,0,-87000,-14500,-30450,0,-47600,47600,0,0,0,0,0,0,0,0,0,-29000,0,0,0,0,0,0,0,0,0,-8700,0,0,0,-2900,-1450,0,0,0,0,580347553176782449,290000,0,0,0,0,0,0,0,0,510,510
580347559440517004,Order,2025/09/11,2025/09/18,VND,44985,75000,75000,95000,-20000,0,0,0,-30015,-3765,-7875,0,-30300,30000,300,0,0,0,0,0,-15000,-15000,0,0,0,0,0,0,0,0,0,0,0,-2250,0,0,0,-750,-375,0,0,0,0,580347559440517004,75300,0,0,0,0,0,0,0,0,110,110
580347398048679732,Order,2025/09/11,2025/09/18,VND,202620,290000,290000,350000,-60000,0,0,0,-87380,-14880,-30450,0,-47600,40000,7600,0,0,0,0,0,0,0,0,-29000,0,0,0,0,0,0,0,0,0,-8700,0,0,0,-2900,-1450,0,0,0,0,580347398048679732,297600,0,0,0,0,0,0,0,0,510,510
580346829322684387,Order,2025/09/11,2025/09/18,VND,78000,130000,130000,130000,0,0,0,0,-52000,-6500,-13650,0,-35200,35200,0,0,0,0,0,0,-26000,-26000,0,0,0,0,0,0,0,0,0,0,0,-3900,0,0,0,-1300,-650,0,0,0,0,580346829322684387,130000,0,0,0,0,0,0,0,0,210,210
580346197025654452,Order,2025/09/11,2025/09/18,VND,66485,95000,95000,95000,0,0,0,0,-28515,-4765,-9975,0,-30300,30000,300,0,0,0,0,0,0,0,0,-9500,0,0,0,0,0,0,0,0,0,-2850,0,0,0,-950,-475,0,0,0,0,580346197025654452,95300,0,0,0,0,0,0,0,0,110,110
580345382047024668,Order,2025/09/11,2025/09/18,VND,82500,130000,130000,130000,0,0,0,0,-47500,-6000,-13650,0,-40000,30000,10000,0,0,0,0,0,-22000,-22000,0,0,0,0,0,0,0,0,0,0,0,-3900,0,0,0,-1300,-650,0,0,0,0,580345382047024668,120000,0,0,0,20000,0,0,0,0,210,210
580344585386099825,Order,2025/09/11,2025/09/18,VND,78000,130000,130000,130000,0,0,0,0,-52000,-6500,-13650,0,-30300,30300,0,0,0,0,0,0,-26000,-26000,0,0,0,0,0,0,0,0,0,0,0,-3900,0,0,0,-1300,-650,0,0,0,0,580344585386099825,130000,0,0,0,0,0,0,0,0,210,210
580341600454936572,Order,2025/09/11,2025/09/18,VND,56500,95000,95000,95000,0,0,0,0,-38500,-5250,-9975,0,-40000,30000,10000,0,0,0,0,0,-19000,-19000,0,0,0,0,0,0,0,0,0,0,0,-2850,0,0,0,-950,-475,0,0,0,0,580341600454936572,105000,0,0,0,0,0,0,0,0,110,110
580340731894400848,Order,2025/09/11,2025/09/18,VND,82500,130000,130000,130000,0,0,0,0,-47500,-6000,-13650,0,-40000,30000,10000,0,0,0,0,0,-22000,-22000,0,0,0,0,0,0,0,0,0,0,0,-3900,0,0,0,-1300,-650,0,0,0,0,580340731894400848,120000,0,0,0,20000,0,0,0,0,210,210
580335459192440318,Order,2025/09/10,2025/09/18,VND,69421,115700,115700,130000,-14300,0,0,0,-46279,-5785,-12148,0,-35200,35200,0,0,0,0,0,0,-23140,-23140,0,0,0,0,0,0,0,0,0,0,0,-3471,0,0,0,-1157,-578,0,0,0,0,580335459192440318,115700,0,0,0,0,0,0,0,0,210,210
580335478655714647,Order,2025/09/10,2025/09/18,VND,69421,115700,115700,130000,-14300,0,0,0,-46279,-5785,-12148,0,-30300,30300,0,0,0,0,0,0,-23140,-23140,0,0,0,0,0,0,0,0,0,0,0,-3471,0,0,0,-1157,-578,0,0,0,0,580335478655714647,115700,0,0,0,0,0,0,0,0,210,210
580335017169421320,Order,2025/09/10,2025/09/18,VND,82813,115700,115700,130000,-14300,0,0,0,-32887,-5351,-12148,0,-35200,30000,5200,0,0,0,0,0,0,0,0,-10182,0,0,0,0,0,0,0,0,0,-3471,0,0,0,-1157,-578,0,0,0,0,580335017169421320,107016,0,0,0,13884,0,0,0,0,210,210
580334930683463590,Order,2025/09/10,2025/09/18,VND,177250,290000,290000,350000,-60000,0,0,0,-112750,-14250,-30450,0,-40000,30000,10000,0,0,0,0,0,-55000,-55000,0,0,0,0,0,0,0,0,0,0,0,-8700,0,0,0,-2900,-1450,0,0,0,0,580334930683463590,285000,0,0,0,15000,0,0,0,0,500,500
580334927625356763,Order,2025/09/10,2025/09/18,VND,181250,290000,290000,350000,-60000,0,0,0,-108750,-13050,-30450,0,-47600,47600,0,0,0,0,0,0,-52200,-52200,0,0,0,0,0,0,0,0,0,0,0,-8700,0,0,0,-2900,-1450,0,0,0,0,580334927625356763,261000,0,0,0,29000,0,0,0,0,510,510
580334813790504311,Order,2025/09/10,2025/09/18,VND,181250,290000,290000,350000,-60000,0,0,0,-108750,-13050,-30450,0,-47600,47600,0,0,0,0,0,0,-52200,-52200,0,0,0,0,0,0,0,0,0,0,0,-8700,0,0,0,-2900,-1450,0,0,0,0,580334813790504311,261000,0,0,0,29000,0,0,0,0,510,510
580333424815015707,Order,2025/09/10,2025/09/18,VND,227460,366600,366600,390000,-23400,0,0,0,-139140,-16830,-38493,0,-35100,35100,0,0,0,0,0,0,-67320,-67320,0,0,0,0,0,0,0,0,0,0,0,-10998,0,0,0,-3666,-1833,0,0,0,0,580333424815015707,336600,0,0,0,30000,0,0,0,0,630,630
580321490349098658,Order,2025/09/09,2025/09/18,VND,69161,115700,115700,130000,-14300,0,0,0,-46539,-6045,-12148,0,-35200,30000,5200,0,0,0,0,0,-23140,-23140,0,0,0,0,0,0,0,0,0,0,0,-3471,0,0,0,-1157,-578,0,0,0,0,580321490349098658,120900,0,0,0,0,0,0,0,0,210,210
580368938629105607,Order,2025/09/13,2025/09/17,VND,178500,255000,255000,285000,-30000,0,0,0,-76500,-12750,-26775,0,-19700,19700,0,0,0,0,0,0,0,0,0,-25500,0,0,0,0,0,0,0,0,0,-7650,0,0,0,-2550,-1275,0,0,0,0,580368938629105607,255000,0,0,0,0,0,0,0,0,330,330
580368623961868243,Order,2025/09/13,2025/09/17,VND,59485,85000,85000,95000,-10000,0,0,0,-25515,-4265,-8925,0,-30300,30000,300,0,0,0,0,0,0,0,0,-8500,0,0,0,0,0,0,0,0,0,-2550,0,0,0,-850,-425,0,0,0,0,580368623961868243,85300,0,0,0,0,0,0,0,0,110,110
580366431498897398,Order,2025/09/13,2025/09/17,VND,71485,115000,115000,130000,-15000,0,0,0,-43515,-5265,-12075,0,-30300,30000,300,0,0,0,0,0,-21000,-21000,0,0,0,0,0,0,0,0,0,0,0,-3450,0,0,0,-1150,-575,0,0,0,0,580366431498897398,105300,0,0,0,10000,0,0,0,0,200,200
580362669136053323,Order,2025/09/12,2025/09/17,VND,59485,85000,85000,95000,-10000,0,0,0,-25515,-4265,-8925,0,-30300,30000,300,0,0,0,0,0,0,0,0,-8500,0,0,0,0,0,0,0,0,0,-2550,0,0,0,-850,-425,0,0,0,0,580362669136053323,85300,0,0,0,0,0,0,0,0,110,110
580360636408039184,Order,2025/09/12,2025/09/17,VND,82225,115000,115000,130000,-15000,0,0,0,-32775,-5175,-12075,0,-30300,30300,0,0,0,0,0,0,0,0,0,-10350,0,0,0,0,0,0,0,0,0,-3450,0,0,0,-1150,-575,0,0,0,0,580360636408039184,103500,0,0,0,11500,0,0,0,0,210,210
580360346893452656,Order,2025/09/12,2025/09/17,VND,205610,290000,290000,350000,-60000,0,0,0,-84390,-13630,-30450,0,-35100,35100,0,0,0,0,0,0,0,0,0,-27260,0,0,0,0,0,0,0,0,0,-8700,0,0,0,-2900,-1450,0,0,0,0,580360346893452656,272600,0,0,0,17400,0,0,0,0,510,510
580355114512254696,Order,2025/09/12,2025/09/17,VND,78000,130000,130000,130000,0,0,0,0,-52000,-6500,-13650,0,-30300,30300,0,0,0,0,0,0,-26000,-26000,0,0,0,0,0,0,0,0,0,0,0,-3900,0,0,0,-1300,-650,0,0,0,0,580355114512254696,130000,0,0,0,0,0,0,0,0,210,210
580351207701513828,Order,2025/09/12,2025/09/17,VND,77985,130000,130000,130000,0,0,0,0,-52015,-6515,-13650,0,-30300,30000,300,0,0,0,0,0,-26000,-26000,0,0,0,0,0,0,0,0,0,0,0,-3900,0,0,0,-1300,-650,0,0,0,0,580351207701513828,130300,0,0,0,0,0,0,0,0,210,210
580351157872461490,Order,2025/09/12,2025/09/17,VND,90740,130000,130000,130000,0,0,0,0,-39260,-6760,-13650,0,-35200,30000,5200,0,0,0,0,0,0,0,0,-13000,0,0,0,0,0,0,0,0,0,-3900,0,0,0,-1300,-650,0,0,0,0,580351157872461490,135200,0,0,0,0,0,0,0,0,210,210
580350423990764823,Order,2025/09/11,2025/09/17,VND,92000,130000,130000,130000,0,0,0,0,-38000,-6500,-13650,0,-40000,30000,10000,0,0,0,0,0,0,0,0,-12000,0,0,0,0,0,0,0,0,0,-3900,0,0,0,-1300,-650,0,0,0,0,580350423990764823,130000,0,0,0,10000,0,0,0,0,210,210
580349747899696504,Order,2025/09/11,2025/09/17,VND,55785,95000,95000,95000,0,0,0,0,-39215,-5965,-9975,0,-30300,6000,24300,0,0,0,0,0,-19000,-19000,0,0,0,0,0,0,0,0,0,0,0,-2850,0,0,0,-950,-475,0,0,0,0,580349747899696504,119300,0,0,0,0,0,0,0,0,110,110
580348593959765536,Order,2025/09/11,2025/09/17,VND,90740,130000,130000,130000,0,0,0,0,-39260,-6760,-13650,0,-35200,30000,5200,0,0,0,0,0,0,0,0,-13000,0,0,0,0,0,0,0,0,0,-3900,0,0,0,-1300,-650,0,0,0,0,580348593959765536,135200,0,0,0,0,0,0,0,0,210,210
580348659277071798,Order,2025/09/11,2025/09/17,VND,179420,290000,290000,350000,-60000,0,0,0,-110580,-13720,-30450,0,-47600,40000,7600,0,0,0,0,0,-53360,-53360,0,0,0,0,0,0,0,0,0,0,0,-8700,0,0,0,-2900,-1450,0,0,0,0,580348659277071798,274400,0,0,0,23200,0,0,0,0,510,510
580348366674822767,Order,2025/09/11,2025/09/17,VND,64800,95000,95000,95000,0,0,0,0,-30200,-6450,-9975,0,-40000,6000,34000,0,0,0,0,0,0,0,0,-9500,0,0,0,0,0,0,0,0,0,-2850,0,0,0,-950,-475,0,0,0,0,580348366674822767,129000,0,0,0,0,0,0,0,0,110,110
580347676565668978,Order,2025/09/11,2025/09/17,VND,71906,115700,115700,130000,-14300,0,0,0,-43794,-5300,-12148,0,-30300,30000,300,0,0,0,0,0,-21140,-21140,0,0,0,0,0,0,0,0,0,0,0,-3471,0,0,0,-1157,-578,0,0,0,0,580347676565668978,106000,0,0,0,10000,0,0,0,0,210,210
580347572060259435,Order,2025/09/11,2025/09/17,VND,51490,75000,75000,95000,-20000,0,0,0,-23510,-4760,-7875,0,-26200,6000,20200,0,0,0,0,0,0,0,0,-7500,0,0,0,0,0,0,0,0,0,-2250,0,0,0,-750,-375,0,0,0,0,580347572060259435,95200,0,0,0,0,0,0,0,0,110,110
580342063668889028,Order,2025/09/11,2025/09/17,VND,118750,190000,190000,190000,0,0,0,0,-71250,-8550,-19950,0,-40000,40000,0,0,0,0,0,0,-34200,-34200,0,0,0,0,0,0,0,0,0,0,0,-5700,0,0,0,-1900,-950,0,0,0,0,580342063668889028,171000,0,0,0,19000,0,0,0,0,230,230
580336943278228952,Order,2025/09/10,2025/09/17,VND,53581,89300,89300,95000,-5700,0,0,0,-35719,-4465,-9376,0,-26200,26200,0,0,0,0,0,0,-17860,-17860,0,0,0,0,0,0,0,0,0,0,0,-2679,0,0,0,-893,-446,0,0,0,0,580336943278228952,89300,0,0,0,0,0,0,0,0,110,110
580336563701843309,Order,2025/09/10,2025/09/17,VND,45000,75000,75000,95000,-20000,0,0,0,-30000,-3750,-7875,0,-40000,40000,0,0,0,0,0,0,-15000,-15000,0,0,0,0,0,0,0,0,0,0,0,-2250,0,0,0,-750,-375,0,0,0,0,580336563701843309,75000,0,0,0,0,0,0,0,0,110,110
580336525336806435,Order,2025/09/10,2025/09/17,VND,53566,89300,89300,95000,-5700,0,0,0,-35734,-4480,-9376,0,-30300,30000,300,0,0,0,0,0,-17860,-17860,0,0,0,0,0,0,0,0,0,0,0,-2679,0,0,0,-893,-446,0,0,0,0,580336525336806435,89600,0,0,0,0,0,0,0,0,110,110
580336376951244192,Order,2025/09/10,2025/09/17,VND,85540,122200,122200,130000,-7800,0,0,0,-36660,-6110,-12831,0,-26200,26200,0,0,0,0,0,0,0,0,0,-12220,0,0,0,0,0,0,0,0,0,-3666,0,0,0,-1222,-611,0,0,0,0,580336376951244192,122200,0,0,0,0,0,0,0,0,210,210
580336176540059178,Order,2025/09/10,2025/09/17,VND,171065,244400,244400,260000,-15600,0,0,0,-73335,-12235,-25662,0,-30300,30000,300,0,0,0,0,0,0,0,0,-24440,0,0,0,0,0,0,0,0,0,-7332,0,0,0,-2444,-1222,0,0,0,0,580336176540059178,244700,0,0,0,0,0,0,0,0,430,430
580335979982128286,Order,2025/09/10,2025/09/17,VND,79976,115700,115700,130000,-14300,0,0,0,-35724,-6800,-12148,0,-30300,10000,20300,0,0,0,0,0,0,0,0,-11570,0,0,0,0,0,0,0,0,0,-3471,0,0,0,-1157,-578,0,0,0,0,580335979982128286,136000,0,0,0,0,0,0,0,0,210,210
580335895805985898,Order,2025/09/10,2025/09/17,VND,85040,122200,122200,130000,-7800,0,0,0,-37160,-6610,-12831,0,-40000,30000,10000,0,0,0,0,0,0,0,0,-12220,0,0,0,0,0,0,0,0,0,-3666,0,0,0,-1222,-611,0,0,0,0,580335895805985898,132200,0,0,0,0,0,0,0,0,200,200
580335268292887800,Order,2025/09/10,2025/09/17,VND,80491,115700,115700,130000,-14300,0,0,0,-35209,-6285,-12148,0,-40000,30000,10000,0,0,0,0,0,0,0,0,-11570,0,0,0,0,0,0,0,0,0,-3471,0,0,0,-1157,-578,0,0,0,0,580335268292887800,125700,0,0,0,0,0,0,0,0,210,210
580335100574008705,Order,2025/09/10,2025/09/17,VND,73320,122200,122200,130000,-7800,0,0,0,-48880,-6110,-12831,0,-40000,40000,0,0,0,0,0,0,-24440,-24440,0,0,0,0,0,0,0,0,0,0,0,-3666,0,0,0,-1222,-611,0,0,0,0,580335100574008705,122200,0,0,0,0,0,0,0,0,210,210
580335008176178363,Order,2025/09/10,2025/09/17,VND,52240,75000,75000,95000,-20000,0,0,0,-22760,-4010,-7875,0,-35200,30000,5200,0,0,0,0,0,0,0,0,-7500,0,0,0,0,0,0,0,0,0,-2250,0,0,0,-750,-375,0,0,0,0,580335008176178363,80200,0,0,0,0,0,0,0,0,110,110
580335042230584549,Order,2025/09/10,2025/09/17,VND,45000,75000,75000,95000,-20000,0,0,0,-30000,-3750,-7875,0,-40000,40000,0,0,0,0,0,0,-15000,-15000,0,0,0,0,0,0,0,0,0,0,0,-2250,0,0,0,-750,-375,0,0,0,0,580335042230584549,75000,0,0,0,0,0,0,0,0,110,110
580334989373310972,Order,2025/09/10,2025/09/17,VND,82813,115700,115700,130000,-14300,0,0,0,-32887,-5351,-12148,0,-35200,30000,5200,0,0,0,0,0,0,0,0,-10182,0,0,0,0,0,0,0,0,0,-3471,0,0,0,-1157,-578,0,0,0,0,580334989373310972,107016,0,0,0,13884,0,0,0,0,210,210
580334959775942066,Order,2025/09/10,2025/09/17,VND,82573,115700,115700,130000,-14300,0,0,0,-33127,-5591,-12148,0,-40000,30000,10000,0,0,0,0,0,0,0,0,-10182,0,0,0,0,0,0,0,0,0,-3471,0,0,0,-1157,-578,0,0,0,0,580334959775942066,111816,0,0,0,13884,0,0,0,0,210,210
580334906464830597,Order,2025/09/10,2025/09/17,VND,50985,75000,75000,95000,-20000,0,0,0,-24015,-3765,-7875,0,-30300,0,30300,0,0,0,0,0,-9000,-9000,0,0,0,0,0,0,0,0,0,0,0,-2250,0,0,0,-750,-375,0,0,0,0,580334906464830597,75300,0,0,0,30000,0,0,0,0,110,110
580322736690595715,Order,2025/09/09,2025/09/17,VND,56000,95000,95000,95000,0,0,0,0,-39000,-5750,-9975,0,-40000,20000,20000,0,0,0,0,0,-19000,-19000,0,0,0,0,0,0,0,0,0,0,0,-2850,0,0,0,-950,-475,0,0,0,0,580322736690595715,115000,0,0,0,0,0,0,0,0,110,110
580321744669214070,Order,2025/09/09,2025/09/17,VND,143500,240000,240000,285000,-45000,0,0,0,-96500,-12500,-25200,0,-40000,30000,10000,0,0,0,0,0,-48000,-48000,0,0,0,0,0,0,0,0,0,0,0,-7200,0,0,0,-2400,-1200,0,0,0,0,580321744669214070,250000,0,0,0,0,0,0,0,0,330,330
580321552753329807,Order,2025/09/09,2025/09/17,VND,179060,290000,290000,350000,-60000,0,0,0,-110940,-13500,-30450,0,-30300,30000,300,0,0,0,0,0,-53940,-53940,0,0,0,0,0,0,0,0,0,0,0,-8700,0,0,0,-2900,-1450,0,0,0,0,580321552753329807,270000,0,0,0,20300,0,0,0,0,500,500
580321575813285760,Order,2025/09/09,2025/09/17,VND,181250,290000,290000,350000,-60000,0,0,0,-108750,-13050,-30450,0,-35100,35100,0,0,0,0,0,0,-52200,-52200,0,0,0,0,0,0,0,0,0,0,0,-8700,0,0,0,-2900,-1450,0,0,0,0,580321575813285760,261000,0,0,0,29000,0,0,0,0,510,510
580355235644147232,Order,2025/09/12,2025/09/16,VND,221375,350000,350000,350000,0,0,0,0,-128625,-15225,-36750,0,-15800,15800,0,0,0,0,0,0,-60900,-60900,0,0,0,0,0,0,0,0,0,0,0,-10500,0,0,0,-3500,-1750,0,0,0,0,580355235644147232,304500,0,0,0,45500,0,0,0,0,510,510
580344179240044291,Order,2025/09/11,2025/09/16,VND,91000,130000,130000,130000,0,0,0,0,-39000,-6500,-13650,0,-35200,35200,0,0,0,0,0,0,0,0,0,-13000,0,0,0,0,0,0,0,0,0,-3900,0,0,0,-1300,-650,0,0,0,0,580344179240044291,130000,0,0,0,0,0,0,0,0,210,210
580344153062934226,Order,2025/09/11,2025/09/16,VND,59115,95000,95000,95000,0,0,0,0,-35885,-4535,-9975,0,-35200,30000,5200,0,0,0,0,0,-17100,-17100,0,0,0,0,0,0,0,0,0,0,0,-2850,0,0,0,-950,-475,0,0,0,0,580344153062934226,90700,0,0,0,9500,0,0,0,0,110,110
580339676180284456,Order,2025/09/11,2025/09/16,VND,61051,89300,89300,95000,-5700,0,0,0,-28249,-5925,-9376,0,-35200,6000,29200,0,0,0,0,0,0,0,0,-8930,0,0,0,0,0,0,0,0,0,-2679,0,0,0,-893,-446,0,0,0,0,580339676180284456,118500,0,0,0,0,0,0,0,0,110,110
580336908979438632,Order,2025/09/10,2025/09/16,VND,45000,75000,75000,95000,-20000,0,0,0,-30000,-3750,-7875,0,-30300,30300,0,0,0,0,0,0,-15000,-15000,0,0,0,0,0,0,0,0,0,0,0,-2250,0,0,0,-750,-375,0,0,0,0,580336908979438632,75000,0,0,0,0,0,0,0,0,110,110
580336555774215238,Order,2025/09/10,2025/09/16,VND,75940,127000,127000,127000,0,0,0,0,-51060,-6610,-13335,0,-35200,30000,5200,0,0,0,0,0,0,0,0,-25400,0,0,0,0,0,0,0,0,0,-3810,0,0,0,-1270,-635,0,0,0,0,580336555774215238,132200,0,0,0,0,0,0,0,0,300,300
580336037263541258,Order,2025/09/10,2025/09/16,VND,61511,89300,89300,95000,-5700,0,0,0,-27789,-5465,-9376,0,-40000,20000,20000,0,0,0,0,0,0,0,0,-8930,0,0,0,0,0,0,0,0,0,-2679,0,0,0,-893,-446,0,0,0,0,580336037263541258,109300,0,0,0,0,0,0,0,0,110,110
580335507712017946,Order,2025/09/10,2025/09/16,VND,69161,115700,115700,130000,-14300,0,0,0,-46539,-6045,-12148,0,-35200,30000,5200,0,0,0,0,0,-23140,-23140,0,0,0,0,0,0,0,0,0,0,0,-3471,0,0,0,-1157,-578,0,0,0,0,580335507712017946,120900,0,0,0,0,0,0,0,0,210,210
580335499756275220,Order,2025/09/10,2025/09/16,VND,72392,115700,115700,130000,-14300,0,0,0,-43308,-5591,-12148,0,-40000,30000,10000,0,0,0,0,0,-20363,-20363,0,0,0,0,0,0,0,0,0,0,0,-3471,0,0,0,-1157,-578,0,0,0,0,580335499756275220,111816,0,0,0,13884,0,0,0,0,210,210
580335212288575321,Order,2025/09/10,2025/09/16,VND,179075,290000,290000,350000,-60000,0,0,0,-110925,-13485,-30450,0,-47600,47600,0,0,0,0,0,0,-53940,-53940,0,0,0,0,0,0,0,0,0,0,0,-8700,0,0,0,-2900,-1450,0,0,0,0,580335212288575321,269700,0,0,0,20300,0,0,0,0,510,510
580335265198737227,Order,2025/09/10,2025/09/16,VND,69406,115700,115700,130000,-14300,0,0,0,-46294,-5800,-12148,0,-30300,30000,300,0,0,0,0,0,-23140,-23140,0,0,0,0,0,0,0,0,0,0,0,-3471,0,0,0,-1157,-578,0,0,0,0,580335265198737227,116000,0,0,0,0,0,0,0,0,210,210
580335075925133181,Order,2025/09/10,2025/09/16,VND,205610,290000,290000,350000,-60000,0,0,0,-84390,-13630,-30450,0,-35100,35100,0,0,0,0,0,0,0,0,0,-27260,0,0,0,0,0,0,0,0,0,-8700,0,0,0,-2900,-1450,0,0,0,0,580335075925133181,272600,0,0,0,17400,0,0,0,0,510,510
580335022638466891,Order,2025/09/10,2025/09/16,VND,82573,115700,115700,130000,-14300,0,0,0,-33127,-5591,-12148,0,-40000,30000,10000,0,0,0,0,0,0,0,0,-10182,0,0,0,0,0,0,0,0,0,-3471,0,0,0,-1157,-578,0,0,0,0,580335022638466891,111816,0,0,0,13884,0,0,0,0,210,210
580335021544146462,Order,2025/09/10,2025/09/16,VND,52000,75000,75000,95000,-20000,0,0,0,-23000,-4250,-7875,0,-40000,30000,10000,0,0,0,0,0,0,0,0,-7500,0,0,0,0,0,0,0,0,0,-2250,0,0,0,-750,-375,0,0,0,0,580335021544146462,85000,0,0,0,0,0,0,0,0,110,110
580334986639344729,Order,2025/09/10,2025/09/16,VND,83073,115700,115700,130000,-14300,0,0,0,-32627,-5091,-12148,0,-26200,26200,0,0,0,0,0,0,0,0,0,-10182,0,0,0,0,0,0,0,0,0,-3471,0,0,0,-1157,-578,0,0,0,0,580334986639344729,101816,0,0,0,13884,0,0,0,0,210,210
580334997189067826,Order,2025/09/10,2025/09/16,VND,83073,115700,115700,130000,-14300,0,0,0,-32627,-5091,-12148,0,-30300,30300,0,0,0,0,0,0,0,0,0,-10182,0,0,0,0,0,0,0,0,0,-3471,0,0,0,-1157,-578,0,0,0,0,580334997189067826,101816,0,0,0,13884,0,0,0,0,210,210
580334961166354034,Order,2025/09/10,2025/09/16,VND,82573,115700,115700,130000,-14300,0,0,0,-33127,-5591,-12148,0,-40000,30000,10000,0,0,0,0,0,0,0,0,-10182,0,0,0,0,0,0,0,0,0,-3471,0,0,0,-1157,-578,0,0,0,0,580334961166354034,111816,0,0,0,13884,0,0,0,0,210,210
580334899983451195,Order,2025/09/10,2025/09/16,VND,72392,115700,115700,130000,-14300,0,0,0,-43308,-5591,-12148,0,-40000,30000,10000,0,0,0,0,0,-20363,-20363,0,0,0,0,0,0,0,0,0,0,0,-3471,0,0,0,-1157,-578,0,0,0,0,580334899983451195,111816,0,0,0,13884,0,0,0,0,210,210
580334857194472584,Order,2025/09/10,2025/09/16,VND,72877,115700,115700,130000,-14300,0,0,0,-42823,-5106,-12148,0,-30300,30000,300,0,0,0,0,0,-20363,-20363,0,0,0,0,0,0,0,0,0,0,0,-3471,0,0,0,-1157,-578,0,0,0,0,580334857194472584,102116,0,0,0,13884,0,0,0,0,210,210
580329477120493297,Order,2025/09/10,2025/09/16,VND,75875,122200,122200,130000,-7800,0,0,0,-46325,-5999,-12831,0,-40000,30000,10000,0,0,0,0,0,-21996,-21996,0,0,0,0,0,0,0,0,0,0,0,-3666,0,0,0,-1222,-611,0,0,0,0,580329477120493297,119980,0,0,0,12220,0,0,0,0,210,210
580322469241718781,Order,2025/09/09,2025/09/16,VND,62011,89300,89300,95000,-5700,0,0,0,-27289,-4965,-9376,0,-40000,30000,10000,0,0,0,0,0,0,0,0,-8930,0,0,0,0,0,0,0,0,0,-2679,0,0,0,-893,-446,0,0,0,0,580322469241718781,99300,0,0,0,0,0,0,0,0,110,110
580322134847751535,Order,2025/09/09,2025/09/16,VND,200600,321000,321000,350000,-29000,0,0,0,-120400,-14450,-33705,0,-47600,47600,0,0,0,0,0,0,-57800,-57800,0,0,0,0,0,0,0,0,0,0,0,-9630,0,0,0,-3210,-1605,0,0,0,0,580322134847751535,289000,0,-8000,0,32000,0,32000,0,0,510,510
580321777771382740,Order,2025/09/09,2025/09/16,VND,179075,290000,290000,350000,-60000,0,0,0,-110925,-13485,-30450,0,-41400,41400,0,0,0,0,0,0,-53940,-53940,0,0,0,0,0,0,0,0,0,0,0,-8700,0,0,0,-2900,-1450,0,0,0,0,580321777771382740,269700,0,0,0,20300,0,0,0,0,510,510
580321622394963957,Order,2025/09/09,2025/09/16,VND,53581,89300,89300,95000,-5700,0,0,0,-35719,-4465,-9376,0,-35200,35200,0,0,0,0,0,0,-17860,-17860,0,0,0,0,0,0,0,0,0,0,0,-2679,0,0,0,-893,-446,0,0,0,0,580321622394963957,89300,0,0,0,0,0,0,0,0,110,110
580321530897991001,Order,2025/09/09,2025/09/16,VND,55985,80000,80000,95000,-15000,0,0,0,-24015,-4015,-8400,0,-30300,30000,300,0,0,0,0,0,0,0,0,-8000,0,0,0,0,0,0,0,0,0,-2400,0,0,0,-800,-400,0,0,0,0,580321530897991001,80300,0,0,0,0,0,0,0,0,110,110
580321421455688996,Order,2025/09/09,2025/09/16,VND,206045,290000,290000,350000,-60000,0,0,0,-83955,-13485,-30450,0,-47600,47600,0,0,0,0,0,0,0,0,0,-26970,0,0,0,0,0,0,0,0,0,-8700,0,0,0,-2900,-1450,0,0,0,0,580321421455688996,269700,0,0,0,20300,0,0,0,0,510,510
580321327406810726,Order,2025/09/09,2025/09/16,VND,55500,80000,80000,95000,-15000,0,0,0,-24500,-4500,-8400,0,-40000,30000,10000,0,0,0,0,0,0,0,0,-8000,0,0,0,0,0,0,0,0,0,-2400,0,0,0,-800,-400,0,0,0,0,580321327406810726,90000,0,0,0,0,0,0,0,0,110,110
580321232041182546,Order,2025/09/09,2025/09/16,VND,72877,115700,115700,130000,-14300,0,0,0,-42823,-5106,-12148,0,-30300,30000,300,0,0,0,0,0,-20363,-20363,0,0,0,0,0,0,0,0,0,0,0,-3471,0,0,0,-1157,-578,0,0,0,0,580321232041182546,102116,0,0,0,13884,0,0,0,0,210,210
580313640140179173,Order,2025/09/09,2025/09/16,VND,62011,89300,89300,95000,-5700,0,0,0,-27289,-4965,-9376,0,-40000,30000,10000,0,0,0,0,0,0,0,0,-8930,0,0,0,0,0,0,0,0,0,-2679,0,0,0,-893,-446,0,0,0,0,580313640140179173,99300,0,0,0,0,0,0,0,0,110,110
580312271212939065,Order,2025/09/09,2025/09/16,VND,62011,89300,89300,95000,-5700,0,0,0,-27289,-4965,-9376,0,-40000,30000,10000,0,0,0,0,0,0,0,0,-8930,0,0,0,0,0,0,0,0,0,-2679,0,0,0,-893,-446,0,0,0,0,580312271212939065,99300,0,0,0,0,0,0,0,0,110,110
580306225923392717,Order,2025/09/08,2025/09/16,VND,48000,80000,80000,95000,-15000,0,0,0,-32000,-4000,-8400,0,-40000,40000,0,0,0,0,0,0,-16000,-16000,0,0,0,0,0,0,0,0,0,0,0,-2400,0,0,0,-800,-400,0,0,0,0,580306225923392717,80000,0,0,0,0,0,0,0,0,110,110
580306174553785573,Order,2025/09/08,2025/09/16,VND,180525,290000,290000,350000,-60000,0,0,0,-109475,-13195,-30450,0,-35100,35100,0,0,0,0,0,0,-52780,-52780,0,0,0,0,0,0,0,0,0,0,0,-8700,0,0,0,-2900,-1450,0,0,0,0,580306174553785573,263900,0,0,0,26100,0,0,0,0,510,510
580306167505192887,Order,2025/09/08,2025/09/16,VND,71192,115700,115700,130000,-14300,0,0,0,-44508,-6791,-12148,0,-40000,6000,34000,0,0,0,0,0,-20363,-20363,0,0,0,0,0,0,0,0,0,0,0,-3471,0,0,0,-1157,-578,0,0,0,0,580306167505192887,135816,0,0,0,13884,0,0,0,0,210,210
580294393392235735,Order,2025/09/07,2025/09/16,VND,53566,89300,89300,95000,-5700,0,0,0,-35734,-4480,-9376,0,-30300,30000,300,0,0,0,0,0,-17860,-17860,0,0,0,0,0,0,0,0,0,0,0,-2679,0,0,0,-893,-446,0,0,0,0,580294393392235735,89600,0,0,0,0,0,0,0,0,110,110
580293416757790626,Order,2025/09/07,2025/09/16,VND,409605,658000,658000,700000,-42000,0,0,0,-248395,-29939,-69090,0,-39400,39400,0,0,0,0,0,0,-119756,-119756,0,0,0,0,0,0,0,0,0,0,0,-19740,0,0,0,-6580,-3290,0,0,0,0,580293416757790626,598780,0,0,0,59220,0,0,0,0,1030,1030
580291132413150251,Order,2025/09/07,2025/09/16,VND,53581,89300,89300,95000,-5700,0,0,0,-35719,-4465,-9376,0,-30300,30300,0,0,0,0,0,0,-17860,-17860,0,0,0,0,0,0,0,0,0,0,0,-2679,0,0,0,-893,-446,0,0,0,0,580291132413150251,89300,0,0,0,0,0,0,0,0,110,110
580288373875640245,Order,2025/09/07,2025/09/16,VND,91000,130000,130000,130000,0,0,0,0,-39000,-6500,-13650,0,-19700,19700,0,0,0,0,0,0,0,0,0,-13000,0,0,0,0,0,0,0,0,0,-3900,0,0,0,-1300,-650,0,0,0,0,580288373875640245,130000,0,0,0,0,0,0,0,0,210,210
580286823722092311,Order,2025/09/07,2025/09/16,VND,-39400,0,0,0,0,0,0,0,-39400,0,0,-39400,-39400,0,0,0,0,0,0,0,0,0,0,0,0,0,0,0,0,0,0,0,0,0,0,0,0,0,0,0,0,0,0,580286823722092311,0,0,0,0,0,0,0,0,0,1130,1130
580279970816361903,Order,2025/09/06,2025/09/16,VND,80991,115700,115700,130000,-14300,0,0,0,-34709,-5785,-12148,0,-26200,26200,0,0,0,0,0,0,0,0,0,-11570,0,0,0,0,0,0,0,0,0,-3471,0,0,0,-1157,-578,0,0,0,0,580279970816361903,115700,0,0,0,0,0,0,0,0,210,210
580279428526867554,Order,2025/09/06,2025/09/16,VND,48000,80000,80000,95000,-15000,0,0,0,-32000,-4000,-8400,0,-19700,19700,0,0,0,0,0,0,-16000,-16000,0,0,0,0,0,0,0,0,0,0,0,-2400,0,0,0,-800,-400,0,0,0,0,580279428526867554,80000,0,0,0,0,0,0,0,0,110,110
580279370346104694,Order,2025/09/06,2025/09/16,VND,72892,115700,115700,130000,-14300,0,0,0,-42808,-5091,-12148,0,-26200,26200,0,0,0,0,0,0,-20363,-20363,0,0,0,0,0,0,0,0,0,0,0,-3471,0,0,0,-1157,-578,0,0,0,0,580279370346104694,101816,0,0,0,13884,0,0,0,0,210,210
580267538277828509,Order,2025/09/05,2025/09/16,VND,354730,580000,580000,700000,-120000,0,0,0,-225270,-28670,-60900,0,-55400,30000,25400,0,0,0,0,0,-109600,-109600,0,0,0,0,0,0,0,0,0,0,0,-17400,0,0,0,-5800,-2900,0,0,0,0,580267538277828509,573400,0,0,0,32000,0,0,0,0,1030,1030
580267335651788328,Order,2025/09/05,2025/09/16,VND,369750,580000,580000,700000,-120000,0,0,0,-210250,-24650,-60900,0,-55400,55400,0,0,0,0,0,0,-98600,-98600,0,0,0,0,0,0,0,0,0,0,0,-17400,0,0,0,-5800,-2900,0,0,0,0,580267335651788328,493000,0,0,0,87000,0,0,0,0,1030,1030
580267035598029831,Order,2025/09/05,2025/09/16,VND,174000,290000,290000,350000,-60000,0,0,0,-116000,-14500,-30450,0,-35100,35100,0,0,0,0,0,0,-58000,-58000,0,0,0,0,0,0,0,0,0,0,0,-8700,0,0,0,-2900,-1450,0,0,0,0,580267035598029831,290000,0,0,0,0,0,0,0,0,510,510
580265474425980250,Order,2025/09/05,2025/09/16,VND,90985,130000,130000,130000,0,0,0,0,-39015,-6515,-13650,0,-30300,30000,300,0,0,0,0,0,0,0,0,-13000,0,0,0,0,0,0,0,0,0,-3900,0,0,0,-1300,-650,0,0,0,0,580265474425980250,130300,0,0,0,0,0,0,0,0,210,210
580253738860316558,Order,2025/09/04,2025/09/16,VND,177750,290000,290000,350000,-60000,0,0,0,-112250,-13750,-30450,0,-35100,35100,0,0,0,0,0,0,-55000,-55000,0,0,0,0,0,0,0,0,0,0,0,-8700,0,0,0,-2900,-1450,0,0,0,0,580253738860316558,275000,0,0,0,15000,0,0,0,0,510,510
580253686499411854,Order,2025/09/04,2025/09/16,VND,701500,1160000,1160000,1400000,-240000,0,0,0,-458500,-56900,-121800,0,-47600,47600,0,0,0,0,0,0,-227600,-227600,0,0,0,0,0,0,0,0,0,0,0,-34800,0,0,0,-11600,-5800,0,0,0,0,580253686499411854,1138000,0,0,0,22000,0,0,0,0,2030,2030
580247285548156441,Order,2025/09/04,2025/09/16,VND,-40000,0,0,0,0,0,0,0,-40000,0,0,-40000,-40000,0,0,0,0,0,0,0,0,0,0,0,0,0,0,0,0,0,0,0,0,0,0,0,0,0,0,0,0,0,0,580247285548156441,0,0,0,0,0,0,0,0,0,110,110
580239571939329203,Order,2025/09/03,2025/09/16,VND,76000,130000,130000,130000,0,0,0,0,-54000,-8500,-13650,0,-40000,0,40000,0,0,0,0,0,-26000,-26000,0,0,0,0,0,0,0,0,0,0,0,-3900,0,0,0,-1300,-650,0,0,0,0,580239571939329203,170000,0,0,0,0,0,0,0,0,210,210
580335091399885856,Order,2025/09/10,2025/09/15,VND,83073,115700,115700,130000,-14300,0,0,0,-32627,-5091,-12148,0,-26200,26200,0,0,0,0,0,0,0,0,0,-10182,0,0,0,0,0,0,0,0,0,-3471,0,0,0,-1157,-578,0,0,0,0,580335091399885856,101816,0,0,0,13884,0,0,0,0,210,210
580334776925194098,Order,2025/09/10,2025/09/15,VND,72877,115700,115700,130000,-14300,0,0,0,-42823,-5106,-12148,0,-30300,30000,300,0,0,0,0,0,-20363,-20363,0,0,0,0,0,0,0,0,0,0,0,-3471,0,0,0,-1157,-578,0,0,0,0,580334776925194098,102116,0,0,0,13884,0,0,0,0,210,210
580330489360254261,Order,2025/09/10,2025/09/15,VND,63851,89300,89300,95000,-5700,0,0,0,-25449,-4018,-9376,0,-35200,35200,0,0,0,0,0,0,0,0,0,-8037,0,0,0,0,0,0,0,0,0,-2679,0,0,0,-893,-446,0,0,0,0,580330489360254261,80370,0,0,0,8930,0,0,0,0,110,110
580327979143563058,Order,2025/09/10,2025/09/15,VND,187531,267900,267900,285000,-17100,0,0,0,-80369,-13395,-28130,0,-30300,30300,0,0,0,0,0,0,0,0,0,-26790,0,0,0,0,0,0,0,0,0,-8037,0,0,0,-2679,-1338,0,0,0,0,580327979143563058,267900,0,0,0,0,0,0,0,0,330,330
580327715125823397,Order,2025/09/10,2025/09/15,VND,73320,122200,122200,130000,-7800,0,0,0,-48880,-6110,-12831,0,-30300,30300,0,0,0,0,0,0,-24440,-24440,0,0,0,0,0,0,0,0,0,0,0,-3666,0,0,0,-1222,-611,0,0,0,0,580327715125823397,122200,0,0,0,0,0,0,0,0,210,210
580323109024007358,Order,2025/09/09,2025/09/15,VND,85540,122200,122200,130000,-7800,0,0,0,-36660,-6110,-12831,0,-30300,30300,0,0,0,0,0,0,0,0,0,-12220,0,0,0,0,0,0,0,0,0,-3666,0,0,0,-1222,-611,0,0,0,0,580323109024007358,122200,0,0,0,0,0,0,0,0,210,210
580322888995211248,Order,2025/09/09,2025/09/15,VND,73060,122200,122200,130000,-7800,0,0,0,-49140,-6370,-12831,0,-35200,30000,5200,0,0,0,0,0,-24440,-24440,0,0,0,0,0,0,0,0,0,0,0,-3666,0,0,0,-1222,-611,0,0,0,0,580322888995211248,127400,0,0,0,0,0,0,0,0,210,210
580322822357616360,Order,2025/09/09,2025/09/15,VND,53321,89300,89300,95000,-5700,0,0,0,-35979,-4725,-9376,0,-35200,30000,5200,0,0,0,0,0,-17860,-17860,0,0,0,0,0,0,0,0,0,0,0,-2679,0,0,0,-893,-446,0,0,0,0,580322822357616360,94500,0,0,0,0,0,0,0,0,110,110
580322657745863945,Order,2025/09/09,2025/09/15,VND,206600,290000,290000,350000,-60000,0,0,0,-83400,-13300,-30450,0,-35100,35100,0,0,0,0,0,0,0,0,0,-26600,0,0,0,0,0,0,0,0,0,-8700,0,0,0,-2900,-1450,0,0,0,0,580322657745863945,266000,0,0,0,24000,0,0,0,0,510,510
580322487193273988,Order,2025/09/09,2025/09/15,VND,53581,89300,89300,95000,-5700,0,0,0,-35719,-4465,-9376,0,-40000,40000,0,0,0,0,0,0,-17860,-17860,0,0,0,0,0,0,0,0,0,0,0,-2679,0,0,0,-893,-446,0,0,0,0,580322487193273988,89300,0,0,0,0,0,0,0,0,110,110
580322210997569322,Order,2025/09/09,2025/09/15,VND,62511,89300,89300,95000,-5700,0,0,0,-26789,-4465,-9376,0,-26200,26200,0,0,0,0,0,0,0,0,0,-8930,0,0,0,0,0,0,0,0,0,-2679,0,0,0,-893,-446,0,0,0,0,580322210997569322,89300,0,0,0,0,0,0,0,0,110,110
580322056302856176,Order,2025/09/09,2025/09/15,VND,72392,115700,115700,130000,-14300,0,0,0,-43308,-5591,-12148,0,-40000,30000,10000,0,0,0,0,0,-20363,-20363,0,0,0,0,0,0,0,0,0,0,0,-3471,0,0,0,-1157,-578,0,0,0,0,580322056302856176,111816,0,0,0,13884,0,0,0,0,210,210
580322087390512319,Order,2025/09/09,2025/09/15,VND,62511,89300,89300,95000,-5700,0,0,0,-26789,-4465,-9376,0,-26200,26200,0,0,0,0,0,0,0,0,0,-8930,0,0,0,0,0,0,0,0,0,-2679,0,0,0,-893,-446,0,0,0,0,580322087390512319,89300,0,0,0,0,0,0,0,0,110,110
580321864055686162,Order,2025/09/09,2025/09/15,VND,62511,89300,89300,95000,-5700,0,0,0,-26789,-4465,-9376,0,-40000,40000,0,0,0,0,0,0,0,0,0,-8930,0,0,0,0,0,0,0,0,0,-2679,0,0,0,-893,-446,0,0,0,0,580321864055686162,89300,0,0,0,0,0,0,0,0,110,110
580321818579797328,Order,2025/09/09,2025/09/15,VND,200600,321000,321000,350000,-29000,0,0,0,-120400,-14450,-33705,0,-35100,35100,0,0,0,0,0,0,-57800,-57800,0,0,0,0,0,0,0,0,0,0,0,-9630,0,0,0,-3210,-1605,0,0,0,0,580321818579797328,289000,0,-8000,0,32000,0,32000,0,0,510,510
580321569843415028,Order,2025/09/09,2025/09/15,VND,69421,115700,115700,130000,-14300,0,0,0,-46279,-5785,-12148,0,-30300,30300,0,0,0,0,0,0,-23140,-23140,0,0,0,0,0,0,0,0,0,0,0,-3471,0,0,0,-1157,-578,0,0,0,0,580321569843415028,115700,0,0,0,0,0,0,0,0,210,210
580321472758712062,Order,2025/09/09,2025/09/15,VND,80976,115700,115700,130000,-14300,0,0,0,-34724,-5800,-12148,0,-30300,30000,300,0,0,0,0,0,0,0,0,-11570,0,0,0,0,0,0,0,0,0,-3471,0,0,0,-1157,-578,0,0,0,0,580321472758712062,116000,0,0,0,0,0,0,0,0,210,210
580321325948634336,Order,2025/09/09,2025/09/15,VND,55500,80000,80000,95000,-15000,0,0,0,-24500,-4500,-8400,0,-40000,30000,10000,0,0,0,0,0,0,0,0,-8000,0,0,0,0,0,0,0,0,0,-2400,0,0,0,-800,-400,0,0,0,0,580321325948634336,90000,0,0,0,0,0,0,0,0,110,110
580321256719877390,Order,2025/09/09,2025/09/15,VND,72392,115700,115700,130000,-14300,0,0,0,-43308,-5591,-12148,0,-40000,30000,10000,0,0,0,0,0,-20363,-20363,0,0,0,0,0,0,0,0,0,0,0,-3471,0,0,0,-1157,-578,0,0,0,0,580321256719877390,111816,0,0,0,13884,0,0,0,0,210,210
580320663624123968,Order,2025/09/09,2025/09/15,VND,56500,95000,95000,95000,0,0,0,0,-38500,-5250,-9975,0,-40000,30000,10000,0,0,0,0,0,-19000,-19000,0,0,0,0,0,0,0,0,0,0,0,-2850,0,0,0,-950,-475,0,0,0,0,580320663624123968,105000,0,0,0,0,0,0,0,0,110,110
580319566851245461,Order,2025/09/09,2025/09/15,VND,53081,89300,89300,95000,-5700,0,0,0,-36219,-4965,-9376,0,-40000,30000,10000,0,0,0,0,0,-17860,-17860,0,0,0,0,0,0,0,0,0,0,0,-2679,0,0,0,-893,-446,0,0,0,0,580319566851245461,99300,0,0,0,0,0,0,0,0,110,110
580318445173245055,Order,2025/09/09,2025/09/15,VND,72820,122200,122200,130000,-7800,0,0,0,-49380,-6610,-12831,0,-40000,30000,10000,0,0,0,0,0,-24440,-24440,0,0,0,0,0,0,0,0,0,0,0,-3666,0,0,0,-1222,-611,0,0,0,0,580318445173245055,132200,0,0,0,0,0,0,0,0,210,210
580313505662534839,Order,2025/09/09,2025/09/15,VND,-40000,0,0,0,0,0,0,0,-40000,0,0,-40000,-40000,0,0,0,0,0,0,0,0,0,0,0,0,0,0,0,0,0,0,0,0,0,0,0,0,0,0,0,0,0,0,580313505662534839,0,0,0,0,0,0,0,0,0,100,100
580313512871298423,Order,2025/09/09,2025/09/15,VND,-40000,0,0,0,0,0,0,0,-40000,0,0,-40000,-40000,0,0,0,0,0,0,0,0,0,0,0,0,0,0,0,0,0,0,0,0,0,0,0,0,0,0,0,0,0,0,580313512871298423,0,0,0,0,0,0,0,0,0,500,500
580312126689543701,Order,2025/09/09,2025/09/15,VND,133000,190000,190000,190000,0,0,0,0,-57000,-9500,-19950,0,-40000,40000,0,0,0,0,0,0,0,0,0,-19000,0,0,0,0,0,0,0,0,0,-5700,0,0,0,-1900,-950,0,0,0,0,580312126689543701,190000,0,0,0,0,0,0,0,0,230,230
580309967181547073,Order,2025/09/09,2025/09/15,VND,85040,122200,122200,130000,-7800,0,0,0,-37160,-6610,-12831,0,-40000,30000,10000,0,0,0,0,0,0,0,0,-12220,0,0,0,0,0,0,0,0,0,-3666,0,0,0,-1222,-611,0,0,0,0,580309967181547073,132200,0,0,0,0,0,0,0,0,210,210
580306672142288657,Order,2025/09/08,2025/09/15,VND,206480,290000,290000,350000,-60000,0,0,0,-83520,-13340,-30450,0,-47600,47600,0,0,0,0,0,0,0,0,0,-26680,0,0,0,0,0,0,0,0,0,-8700,0,0,0,-2900,-1450,0,0,0,0,580306672142288657,266800,0,0,0,23200,0,0,0,0,510,510
580306588055668437,Order,2025/09/08,2025/09/15,VND,53581,89300,89300,95000,-5700,0,0,0,-35719,-4465,-9376,0,-40000,40000,0,0,0,0,0,0,-17860,-17860,0,0,0,0,0,0,0,0,0,0,0,-2679,0,0,0,-893,-446,0,0,0,0,580306588055668437,89300,0,0,0,0,0,0,0,0,110,110
580306274723006214,Order,2025/09/08,2025/09/15,VND,205545,290000,290000,350000,-60000,0,0,0,-84455,-13985,-30450,0,-40000,30000,10000,0,0,0,0,0,0,0,0,-26970,0,0,0,0,0,0,0,0,0,-8700,0,0,0,-2900,-1450,0,0,0,0,580306274723006214,279700,0,0,0,20300,0,0,0,0,500,500
580306201617008245,Order,2025/09/08,2025/09/15,VND,55500,80000,80000,95000,-15000,0,0,0,-24500,-4500,-8400,0,-40000,30000,10000,0,0,0,0,0,0,0,0,-8000,0,0,0,0,0,0,0,0,0,-2400,0,0,0,-800,-400,0,0,0,0,580306201617008245,90000,0,0,0,0,0,0,0,0,110,110
580305976273044562,Order,2025/09/08,2025/09/15,VND,72392,115700,115700,130000,-14300,0,0,0,-43308,-5591,-12148,0,-40000,30000,10000,0,0,0,0,0,-20363,-20363,0,0,0,0,0,0,0,0,0,0,0,-3471,0,0,0,-1157,-578,0,0,0,0,580305976273044562,111816,0,0,0,13884,0,0,0,0,210,210
580305799484507901,Order,2025/09/08,2025/09/15,VND,72820,122200,122200,130000,-7800,0,0,0,-49380,-6610,-12831,0,-40000,30000,10000,0,0,0,0,0,-24440,-24440,0,0,0,0,0,0,0,0,0,0,0,-3666,0,0,0,-1222,-611,0,0,0,0,580305799484507901,132200,0,0,0,0,0,0,0,0,210,210
580292805488051489,Order,2025/09/07,2025/09/15,VND,54840,80000,80000,95000,-15000,0,0,0,-25160,-5160,-8400,0,-35200,12000,23200,0,0,0,0,0,0,0,0,-8000,0,0,0,0,0,0,0,0,0,-2400,0,0,0,-800,-400,0,0,0,0,580292805488051489,103200,0,0,0,0,0,0,0,0,110,110
580292662690612682,Order,2025/09/07,2025/09/15,VND,83840,122200,122200,130000,-7800,0,0,0,-38360,-7810,-12831,0,-40000,6000,34000,0,0,0,0,0,0,0,0,-12220,0,0,0,0,0,0,0,0,0,-3666,0,0,0,-1222,-611,0,0,0,0,580292662690612682,156200,0,0,0,0,0,0,0,0,210,210
580289154027587310,Order,2025/09/07,2025/09/15,VND,53081,89300,89300,95000,-5700,0,0,0,-36219,-4965,-9376,0,-40000,30000,10000,0,0,0,0,0,-17860,-17860,0,0,0,0,0,0,0,0,0,0,0,-2679,0,0,0,-893,-446,0,0,0,0,580289154027587310,99300,0,0,0,0,0,0,0,0,110,110
580280712055523022,Order,2025/09/06,2025/09/15,VND,178350,290000,290000,350000,-60000,0,0,0,-111650,-13630,-30450,0,-35100,35100,0,0,0,0,0,0,-54520,-54520,0,0,0,0,0,0,0,0,0,0,0,-8700,0,0,0,-2900,-1450,0,0,0,0,580280712055523022,272600,0,0,0,17400,0,0,0,0,510,510
580274921835234814,Order,2025/09/06,2025/09/15,VND,65100,95000,95000,95000,0,0,0,0,-29900,-6150,-9975,0,-40000,12000,28000,0,0,0,0,0,0,0,0,-9500,0,0,0,0,0,0,0,0,0,-2850,0,0,0,-950,-475,0,0,0,0,580274921835234814,123000,0,0,0,0,0,0,0,0,110,110
580274943605966728,Order,2025/09/06,2025/09/15,VND,90985,130000,130000,130000,0,0,0,0,-39015,-6515,-13650,0,-30300,30000,300,0,0,0,0,0,0,0,0,-13000,0,0,0,0,0,0,0,0,0,-3900,0,0,0,-1300,-650,0,0,0,0,580274943605966728,130300,0,0,0,0,0,0,0,0,210,210
580272450262697421,Order,2025/09/06,2025/09/15,VND,-40000,0,0,0,0,0,0,0,-40000,0,0,-40000,-40000,0,0,0,0,0,0,0,0,0,0,0,0,0,0,0,0,0,0,0,0,0,0,0,0,0,0,0,0,0,0,580272450262697421,0,0,0,0,0,0,0,0,0,200,200
580271775731910417,Order,2025/09/06,2025/09/15,VND,66500,95000,95000,95000,0,0,0,0,-28500,-4750,-9975,0,-30300,30300,0,0,0,0,0,0,0,0,0,-9500,0,0,0,0,0,0,0,0,0,-2850,0,0,0,-950,-475,0,0,0,0,580271775731910417,95000,0,0,0,0,0,0,0,0,110,110
580271625032599064,Order,2025/09/06,2025/09/15,VND,90500,130000,130000,130000,0,0,0,0,-39500,-7000,-13650,0,-40000,30000,10000,0,0,0,0,0,0,0,0,-13000,0,0,0,0,0,0,0,0,0,-3900,0,0,0,-1300,-650,0,0,0,0,580271625032599064,140000,0,0,0,0,0,0,0,0,210,210
580271175773292222,Order,2025/09/06,2025/09/15,VND,77740,130000,130000,130000,0,0,0,0,-52260,-6760,-13650,0,-35200,30000,5200,0,0,0,0,0,-26000,-26000,0,0,0,0,0,0,0,0,0,0,0,-3900,0,0,0,-1300,-650,0,0,0,0,580271175773292222,135200,0,0,0,0,0,0,0,0,210,210
580270826958718120,Order,2025/09/06,2025/09/15,VND,66500,95000,95000,95000,0,0,0,0,-28500,-4750,-9975,0,-40000,40000,0,0,0,0,0,0,0,0,0,-9500,0,0,0,0,0,0,0,0,0,-2850,0,0,0,-950,-475,0,0,0,0,580270826958718120,95000,0,0,0,0,0,0,0,0,110,110
580270807623632623,Order,2025/09/06,2025/09/15,VND,156000,260000,260000,260000,0,0,0,0,-104000,-13000,-27300,0,-30300,30300,0,0,0,0,0,0,-52000,-52000,0,0,0,0,0,0,0,0,0,0,0,-7800,0,0,0,-2600,-1300,0,0,0,0,580270807623632623,260000,0,0,0,0,0,0,0,0,430,430
580269112280254252,Order,2025/09/05,2025/09/15,VND,215948,350000,350000,350000,0,0,0,0,-134052,-16310,-36750,0,-47600,47600,0,0,0,0,0,0,-65242,-65242,0,0,0,0,0,0,0,0,0,0,0,-10500,0,0,0,-3500,-1750,0,0,0,0,580269112280254252,326210,0,0,0,23790,0,0,0,0,510,510
580269005597214075,Order,2025/09/05,2025/09/15,VND,66500,95000,95000,95000,0,0,0,0,-28500,-4750,-9975,0,-35200,35200,0,0,0,0,0,0,0,0,0,-9500,0,0,0,0,0,0,0,0,0,-2850,0,0,0,-950,-475,0,0,0,0,580269005597214075,95000,0,0,0,0,0,0,0,0,110,110
580268573946774928,Order,2025/09/05,2025/09/15,VND,179075,290000,290000,350000,-60000,0,0,0,-110925,-13485,-30450,0,-47600,47600,0,0,0,0,0,0,-53940,-53940,0,0,0,0,0,0,0,0,0,0,0,-8700,0,0,0,-2900,-1450,0,0,0,0,580268573946774928,269700,0,0,0,20300,0,0,0,0,510,510
580268088262690695,Order,2025/09/05,2025/09/15,VND,180525,290000,290000,350000,-60000,0,0,0,-109475,-13195,-30450,0,-47600,47600,0,0,0,0,0,0,-52780,-52780,0,0,0,0,0,0,0,0,0,0,0,-8700,0,0,0,-2900,-1450,0,0,0,0,580268088262690695,263900,0,0,0,26100,0,0,0,0,510,510
580268096076088678,Order,2025/09/05,2025/09/15,VND,68921,115700,115700,130000,-14300,0,0,0,-46779,-6285,-12148,0,-40000,30000,10000,0,0,0,0,0,-23140,-23140,0,0,0,0,0,0,0,0,0,0,0,-3471,0,0,0,-1157,-578,0,0,0,0,580268096076088678,125700,0,0,0,0,0,0,0,0,210,210
580267718040323324,Order,2025/09/05,2025/09/15,VND,48000,80000,80000,95000,-15000,0,0,0,-32000,-4000,-8400,0,-35200,35200,0,0,0,0,0,0,-16000,-16000,0,0,0,0,0,0,0,0,0,0,0,-2400,0,0,0,-800,-400,0,0,0,0,580267718040323324,80000,0,0,0,0,0,0,0,0,110,110
580267605549614403,Order,2025/09/05,2025/09/15,VND,181120,290000,290000,350000,-60000,0,0,0,-108880,-13380,-30450,0,-47600,40000,7600,0,0,0,0,0,-52000,-52000,0,0,0,0,0,0,0,0,0,0,0,-8700,0,0,0,-2900,-1450,0,0,0,0,580267605549614403,267600,0,0,0,30000,0,0,0,0,510,510
580267551159519061,Order,2025/09/05,2025/09/15,VND,65740,95000,95000,95000,0,0,0,0,-29260,-5510,-9975,0,-35200,20000,15200,0,0,0,0,0,0,0,0,-9500,0,0,0,0,0,0,0,0,0,-2850,0,0,0,-950,-475,0,0,0,0,580267551159519061,110200,0,0,0,0,0,0,0,0,110,110
580267165688169640,Order,2025/09/05,2025/09/15,VND,178350,290000,290000,350000,-60000,0,0,0,-111650,-13630,-30450,0,-35100,35100,0,0,0,0,0,0,-54520,-54520,0,0,0,0,0,0,0,0,0,0,0,-8700,0,0,0,-2900,-1450,0,0,0,0,580267165688169640,272600,0,0,0,17400,0,0,0,0,510,510
580266933299938838,Order,2025/09/05,2025/09/15,VND,48000,80000,80000,95000,-15000,0,0,0,-32000,-4000,-8400,0,-30300,30300,0,0,0,0,0,0,-16000,-16000,0,0,0,0,0,0,0,0,0,0,0,-2400,0,0,0,-800,-400,0,0,0,0,580266933299938838,80000,0,0,0,0,0,0,0,0,110,110
580266879036196089,Order,2025/09/05,2025/09/15,VND,47500,80000,80000,95000,-15000,0,0,0,-32500,-4500,-8400,0,-40000,30000,10000,0,0,0,0,0,-16000,-16000,0,0,0,0,0,0,0,0,0,0,0,-2400,0,0,0,-800,-400,0,0,0,0,580266879036196089,90000,0,0,0,0,0,0,0,0,110,110
580266840246486209,Order,2025/09/05,2025/09/15,VND,68921,115700,115700,130000,-14300,0,0,0,-46779,-6285,-12148,0,-40000,30000,10000,0,0,0,0,0,-23140,-23140,0,0,0,0,0,0,0,0,0,0,0,-3471,0,0,0,-1157,-578,0,0,0,0,580266840246486209,125700,0,0,0,0,0,0,0,0,210,210
580266856659388171,Order,2025/09/05,2025/09/15,VND,47500,80000,80000,95000,-15000,0,0,0,-32500,-4500,-8400,0,-40000,30000,10000,0,0,0,0,0,-16000,-16000,0,0,0,0,0,0,0,0,0,0,0,-2400,0,0,0,-800,-400,0,0,0,0,580266856659388171,90000,0,0,0,0,0,0,0,0,110,110
580266793197733763,Order,2025/09/05,2025/09/15,VND,69161,115700,115700,130000,-14300,0,0,0,-46539,-6045,-12148,0,-35200,30000,5200,0,0,0,0,0,-23140,-23140,0,0,0,0,0,0,0,0,0,0,0,-3471,0,0,0,-1157,-578,0,0,0,0,580266793197733763,120900,0,0,0,0,0,0,0,0,210,210
580266811273872479,Order,2025/09/05,2025/09/15,VND,71921,115700,115700,130000,-14300,0,0,0,-43779,-5285,-12148,0,-35700,35700,0,0,0,0,0,0,-21140,-21140,0,0,0,0,0,0,0,0,0,0,0,-3471,0,0,0,-1157,-578,0,0,0,0,580266811273872479,105700,0,0,0,10000,0,0,0,0,210,210
580266752425362900,Order,2025/09/05,2025/09/15,VND,180525,290000,290000,350000,-60000,0,0,0,-109475,-13195,-30450,0,-35100,35100,0,0,0,0,0,0,-52780,-52780,0,0,0,0,0,0,0,0,0,0,0,-8700,0,0,0,-2900,-1450,0,0,0,0,580266752425362900,263900,0,0,0,26100,0,0,0,0,510,510
580266577975609079,Order,2025/09/05,2025/09/15,VND,48000,80000,80000,95000,-15000,0,0,0,-32000,-4000,-8400,0,-40000,40000,0,0,0,0,0,0,-16000,-16000,0,0,0,0,0,0,0,0,0,0,0,-2400,0,0,0,-800,-400,0,0,0,0,580266577975609079,80000,0,0,0,0,0,0,0,0,110,110
580266551323363096,Order,2025/09/05,2025/09/15,VND,47985,80000,80000,95000,-15000,0,0,0,-32015,-4015,-8400,0,-30300,30000,300,0,0,0,0,0,-16000,-16000,0,0,0,0,0,0,0,0,0,0,0,-2400,0,0,0,-800,-400,0,0,0,0,580266551323363096,80300,0,0,0,0,0,0,0,0,110,110
580266535838057775,Order,2025/09/05,2025/09/15,VND,48000,80000,80000,95000,-15000,0,0,0,-32000,-4000,-8400,0,-40000,40000,0,0,0,0,0,0,-16000,-16000,0,0,0,0,0,0,0,0,0,0,0,-2400,0,0,0,-800,-400,0,0,0,0,580266535838057775,80000,0,0,0,0,0,0,0,0,110,110
580266465320600756,Order,2025/09/05,2025/09/15,VND,71192,115700,115700,130000,-14300,0,0,0,-44508,-6791,-12148,0,-40000,6000,34000,0,0,0,0,0,-20363,-20363,0,0,0,0,0,0,0,0,0,0,0,-3471,0,0,0,-1157,-578,0,0,0,0,580266465320600756,135816,0,0,0,13884,0,0,0,0,210,210
580266472518288669,Order,2025/09/05,2025/09/15,VND,47963,80000,80000,95000,-15000,0,0,0,-32037,-4037,-8400,0,-35200,30000,5200,0,0,0,0,0,-16000,-16000,0,0,0,0,0,0,0,0,0,0,0,-2400,0,0,0,-800,-400,0,0,0,0,580266472518288669,80731,0,0,0,4469,0,0,0,0,110,110
580266429429876550,Order,2025/09/05,2025/09/15,VND,174000,290000,290000,350000,-60000,0,0,0,-116000,-14500,-30450,0,-47600,47600,0,0,0,0,0,0,-58000,-58000,0,0,0,0,0,0,0,0,0,0,0,-8700,0,0,0,-2900,-1450,0,0,0,0,580266429429876550,290000,0,0,0,0,0,0,0,0,510,510
"5,80266E+17",Order,2025/09/05,2025/09/15,VND,69161,115700,115700,130000,-14300,0,0,0,-46539,-6045,-12148,0,-35200,30000,5200,0,0,0,0,0,-23140,-23140,0,0,0,0,0,0,0,0,0,0,0,-3471,0,0,0,-1157,-578,0,0,0,0,"5,80266E+17",120900,0,0,0,0,0,0,0,0,210,210
580265399851255673,Order,2025/09/05,2025/09/15,VND,66240,95000,95000,95000,0,0,0,0,-28760,-5010,-9975,0,-35200,30000,5200,0,0,0,0,0,0,0,0,-9500,0,0,0,0,0,0,0,0,0,-2850,0,0,0,-950,-475,0,0,0,0,580265399851255673,100200,0,0,0,0,0,0,0,0,110,110
580265352572995453,Order,2025/09/05,2025/09/15,VND,90985,130000,130000,130000,0,0,0,0,-39015,-6515,-13650,0,-30300,30000,300,0,0,0,0,0,0,0,0,-13000,0,0,0,0,0,0,0,0,0,-3900,0,0,0,-1300,-650,0,0,0,0,580265352572995453,130300,0,0,0,0,0,0,0,0,210,210
580265273954699217,Order,2025/09/05,2025/09/15,VND,66500,95000,95000,95000,0,0,0,0,-28500,-4750,-9975,0,-40000,40000,0,0,0,0,0,0,0,0,0,-9500,0,0,0,0,0,0,0,0,0,-2850,0,0,0,-950,-475,0,0,0,0,580265273954699217,95000,0,0,0,0,0,0,0,0,110,110
580265256812381588,Order,2025/09/05,2025/09/15,VND,56500,95000,95000,95000,0,0,0,0,-38500,-5250,-9975,0,-40000,30000,10000,0,0,0,0,0,-19000,-19000,0,0,0,0,0,0,0,0,0,0,0,-2850,0,0,0,-950,-475,0,0,0,0,580265256812381588,105000,0,0,0,0,0,0,0,0,110,110
580265149476930879,Order,2025/09/05,2025/09/15,VND,66485,95000,95000,95000,0,0,0,0,-28515,-4765,-9975,0,-30300,30000,300,0,0,0,0,0,0,0,0,-9500,0,0,0,0,0,0,0,0,0,-2850,0,0,0,-950,-475,0,0,0,0,580265149476930879,95300,0,0,0,0,0,0,0,0,110,110
580265103121024997,Order,2025/09/05,2025/09/15,VND,66000,95000,95000,95000,0,0,0,0,-29000,-5250,-9975,0,-40000,30000,10000,0,0,0,0,0,0,0,0,-9500,0,0,0,0,0,0,0,0,0,-2850,0,0,0,-950,-475,0,0,0,0,580265103121024997,105000,0,0,0,0,0,0,0,0,110,110
580264983571367306,Order,2025/09/05,2025/09/15,VND,64800,95000,95000,95000,0,0,0,0,-30200,-6450,-9975,0,-40000,6000,34000,0,0,0,0,0,0,0,0,-9500,0,0,0,0,0,0,0,0,0,-2850,0,0,0,-950,-475,0,0,0,0,580264983571367306,129000,0,0,0,0,0,0,0,0,110,110
580264916784874815,Order,2025/09/05,2025/09/15,VND,91000,130000,130000,130000,0,0,0,0,-39000,-6500,-13650,0,-35200,35200,0,0,0,0,0,0,0,0,0,-13000,0,0,0,0,0,0,0,0,0,-3900,0,0,0,-1300,-650,0,0,0,0,580264916784874815,130000,0,0,0,0,0,0,0,0,210,210
580264831039276932,Order,2025/09/05,2025/09/15,VND,92500,130000,130000,130000,0,0,0,0,-37500,-6000,-13650,0,-26200,26200,0,0,0,0,0,0,0,0,0,-12000,0,0,0,0,0,0,0,0,0,-3900,0,0,0,-1300,-650,0,0,0,0,580264831039276932,120000,0,0,0,10000,0,0,0,0,210,210
580263510053586213,Order,2025/09/05,2025/09/15,VND,210000,350000,350000,350000,0,0,0,0,-140000,-17500,-36750,0,-35100,35100,0,0,0,0,0,0,-70000,-70000,0,0,0,0,0,0,0,0,0,0,0,-10500,0,0,0,-3500,-1750,0,0,0,0,580263510053586213,350000,0,0,0,0,0,0,0,0,510,510
580262592600507606,Order,2025/09/05,2025/09/15,VND,57000,95000,95000,95000,0,0,0,0,-38000,-4750,-9975,0,-30300,30300,0,0,0,0,0,0,-19000,-19000,0,0,0,0,0,0,0,0,0,0,0,-2850,0,0,0,-950,-475,0,0,0,0,580262592600507606,95000,0,0,0,0,0,0,0,0,110,110
580261483611522324,Order,2025/09/05,2025/09/15,VND,57000,95000,95000,95000,0,0,0,0,-38000,-4750,-9975,0,-40000,40000,0,0,0,0,0,0,-19000,-19000,0,0,0,0,0,0,0,0,0,0,0,-2850,0,0,0,-950,-475,0,0,0,0,580261483611522324,95000,0,0,0,0,0,0,0,0,110,110
580255063269869385,Order,2025/09/04,2025/09/15,VND,181500,290000,290000,350000,-60000,0,0,0,-108500,-13000,-30450,0,-35100,35100,0,0,0,0,0,0,-52000,-52000,0,0,0,0,0,0,0,0,0,0,0,-8700,0,0,0,-2900,-1450,0,0,0,0,580255063269869385,260000,0,0,0,30000,0,0,0,0,510,510
580254630605653962,Order,2025/09/04,2025/09/15,VND,69421,115700,115700,130000,-14300,0,0,0,-46279,-5785,-12148,0,-26200,26200,0,0,0,0,0,0,-23140,-23140,0,0,0,0,0,0,0,0,0,0,0,-3471,0,0,0,-1157,-578,0,0,0,0,580254630605653962,115700,0,0,0,0,0,0,0,0,210,210
580253838788298094,Order,2025/09/04,2025/09/15,VND,179500,290000,290000,350000,-60000,0,0,0,-110500,-13400,-30450,0,-47600,47600,0,0,0,0,0,0,-53600,-53600,0,0,0,0,0,0,0,0,0,0,0,-8700,0,0,0,-2900,-1450,0,0,0,0,580253838788298094,268000,0,0,0,22000,0,0,0,0,510,510
580253725886284971,Order,2025/09/04,2025/09/15,VND,72632,115700,115700,130000,-14300,0,0,0,-43068,-5351,-12148,0,-35200,30000,5200,0,0,0,0,0,-20363,-20363,0,0,0,0,0,0,0,0,0,0,0,-3471,0,0,0,-1157,-578,0,0,0,0,580253725886284971,107016,0,0,0,13884,0,0,0,0,210,210
580253679819719905,Order,2025/09/04,2025/09/15,VND,240000,400000,400000,475000,-75000,0,0,0,-160000,-20000,-42000,0,-47600,47600,0,0,0,0,0,0,-80000,-80000,0,0,0,0,0,0,0,0,0,0,0,-12000,0,0,0,-4000,-2000,0,0,0,0,580253679819719905,400000,0,0,0,0,0,0,0,0,530,530
580253655757259808,Order,2025/09/04,2025/09/15,VND,103985,130000,130000,130000,0,0,0,0,-26015,-6515,-13650,0,-30300,30000,300,0,0,0,0,0,0,0,0,0,0,0,0,0,0,0,0,0,0,-3900,0,0,0,-1300,-650,0,0,0,0,580253655757259808,130300,0,0,0,0,0,0,0,0,210,210
580253123603760485,Order,2025/09/04,2025/09/15,VND,468000,780000,780000,780000,0,0,0,0,-312000,-39000,-81900,0,-39400,39400,0,0,0,0,0,0,-156000,-156000,0,0,0,0,0,0,0,0,0,0,0,-23400,0,0,0,-7800,-3900,0,0,0,0,580253123603760485,780000,0,0,0,0,0,0,0,0,1230,1230
580240111711979390,Order,2025/09/03,2025/09/15,VND,219625,350000,350000,350000,0,0,0,0,-130375,-15575,-36750,0,-35100,35100,0,0,0,0,0,0,-62300,-62300,0,0,0,0,0,0,0,0,0,0,0,-10500,0,0,0,-3500,-1750,0,0,0,0,580240111711979390,311500,0,0,0,38500,0,0,0,0,510,510
580230710195750696,Order,2025/09/02,2025/09/15,VND,47740,80000,80000,95000,-15000,0,0,0,-32260,-4260,-8400,0,-35200,30000,5200,0,0,0,0,0,-16000,-16000,0,0,0,0,0,0,0,0,0,0,0,-2400,0,0,0,-800,-400,0,0,0,0,580230710195750696,85200,0,0,0,0,0,0,0,0,110,110
580229845739406517,Order,2025/09/02,2025/09/15,VND,48000,80000,80000,95000,-15000,0,0,0,-32000,-4000,-8400,0,-40000,40000,0,0,0,0,0,0,-16000,-16000,0,0,0,0,0,0,0,0,0,0,0,-2400,0,0,0,-800,-400,0,0,0,0,580229845739406517,80000,0,0,0,0,0,0,0,0,110,110
580228620271519100,Order,2025/09/02,2025/09/15,VND,102000,170000,170000,190000,-20000,0,0,0,-68000,-8500,-17850,0,-30300,30300,0,0,0,0,0,0,-34000,-34000,0,0,0,0,0,0,0,0,0,0,0,-5100,0,0,0,-1700,-850,0,0,0,0,580228620271519100,170000,0,0,0,0,0,0,0,0,230,230
580207190357738692,Order,2025/09/01,2025/09/15,VND,217000,350000,350000,350000,0,0,0,0,-133000,-16100,-36750,0,-29700,29700,0,0,0,0,0,0,-64400,-64400,0,0,0,0,0,0,0,0,0,0,0,-10500,0,0,0,-3500,-1750,0,0,0,0,580207190357738692,322000,0,0,0,28000,0,0,0,0,510,510
580322240667027055,Order,2025/09/09,2025/09/14,VND,205625,329000,329000,350000,-21000,0,0,0,-123375,-14805,-34545,0,-35100,35100,0,0,0,0,0,0,-59220,-59220,0,0,0,0,0,0,0,0,0,0,0,-9870,0,0,0,-3290,-1645,0,0,0,0,580322240667027055,296100,0,0,0,32900,0,0,0,0,510,510
580322085221008889,Order,2025/09/09,2025/09/14,VND,53581,89300,89300,95000,-5700,0,0,0,-35719,-4465,-9376,0,-30300,30300,0,0,0,0,0,0,-17860,-17860,0,0,0,0,0,0,0,0,0,0,0,-2679,0,0,0,-893,-446,0,0,0,0,580322085221008889,89300,0,0,0,0,0,0,0,0,110,110
580321324358206670,Order,2025/09/09,2025/09/14,VND,55985,80000,80000,95000,-15000,0,0,0,-24015,-4015,-8400,0,-30300,30000,300,0,0,0,0,0,0,0,0,-8000,0,0,0,0,0,0,0,0,0,-2400,0,0,0,-800,-400,0,0,0,0,580321324358206670,80300,0,0,0,0,0,0,0,0,110,110
580316957880780622,Order,2025/09/09,2025/09/14,VND,-40000,0,0,0,0,0,0,0,-40000,0,0,-40000,-40000,0,0,0,0,0,0,0,0,0,0,0,0,0,0,0,0,0,0,0,0,0,0,0,0,0,0,0,0,0,0,580316957880780622,0,0,0,0,0,0,0,0,0,500,500
580316177209394947,Order,2025/09/09,2025/09/14,VND,85540,122200,122200,130000,-7800,0,0,0,-36660,-6110,-12831,0,-40000,40000,0,0,0,0,0,0,0,0,0,-12220,0,0,0,0,0,0,0,0,0,-3666,0,0,0,-1222,-611,0,0,0,0,580316177209394947,122200,0,0,0,0,0,0,0,0,210,210
580316089029265095,Order,2025/09/09,2025/09/14,VND,62511,89300,89300,95000,-5700,0,0,0,-26789,-4465,-9376,0,-40000,40000,0,0,0,0,0,0,0,0,0,-8930,0,0,0,0,0,0,0,0,0,-2679,0,0,0,-893,-446,0,0,0,0,580316089029265095,89300,0,0,0,0,0,0,0,0,110,110
580315343370291127,Order,2025/09/09,2025/09/14,VND,85280,122200,122200,130000,-7800,0,0,0,-36920,-6370,-12831,0,-35200,30000,5200,0,0,0,0,0,0,0,0,-12220,0,0,0,0,0,0,0,0,0,-3666,0,0,0,-1222,-611,0,0,0,0,580315343370291127,127400,0,0,0,0,0,0,0,0,210,210
580314591267882144,Order,2025/09/09,2025/09/14,VND,85525,122200,122200,130000,-7800,0,0,0,-36675,-6125,-12831,0,-30300,30000,300,0,0,0,0,0,0,0,0,-12220,0,0,0,0,0,0,0,0,0,-3666,0,0,0,-1222,-611,0,0,0,0,580314591267882144,122500,0,0,0,0,0,0,0,0,210,210
580314615334340390,Order,2025/09/09,2025/09/14,VND,85040,122200,122200,130000,-7800,0,0,0,-37160,-6610,-12831,0,-40000,30000,10000,0,0,0,0,0,0,0,0,-12220,0,0,0,0,0,0,0,0,0,-3666,0,0,0,-1222,-611,0,0,0,0,580314615334340390,132200,0,0,0,0,0,0,0,0,210,210
580314431707448508,Order,2025/09/09,2025/09/14,VND,62251,89300,89300,95000,-5700,0,0,0,-27049,-4725,-9376,0,-35200,30000,5200,0,0,0,0,0,0,0,0,-8930,0,0,0,0,0,0,0,0,0,-2679,0,0,0,-893,-446,0,0,0,0,580314431707448508,94500,0,0,0,0,0,0,0,0,110,110
580314212834247838,Order,2025/09/09,2025/09/14,VND,62251,89300,89300,95000,-5700,0,0,0,-27049,-4725,-9376,0,-35200,30000,5200,0,0,0,0,0,0,0,0,-8930,0,0,0,0,0,0,0,0,0,-2679,0,0,0,-893,-446,0,0,0,0,580314212834247838,94500,0,0,0,0,0,0,0,0,110,110
580313582851098239,Order,2025/09/09,2025/09/14,VND,73320,122200,122200,130000,-7800,0,0,0,-48880,-6110,-12831,0,-40000,40000,0,0,0,0,0,0,-24440,-24440,0,0,0,0,0,0,0,0,0,0,0,-3666,0,0,0,-1222,-611,0,0,0,0,580313582851098239,122200,0,0,0,0,0,0,0,0,210,210
580313368615093251,Order,2025/09/09,2025/09/14,VND,60811,89300,89300,95000,-5700,0,0,0,-28489,-6165,-9376,0,-40000,6000,34000,0,0,0,0,0,0,0,0,-8930,0,0,0,0,0,0,0,0,0,-2679,0,0,0,-893,-446,0,0,0,0,580313368615093251,123300,0,0,0,0,0,0,0,0,100,100
580313112288921506,Order,2025/09/09,2025/09/14,VND,53081,89300,89300,95000,-5700,0,0,0,-36219,-4965,-9376,0,-40000,30000,10000,0,0,0,0,0,-17860,-17860,0,0,0,0,0,0,0,0,0,0,0,-2679,0,0,0,-893,-446,0,0,0,0,580313112288921506,99300,0,0,0,0,0,0,0,0,110,110
580312191638603629,Order,2025/09/09,2025/09/14,VND,219960,366600,366600,390000,-23400,0,0,0,-146640,-18330,-38493,0,-47600,47600,0,0,0,0,0,0,-73320,-73320,0,0,0,0,0,0,0,0,0,0,0,-10998,0,0,0,-3666,-1833,0,0,0,0,580312191638603629,366600,0,0,0,0,0,0,0,0,630,630
580311144325416060,Order,2025/09/09,2025/09/14,VND,53581,89300,89300,95000,-5700,0,0,0,-35719,-4465,-9376,0,-40000,40000,0,0,0,0,0,0,-17860,-17860,0,0,0,0,0,0,0,0,0,0,0,-2679,0,0,0,-893,-446,0,0,0,0,580311144325416060,89300,0,0,0,0,0,0,0,0,110,110
580310883216361118,Order,2025/09/09,2025/09/14,VND,62011,89300,89300,95000,-5700,0,0,0,-27289,-4965,-9376,0,-40000,30000,10000,0,0,0,0,0,0,0,0,-8930,0,0,0,0,0,0,0,0,0,-2679,0,0,0,-893,-446,0,0,0,0,580310883216361118,99300,0,0,0,0,0,0,0,0,110,110
580310817614432001,Order,2025/09/09,2025/09/14,VND,73305,122200,122200,130000,-7800,0,0,0,-48895,-6125,-12831,0,-30300,30000,300,0,0,0,0,0,-24440,-24440,0,0,0,0,0,0,0,0,0,0,0,-3666,0,0,0,-1222,-611,0,0,0,0,580310817614432001,122500,0,0,0,0,0,0,0,0,210,210
580310158168982532,Order,2025/09/09,2025/09/14,VND,62011,89300,89300,95000,-5700,0,0,0,-27289,-4965,-9376,0,-40000,30000,10000,0,0,0,0,0,0,0,0,-8930,0,0,0,0,0,0,0,0,0,-2679,0,0,0,-893,-446,0,0,0,0,580310158168982532,99300,0,0,0,0,0,0,0,0,110,110
580309180439758599,Order,2025/09/08,2025/09/14,VND,85040,122200,122200,130000,-7800,0,0,0,-37160,-6610,-12831,0,-40000,30000,10000,0,0,0,0,0,0,0,0,-12220,0,0,0,0,0,0,0,0,0,-3666,0,0,0,-1222,-611,0,0,0,0,580309180439758599,132200,0,0,0,0,0,0,0,0,210,210
580309095740835573,Order,2025/09/08,2025/09/14,VND,62011,89300,89300,95000,-5700,0,0,0,-27289,-4965,-9376,0,-40000,30000,10000,0,0,0,0,0,0,0,0,-8930,0,0,0,0,0,0,0,0,0,-2679,0,0,0,-893,-446,0,0,0,0,580309095740835573,99300,0,0,0,0,0,0,0,0,110,110
580309039510816133,Order,2025/09/08,2025/09/14,VND,66500,95000,95000,95000,0,0,0,0,-28500,-4750,-9975,0,-26200,26200,0,0,0,0,0,0,0,0,0,-9500,0,0,0,0,0,0,0,0,0,-2850,0,0,0,-950,-475,0,0,0,0,580309039510816133,95000,0,0,0,0,0,0,0,0,110,110
580308910680868142,Order,2025/09/08,2025/09/14,VND,53566,89300,89300,95000,-5700,0,0,0,-35734,-4480,-9376,0,-30300,30000,300,0,0,0,0,0,-17860,-17860,0,0,0,0,0,0,0,0,0,0,0,-2679,0,0,0,-893,-446,0,0,0,0,580308910680868142,89600,0,0,0,0,0,0,0,0,110,110
580308655646278871,Order,2025/09/08,2025/09/14,VND,62496,89300,89300,95000,-5700,0,0,0,-26804,-4480,-9376,0,-30300,30000,300,0,0,0,0,0,0,0,0,-8930,0,0,0,0,0,0,0,0,0,-2679,0,0,0,-893,-446,0,0,0,0,580308655646278871,89600,0,0,0,0,0,0,0,0,110,110
580308299940988089,Order,2025/09/08,2025/09/14,VND,53581,89300,89300,95000,-5700,0,0,0,-35719,-4465,-9376,0,-35700,35700,0,0,0,0,0,0,-17860,-17860,0,0,0,0,0,0,0,0,0,0,0,-2679,0,0,0,-893,-446,0,0,0,0,580308299940988089,89300,0,0,0,0,0,0,0,0,110,110
580308212634650608,Order,2025/09/08,2025/09/14,VND,85280,122200,122200,130000,-7800,0,0,0,-36920,-6370,-12831,0,-35200,30000,5200,0,0,0,0,0,0,0,0,-12220,0,0,0,0,0,0,0,0,0,-3666,0,0,0,-1222,-611,0,0,0,0,580308212634650608,127400,0,0,0,0,0,0,0,0,210,210
580307486425515704,Order,2025/09/08,2025/09/14,VND,47500,80000,80000,95000,-15000,0,0,0,-32500,-4500,-8400,0,-40000,30000,10000,0,0,0,0,0,-16000,-16000,0,0,0,0,0,0,0,0,0,0,0,-2400,0,0,0,-800,-400,0,0,0,0,580307486425515704,90000,0,0,0,0,0,0,0,0,110,110
580307121664722448,Order,2025/09/08,2025/09/14,VND,72392,115700,115700,130000,-14300,0,0,0,-43308,-5591,-12148,0,-40000,30000,10000,0,0,0,0,0,-20363,-20363,0,0,0,0,0,0,0,0,0,0,0,-3471,0,0,0,-1157,-578,0,0,0,0,580307121664722448,111816,0,0,0,13884,0,0,0,0,210,210
580306985680865255,Order,2025/09/08,2025/09/14,VND,72392,115700,115700,130000,-14300,0,0,0,-43308,-5591,-12148,0,-40000,30000,10000,0,0,0,0,0,-20363,-20363,0,0,0,0,0,0,0,0,0,0,0,-3471,0,0,0,-1157,-578,0,0,0,0,580306985680865255,111816,0,0,0,13884,0,0,0,0,210,210
580306984229701111,Order,2025/09/08,2025/09/14,VND,72392,115700,115700,130000,-14300,0,0,0,-43308,-5591,-12148,0,-40000,30000,10000,0,0,0,0,0,-20363,-20363,0,0,0,0,0,0,0,0,0,0,0,-3471,0,0,0,-1157,-578,0,0,0,0,580306984229701111,111816,0,0,0,13884,0,0,0,0,210,210
580306809648022617,Order,2025/09/08,2025/09/14,VND,180525,290000,290000,350000,-60000,0,0,0,-109475,-13195,-30450,0,-35100,35100,0,0,0,0,0,0,-52780,-52780,0,0,0,0,0,0,0,0,0,0,0,-8700,0,0,0,-2900,-1450,0,0,0,0,580306809648022617,263900,0,0,0,26100,0,0,0,0,510,510
580306578157110725,Order,2025/09/08,2025/09/14,VND,69421,115700,115700,130000,-14300,0,0,0,-46279,-5785,-12148,0,-26200,26200,0,0,0,0,0,0,-23140,-23140,0,0,0,0,0,0,0,0,0,0,0,-3471,0,0,0,-1157,-578,0,0,0,0,580306578157110725,115700,0,0,0,0,0,0,0,0,210,210
580306548225312342,Order,2025/09/08,2025/09/14,VND,206480,290000,290000,350000,-60000,0,0,0,-83520,-13340,-30450,0,-47600,47600,0,0,0,0,0,0,0,0,0,-26680,0,0,0,0,0,0,0,0,0,-8700,0,0,0,-2900,-1450,0,0,0,0,580306548225312342,266800,0,0,0,23200,0,0,0,0,510,510
580306537859286514,Order,2025/09/08,2025/09/14,VND,180525,290000,290000,350000,-60000,0,0,0,-109475,-13195,-30450,0,-47600,47600,0,0,0,0,0,0,-52780,-52780,0,0,0,0,0,0,0,0,0,0,0,-8700,0,0,0,-2900,-1450,0,0,0,0,580306537859286514,263900,0,0,0,26100,0,0,0,0,510,510
580306358189262640,Order,2025/09/08,2025/09/14,VND,206915,290000,290000,350000,-60000,0,0,0,-83085,-13195,-30450,0,-41400,41400,0,0,0,0,0,0,0,0,0,-26390,0,0,0,0,0,0,0,0,0,-8700,0,0,0,-2900,-1450,0,0,0,0,580306358189262640,263900,0,0,0,26100,0,0,0,0,510,510
580306159264368165,Order,2025/09/08,2025/09/14,VND,55500,80000,80000,95000,-15000,0,0,0,-24500,-4500,-8400,0,-40000,30000,10000,0,0,0,0,0,0,0,0,-8000,0,0,0,0,0,0,0,0,0,-2400,0,0,0,-800,-400,0,0,0,0,580306159264368165,90000,0,0,0,0,0,0,0,0,110,110
580306091301177313,Order,2025/09/08,2025/09/14,VND,56000,80000,80000,95000,-15000,0,0,0,-24000,-4000,-8400,0,-40000,40000,0,0,0,0,0,0,0,0,0,-8000,0,0,0,0,0,0,0,0,0,-2400,0,0,0,-800,-400,0,0,0,0,580306091301177313,80000,0,0,0,0,0,0,0,0,110,110
580306118894847539,Order,2025/09/08,2025/09/14,VND,56000,80000,80000,95000,-15000,0,0,0,-24000,-4000,-8400,0,-30300,30300,0,0,0,0,0,0,0,0,0,-8000,0,0,0,0,0,0,0,0,0,-2400,0,0,0,-800,-400,0,0,0,0,580306118894847539,80000,0,0,0,0,0,0,0,0,110,110
580306065319036084,Order,2025/09/08,2025/09/14,VND,68921,115700,115700,130000,-14300,0,0,0,-46779,-6285,-12148,0,-40000,30000,10000,0,0,0,0,0,-23140,-23140,0,0,0,0,0,0,0,0,0,0,0,-3471,0,0,0,-1157,-578,0,0,0,0,580306065319036084,125700,0,0,0,0,0,0,0,0,210,210
580306064287827213,Order,2025/09/08,2025/09/14,VND,178350,290000,290000,350000,-60000,0,0,0,-111650,-13630,-30450,0,-35100,35100,0,0,0,0,0,0,-54520,-54520,0,0,0,0,0,0,0,0,0,0,0,-8700,0,0,0,-2900,-1450,0,0,0,0,580306064287827213,272600,0,0,0,17400,0,0,0,0,510,510
580305892888774323,Order,2025/09/08,2025/09/14,VND,72877,115700,115700,130000,-14300,0,0,0,-42823,-5106,-12148,0,-30300,30000,300,0,0,0,0,0,-20363,-20363,0,0,0,0,0,0,0,0,0,0,0,-3471,0,0,0,-1157,-578,0,0,0,0,580305892888774323,102116,0,0,0,13884,0,0,0,0,210,210
580305854254581269,Order,2025/09/08,2025/09/14,VND,354000,580000,580000,700000,-120000,0,0,0,-226000,-27800,-60900,0,-55400,55400,0,0,0,0,0,0,-111200,-111200,0,0,0,0,0,0,0,0,0,0,0,-17400,0,0,0,-5800,-2900,0,0,0,0,580305854254581269,556000,0,0,0,24000,0,0,0,0,1030,1030
580305801300707302,Order,2025/09/08,2025/09/14,VND,48000,80000,80000,95000,-15000,0,0,0,-32000,-4000,-8400,0,-40000,40000,0,0,0,0,0,0,-16000,-16000,0,0,0,0,0,0,0,0,0,0,0,-2400,0,0,0,-800,-400,0,0,0,0,580305801300707302,80000,0,0,0,0,0,0,0,0,110,110
580305711596472145,Order,2025/09/08,2025/09/14,VND,68921,115700,115700,130000,-14300,0,0,0,-46779,-6285,-12148,0,-40000,30000,10000,0,0,0,0,0,-23140,-23140,0,0,0,0,0,0,0,0,0,0,0,-3471,0,0,0,-1157,-578,0,0,0,0,580305711596472145,125700,0,0,0,0,0,0,0,0,210,210
580305284540957957,Order,2025/09/08,2025/09/14,VND,53566,89300,89300,95000,-5700,0,0,0,-35734,-4480,-9376,0,-30300,30000,300,0,0,0,0,0,-17860,-17860,0,0,0,0,0,0,0,0,0,0,0,-2679,0,0,0,-893,-446,0,0,0,0,580305284540957957,89600,0,0,0,0,0,0,0,0,110,110
580304559914518117,Order,2025/09/08,2025/09/14,VND,73305,122200,122200,130000,-7800,0,0,0,-48895,-6125,-12831,0,-30300,30000,300,0,0,0,0,0,-24440,-24440,0,0,0,0,0,0,0,0,0,0,0,-3666,0,0,0,-1222,-611,0,0,0,0,580304559914518117,122500,0,0,0,0,0,0,0,0,210,210
580304470645114845,Order,2025/09/08,2025/09/14,VND,72820,122200,122200,130000,-7800,0,0,0,-49380,-6610,-12831,0,-40000,30000,10000,0,0,0,0,0,-24440,-24440,0,0,0,0,0,0,0,0,0,0,0,-3666,0,0,0,-1222,-611,0,0,0,0,580304470645114845,132200,0,0,0,0,0,0,0,0,210,210
580303077639029930,Order,2025/09/08,2025/09/14,VND,229700,323000,323000,350000,-27000,0,0,0,-93300,-14950,-33915,0,-47600,47600,0,0,0,0,0,0,0,0,0,-29900,0,0,0,0,0,0,0,0,0,-9690,0,0,0,-3230,-1615,0,0,0,0,580303077639029930,299000,0,-6000,0,24000,0,24000,0,0,510,510
580299338634921708,Order,2025/09/08,2025/09/14,VND,75570,122200,122200,130000,-7800,0,0,0,-46630,-6060,-12831,0,-40000,30000,10000,0,0,0,0,0,-22240,-22240,0,0,0,0,0,0,0,0,0,0,0,-3666,0,0,0,-1222,-611,0,0,0,0,580299338634921708,121200,0,0,0,11000,0,0,0,0,210,210
580297279966053556,Order,2025/09/08,2025/09/14,VND,73320,122200,122200,130000,-7800,0,0,0,-48880,-6110,-12831,0,-40000,40000,0,0,0,0,0,0,-24440,-24440,0,0,0,0,0,0,0,0,0,0,0,-3666,0,0,0,-1222,-611,0,0,0,0,580297279966053556,122200,0,0,0,0,0,0,0,0,210,210
580294178640725523,Order,2025/09/07,2025/09/14,VND,68411,115700,115700,130000,-14300,0,0,0,-47289,-6795,-12148,0,-26200,6000,20200,0,0,0,0,0,-23140,-23140,0,0,0,0,0,0,0,0,0,0,0,-3471,0,0,0,-1157,-578,0,0,0,0,580294178640725523,135900,0,0,0,0,0,0,0,0,210,210
580293862480905483,Order,2025/09/07,2025/09/14,VND,47490,80000,80000,95000,-15000,0,0,0,-32510,-4510,-8400,0,-35200,25000,10200,0,0,0,0,0,-16000,-16000,0,0,0,0,0,0,0,0,0,0,0,-2400,0,0,0,-800,-400,0,0,0,0,580293862480905483,90200,0,0,0,0,0,0,0,0,110,110
580293340013888524,Order,2025/09/07,2025/09/14,VND,47985,80000,80000,95000,-15000,0,0,0,-32015,-4015,-8400,0,-30300,30000,300,0,0,0,0,0,-16000,-16000,0,0,0,0,0,0,0,0,0,0,0,-2400,0,0,0,-800,-400,0,0,0,0,580293340013888524,80300,0,0,0,0,0,0,0,0,110,110
580293227175970590,Order,2025/09/07,2025/09/14,VND,48000,80000,80000,95000,-15000,0,0,0,-32000,-4000,-8400,0,-40000,40000,0,0,0,0,0,0,-16000,-16000,0,0,0,0,0,0,0,0,0,0,0,-2400,0,0,0,-800,-400,0,0,0,0,580293227175970590,80000,0,0,0,0,0,0,0,0,110,110
580292802726626671,Order,2025/09/07,2025/09/14,VND,85240,122200,122200,130000,-7800,0,0,0,-36960,-7143,-12831,0,-40000,12000,28000,0,0,0,0,0,0,0,0,-11487,0,0,0,0,0,0,0,0,0,-3666,0,0,0,-1222,-611,0,0,0,0,580292802726626671,142868,0,0,0,7332,0,0,0,0,210,210
580292714908320972,Order,2025/09/07,2025/09/14,VND,73320,122200,122200,130000,-7800,0,0,0,-48880,-6110,-12831,0,-35200,35200,0,0,0,0,0,0,-24440,-24440,0,0,0,0,0,0,0,0,0,0,0,-3666,0,0,0,-1222,-611,0,0,0,0,580292714908320972,122200,0,0,0,0,0,0,0,0,210,210
580287999921128506,Order,2025/09/07,2025/09/14,VND,62011,89300,89300,95000,-5700,0,0,0,-27289,-4965,-9376,0,-40000,30000,10000,0,0,0,0,0,0,0,0,-8930,0,0,0,0,0,0,0,0,0,-2679,0,0,0,-893,-446,0,0,0,0,580287999921128506,99300,0,0,0,0,0,0,0,0,110,110
580285368206525591,Order,2025/09/07,2025/09/14,VND,199800,323000,323000,350000,-27000,0,0,0,-123200,-14950,-33915,0,-35100,35100,0,0,0,0,0,0,-59800,-59800,0,0,0,0,0,0,0,0,0,0,0,-9690,0,0,0,-3230,-1615,0,0,0,0,580285368206525591,299000,0,-6000,0,24000,0,24000,0,0,510,510
580283132955952540,Order,2025/09/07,2025/09/14,VND,85040,122200,122200,130000,-7800,0,0,0,-37160,-6610,-12831,0,-40000,30000,10000,0,0,0,0,0,0,0,0,-12220,0,0,0,0,0,0,0,0,0,-3666,0,0,0,-1222,-611,0,0,0,0,580283132955952540,132200,0,0,0,0,0,0,0,0,210,210
580282310902711801,Order,2025/09/06,2025/09/14,VND,90985,130000,130000,130000,0,0,0,0,-39015,-6515,-13650,0,-30300,30000,300,0,0,0,0,0,0,0,0,-13000,0,0,0,0,0,0,0,0,0,-3900,0,0,0,-1300,-650,0,0,0,0,580282310902711801,130300,0,0,0,0,0,0,0,0,210,210
580280921335956977,Order,2025/09/06,2025/09/14,VND,206045,290000,290000,350000,-60000,0,0,0,-83955,-13485,-30450,0,-29700,29700,0,0,0,0,0,0,0,0,0,-26970,0,0,0,0,0,0,0,0,0,-8700,0,0,0,-2900,-1450,0,0,0,0,580280921335956977,269700,0,0,0,20300,0,0,0,0,510,510
580280159915837374,Order,2025/09/06,2025/09/14,VND,72382,115700,115700,130000,-14300,0,0,0,-43318,-5601,-12148,0,-35200,25000,10200,0,0,0,0,0,-20363,-20363,0,0,0,0,0,0,0,0,0,0,0,-3471,0,0,0,-1157,-578,0,0,0,0,580280159915837374,112016,0,0,0,13884,0,0,0,0,210,210
580279894219786108,Order,2025/09/06,2025/09/14,VND,68921,115700,115700,130000,-14300,0,0,0,-46779,-6285,-12148,0,-40000,30000,10000,0,0,0,0,0,-23140,-23140,0,0,0,0,0,0,0,0,0,0,0,-3471,0,0,0,-1157,-578,0,0,0,0,580279894219786108,125700,0,0,0,0,0,0,0,0,210,210
580279511966581845,Order,2025/09/06,2025/09/14,VND,164231,231400,231400,260000,-28600,0,0,0,-67169,-10820,-24297,0,-40000,40000,0,0,0,0,0,0,0,0,0,-21640,0,0,0,0,0,0,0,0,0,-6942,0,0,0,-2314,-1156,0,0,0,0,580279511966581845,216400,0,0,0,15000,0,0,0,0,430,430
580276303234303894,Order,2025/09/06,2025/09/14,VND,182000,260000,260000,260000,0,0,0,0,-78000,-13000,-27300,0,-40000,40000,0,0,0,0,0,0,0,0,0,-26000,0,0,0,0,0,0,0,0,0,-7800,0,0,0,-2600,-1300,0,0,0,0,580276303234303894,260000,0,0,0,0,0,0,0,0,430,430
580266708887242227,Order,2025/09/05,2025/09/14,VND,47085,80000,80000,95000,-15000,0,0,0,-32915,-4915,-8400,0,-30300,12000,18300,0,0,0,0,0,-16000,-16000,0,0,0,0,0,0,0,0,0,0,0,-2400,0,0,0,-800,-400,0,0,0,0,580266708887242227,98300,0,0,0,0,0,0,0,0,110,110
580266399561778593,Order,2025/09/05,2025/09/14,VND,68506,115700,115700,130000,-14300,0,0,0,-47194,-6700,-12148,0,-30300,12000,18300,0,0,0,0,0,-23140,-23140,0,0,0,0,0,0,0,0,0,0,0,-3471,0,0,0,-1157,-578,0,0,0,0,580266399561778593,134000,0,0,0,0,0,0,0,0,210,210
580259904870909464,Order,2025/09/05,2025/09/14,VND,112300,190000,190000,190000,0,0,0,0,-77700,-11200,-19950,0,-40000,6000,34000,0,0,0,0,0,-38000,-38000,0,0,0,0,0,0,0,0,0,0,0,-5700,0,0,0,-1900,-950,0,0,0,0,580259904870909464,224000,0,0,0,0,0,0,0,0,230,230
580254799599011673,Order,2025/09/04,2025/09/14,VND,72392,115700,115700,130000,-14300,0,0,0,-43308,-5591,-12148,0,-40000,30000,10000,0,0,0,0,0,-20363,-20363,0,0,0,0,0,0,0,0,0,0,0,-3471,0,0,0,-1157,-578,0,0,0,0,580254799599011673,111816,0,0,0,13884,0,0,0,0,210,210
580254697929606175,Order,2025/09/04,2025/09/14,VND,181250,290000,290000,350000,-60000,0,0,0,-108750,-13050,-30450,0,-35100,35100,0,0,0,0,0,0,-52200,-52200,0,0,0,0,0,0,0,0,0,0,0,-8700,0,0,0,-2900,-1450,0,0,0,0,580254697929606175,261000,0,0,0,29000,0,0,0,0,510,510
580254433478018920,Order,2025/09/04,2025/09/14,VND,69161,115700,115700,130000,-14300,0,0,0,-46539,-6045,-12148,0,-35200,30000,5200,0,0,0,0,0,-23140,-23140,0,0,0,0,0,0,0,0,0,0,0,-3471,0,0,0,-1157,-578,0,0,0,0,580254433478018920,120900,0,0,0,0,0,0,0,0,210,210
580254256428255190,Order,2025/09/04,2025/09/14,VND,179075,290000,290000,350000,-60000,0,0,0,-110925,-13485,-30450,0,-41400,41400,0,0,0,0,0,0,-53940,-53940,0,0,0,0,0,0,0,0,0,0,0,-8700,0,0,0,-2900,-1450,0,0,0,0,580254256428255190,269700,0,0,0,20300,0,0,0,0,510,510
580253984979715901,Order,2025/09/04,2025/09/14,VND,179500,290000,290000,350000,-60000,0,0,0,-110500,-13400,-30450,0,-41400,41400,0,0,0,0,0,0,-53600,-53600,0,0,0,0,0,0,0,0,0,0,0,-8700,0,0,0,-2900,-1450,0,0,0,0,580253984979715901,268000,0,0,0,22000,0,0,0,0,510,510
580250714938378130,Order,2025/09/04,2025/09/14,VND,56740,95000,95000,95000,0,0,0,0,-38260,-5010,-9975,0,-35200,30000,5200,0,0,0,0,0,-19000,-19000,0,0,0,0,0,0,0,0,0,0,0,-2850,0,0,0,-950,-475,0,0,0,0,580250714938378130,100200,0,0,0,0,0,0,0,0,110,110
580249341704308119,Order,2025/09/04,2025/09/14,VND,156000,260000,260000,260000,0,0,0,0,-104000,-13000,-27300,0,-40000,40000,0,0,0,0,0,0,-52000,-52000,0,0,0,0,0,0,0,0,0,0,0,-7800,0,0,0,-2600,-1300,0,0,0,0,580249341704308119,260000,0,0,0,0,0,0,0,0,430,430
580248306804950843,Order,2025/09/04,2025/09/14,VND,57000,95000,95000,95000,0,0,0,0,-38000,-4750,-9975,0,-40000,40000,0,0,0,0,0,0,-19000,-19000,0,0,0,0,0,0,0,0,0,0,0,-2850,0,0,0,-950,-475,0,0,0,0,580248306804950843,95000,0,0,0,0,0,0,0,0,110,110
580244219926578932,Order,2025/09/03,2025/09/14,VND,78000,130000,130000,130000,0,0,0,0,-52000,-6500,-13650,0,-26200,26200,0,0,0,0,0,0,-26000,-26000,0,0,0,0,0,0,0,0,0,0,0,-3900,0,0,0,-1300,-650,0,0,0,0,580244219926578932,130000,0,0,0,0,0,0,0,0,210,210
580241768063796305,Order,2025/09/03,2025/09/14,VND,179500,290000,290000,350000,-60000,0,0,0,-110500,-13400,-30450,0,-35100,35100,0,0,0,0,0,0,-53600,-53600,0,0,0,0,0,0,0,0,0,0,0,-8700,0,0,0,-2900,-1450,0,0,0,0,580241768063796305,268000,0,0,0,22000,0,0,0,0,510,510
580241315382920801,Order,2025/09/03,2025/09/14,VND,72877,115700,115700,130000,-14300,0,0,0,-42823,-5106,-12148,0,-30300,30000,300,0,0,0,0,0,-20363,-20363,0,0,0,0,0,0,0,0,0,0,0,-3471,0,0,0,-1157,-578,0,0,0,0,580241315382920801,102116,0,0,0,13884,0,0,0,0,210,210
580238264053957761,Order,2025/09/03,2025/09/14,VND,-40000,0,0,0,0,0,0,0,-40000,0,0,-40000,-40000,0,0,0,0,0,0,0,0,0,0,0,0,0,0,0,0,0,0,0,0,0,0,0,0,0,0,0,0,0,0,580238264053957761,0,0,0,0,0,0,0,0,0,500,500
580238096326165654,Order,2025/09/03,2025/09/14,VND,218750,350000,350000,350000,0,0,0,0,-131250,-15750,-36750,0,-35100,35100,0,0,0,0,0,0,-63000,-63000,0,0,0,0,0,0,0,0,0,0,0,-10500,0,0,0,-3500,-1750,0,0,0,0,580238096326165654,315000,0,0,0,35000,0,0,0,0,510,510
580228847525725973,Order,2025/09/02,2025/09/14,VND,17385,29000,29000,95000,-66000,0,0,0,-11615,-1465,-3045,0,-30300,30000,300,0,0,0,0,0,-5800,-5800,0,0,0,0,0,0,0,0,0,0,0,-870,0,0,0,-290,-145,0,0,0,0,580228847525725973,29300,0,0,0,0,0,0,0,0,110,110
580216675315320362,Order,2025/09/01,2025/09/14,VND,174000,290000,290000,350000,-60000,0,0,0,-116000,-14500,-30450,0,-35100,35100,0,0,0,0,0,0,-58000,-58000,0,0,0,0,0,0,0,0,0,0,0,-8700,0,0,0,-2900,-1450,0,0,0,0,580216675315320362,290000,0,0,0,0,0,0,0,0,510,510
580216680450590250,Order,2025/09/01,2025/09/14,VND,174000,290000,290000,350000,-60000,0,0,0,-116000,-14500,-30450,0,-35100,35100,0,0,0,0,0,0,-58000,-58000,0,0,0,0,0,0,0,0,0,0,0,-8700,0,0,0,-2900,-1450,0,0,0,0,580216680450590250,290000,0,0,0,0,0,0,0,0,510,510
580216269269927212,Order,2025/09/01,2025/09/14,VND,217875,350000,350000,350000,0,0,0,0,-132125,-15925,-36750,0,-47600,47600,0,0,0,0,0,0,-63700,-63700,0,0,0,0,0,0,0,0,0,0,0,-10500,0,0,0,-3500,-1750,0,0,0,0,580216269269927212,318500,0,0,0,31500,0,0,0,0,510,510
580215159239574661,Order,2025/09/01,2025/09/14,VND,174000,290000,290000,350000,-60000,0,0,0,-116000,-14500,-30450,0,-35100,35100,0,0,0,0,0,0,-58000,-58000,0,0,0,0,0,0,0,0,0,0,0,-8700,0,0,0,-2900,-1450,0,0,0,0,580215159239574661,290000,0,0,0,0,0,0,0,0,510,510
580215157437531269,Order,2025/09/01,2025/09/14,VND,174000,290000,290000,350000,-60000,0,0,0,-116000,-14500,-30450,0,-35100,35100,0,0,0,0,0,0,-58000,-58000,0,0,0,0,0,0,0,0,0,0,0,-8700,0,0,0,-2900,-1450,0,0,0,0,580215157437531269,290000,0,0,0,0,0,0,0,0,510,510
580215190102049925,Order,2025/09/01,2025/09/14,VND,174000,290000,290000,350000,-60000,0,0,0,-116000,-14500,-30450,0,-35100,35100,0,0,0,0,0,0,-58000,-58000,0,0,0,0,0,0,0,0,0,0,0,-8700,0,0,0,-2900,-1450,0,0,0,0,580215190102049925,290000,0,0,0,0,0,0,0,0,510,510
580215155881837701,Order,2025/09/01,2025/09/14,VND,177750,290000,290000,350000,-60000,0,0,0,-112250,-13750,-30450,0,-35100,35100,0,0,0,0,0,0,-55000,-55000,0,0,0,0,0,0,0,0,0,0,0,-8700,0,0,0,-2900,-1450,0,0,0,0,580215155881837701,275000,0,0,0,15000,0,0,0,0,510,510
580215188338541701,Order,2025/09/01,2025/09/14,VND,179500,290000,290000,350000,-60000,0,0,0,-110500,-13400,-30450,0,-35100,35100,0,0,0,0,0,0,-53600,-53600,0,0,0,0,0,0,0,0,0,0,0,-8700,0,0,0,-2900,-1450,0,0,0,0,580215188338541701,268000,0,0,0,22000,0,0,0,0,510,510
580203904551388806,Order,2025/08/31,2025/09/14,VND,327000,520000,520000,520000,0,0,0,0,-193000,-23000,-54600,0,-35100,35100,0,0,0,0,0,0,-92000,-92000,0,0,0,0,0,0,0,0,0,0,0,-15600,0,0,0,-5200,-2600,0,0,0,0,580203904551388806,460000,0,0,0,60000,0,0,0,0,830,830
580312493462488486,Order,2025/09/09,2025/09/13,VND,62496,89300,89300,95000,-5700,0,0,0,-26804,-4480,-9376,0,-30300,30000,300,0,0,0,0,0,0,0,0,-8930,0,0,0,0,0,0,0,0,0,-2679,0,0,0,-893,-446,0,0,0,0,580312493462488486,89600,0,0,0,0,0,0,0,0,110,110
580310015717377085,Order,2025/09/09,2025/09/13,VND,85525,122200,122200,130000,-7800,0,0,0,-36675,-6125,-12831,0,-30300,30000,300,0,0,0,0,0,0,0,0,-12220,0,0,0,0,0,0,0,0,0,-3666,0,0,0,-1222,-611,0,0,0,0,580310015717377085,122500,0,0,0,0,0,0,0,0,210,210
580307181217416300,Order,2025/09/08,2025/09/13,VND,62511,89300,89300,95000,-5700,0,0,0,-26789,-4465,-9376,0,-26200,26200,0,0,0,0,0,0,0,0,0,-8930,0,0,0,0,0,0,0,0,0,-2679,0,0,0,-893,-446,0,0,0,0,580307181217416300,89300,0,0,0,0,0,0,0,0,110,110
580302110719379407,Order,2025/09/08,2025/09/13,VND,573755,893000,893000,950000,-57000,0,0,0,-319245,-37060,-93765,0,-39400,39400,0,0,0,0,0,0,-148240,-148240,0,0,0,0,0,0,0,0,0,0,0,-26790,0,0,0,-8930,-4460,0,0,0,0,580302110719379407,741190,0,0,0,151810,0,0,0,0,1030,1030
580301710465730346,Order,2025/09/08,2025/09/13,VND,62251,89300,89300,95000,-5700,0,0,0,-27049,-4725,-9376,0,-35200,30000,5200,0,0,0,0,0,0,0,0,-8930,0,0,0,0,0,0,0,0,0,-2679,0,0,0,-893,-446,0,0,0,0,580301710465730346,94500,0,0,0,0,0,0,0,0,110,110
580299708026554327,Order,2025/09/08,2025/09/13,VND,146640,244400,244400,260000,-15600,0,0,0,-97760,-12220,-25662,0,-40000,40000,0,0,0,0,0,0,-48880,-48880,0,0,0,0,0,0,0,0,0,0,0,-7332,0,0,0,-2444,-1222,0,0,0,0,580299708026554327,244400,0,0,0,0,0,0,0,0,430,430
580296391214401408,Order,2025/09/08,2025/09/13,VND,62511,89300,89300,95000,-5700,0,0,0,-26789,-4465,-9376,0,-35200,35200,0,0,0,0,0,0,0,0,0,-8930,0,0,0,0,0,0,0,0,0,-2679,0,0,0,-893,-446,0,0,0,0,580296391214401408,89300,0,0,0,0,0,0,0,0,110,110
580296269307872432,Order,2025/09/08,2025/09/13,VND,72820,122200,122200,130000,-7800,0,0,0,-49380,-6610,-12831,0,-40000,30000,10000,0,0,0,0,0,-24440,-24440,0,0,0,0,0,0,0,0,0,0,0,-3666,0,0,0,-1222,-611,0,0,0,0,580296269307872432,132200,0,0,0,0,0,0,0,0,210,210
580294375499925187,Order,2025/09/07,2025/09/13,VND,85540,122200,122200,130000,-7800,0,0,0,-36660,-6110,-12831,0,-35200,35200,0,0,0,0,0,0,0,0,0,-12220,0,0,0,0,0,0,0,0,0,-3666,0,0,0,-1222,-611,0,0,0,0,580294375499925187,122200,0,0,0,0,0,0,0,0,210,210
580293935139751902,Order,2025/09/07,2025/09/13,VND,47740,80000,80000,95000,-15000,0,0,0,-32260,-4260,-8400,0,-35200,30000,5200,0,0,0,0,0,-16000,-16000,0,0,0,0,0,0,0,0,0,0,0,-2400,0,0,0,-800,-400,0,0,0,0,580293935139751902,85200,0,0,0,0,0,0,0,0,110,110
580293931045783008,Order,2025/09/07,2025/09/13,VND,51881,89300,89300,95000,-5700,0,0,0,-37419,-6165,-9376,0,-40000,6000,34000,0,0,0,0,0,-17860,-17860,0,0,0,0,0,0,0,0,0,0,0,-2679,0,0,0,-893,-446,0,0,0,0,580293931045783008,123300,0,0,0,0,0,0,0,0,110,110
580293569391592955,Order,2025/09/07,2025/09/13,VND,69421,115700,115700,130000,-14300,0,0,0,-46279,-5785,-12148,0,-40000,40000,0,0,0,0,0,0,-23140,-23140,0,0,0,0,0,0,0,0,0,0,0,-3471,0,0,0,-1157,-578,0,0,0,0,580293569391592955,115700,0,0,0,0,0,0,0,0,210,210
580293418548888804,Order,2025/09/07,2025/09/13,VND,68906,115700,115700,130000,-14300,0,0,0,-46794,-6300,-12148,0,-30300,20000,10300,0,0,0,0,0,-23140,-23140,0,0,0,0,0,0,0,0,0,0,0,-3471,0,0,0,-1157,-578,0,0,0,0,580293418548888804,126000,0,0,0,0,0,0,0,0,210,210
580293373149873676,Order,2025/09/07,2025/09/13,VND,179800,290000,290000,350000,-60000,0,0,0,-110200,-13340,-30450,0,-47600,47600,0,0,0,0,0,0,-53360,-53360,0,0,0,0,0,0,0,0,0,0,0,-8700,0,0,0,-2900,-1450,0,0,0,0,580293373149873676,266800,0,0,0,23200,0,0,0,0,510,510
580293413419845432,Order,2025/09/07,2025/09/13,VND,54540,80000,80000,95000,-15000,0,0,0,-25460,-5460,-8400,0,-35200,6000,29200,0,0,0,0,0,0,0,0,-8000,0,0,0,0,0,0,0,0,0,-2400,0,0,0,-800,-400,0,0,0,0,580293413419845432,109200,0,0,0,0,0,0,0,0,110,110
580293259866309663,Order,2025/09/07,2025/09/13,VND,62496,89300,89300,95000,-5700,0,0,0,-26804,-4480,-9376,0,-30300,30000,300,0,0,0,0,0,0,0,0,-8930,0,0,0,0,0,0,0,0,0,-2679,0,0,0,-893,-446,0,0,0,0,580293259866309663,89600,0,0,0,0,0,0,0,0,110,110
580293091595880332,Order,2025/09/07,2025/09/13,VND,47985,80000,80000,95000,-15000,0,0,0,-32015,-4015,-8400,0,-30300,30000,300,0,0,0,0,0,-16000,-16000,0,0,0,0,0,0,0,0,0,0,0,-2400,0,0,0,-800,-400,0,0,0,0,580293091595880332,80300,0,0,0,0,0,0,0,0,110,110
580292938278798832,Order,2025/09/07,2025/09/13,VND,73320,122200,122200,130000,-7800,0,0,0,-48880,-6110,-12831,0,-40000,40000,0,0,0,0,0,0,-24440,-24440,0,0,0,0,0,0,0,0,0,0,0,-3666,0,0,0,-1222,-611,0,0,0,0,580292938278798832,122200,0,0,0,0,0,0,0,0,210,210
580292975179171363,Order,2025/09/07,2025/09/13,VND,85040,122200,122200,130000,-7800,0,0,0,-37160,-6610,-12831,0,-40000,30000,10000,0,0,0,0,0,0,0,0,-12220,0,0,0,0,0,0,0,0,0,-3666,0,0,0,-1222,-611,0,0,0,0,580292975179171363,132200,0,0,0,0,0,0,0,0,210,210
580292860727297896,Order,2025/09/07,2025/09/13,VND,53581,89300,89300,95000,-5700,0,0,0,-35719,-4465,-9376,0,-40000,40000,0,0,0,0,0,0,-17860,-17860,0,0,0,0,0,0,0,0,0,0,0,-2679,0,0,0,-893,-446,0,0,0,0,580292860727297896,89300,0,0,0,0,0,0,0,0,110,110
580292785385932057,Order,2025/09/07,2025/09/13,VND,53081,89300,89300,95000,-5700,0,0,0,-36219,-4965,-9376,0,-40000,30000,10000,0,0,0,0,0,-17860,-17860,0,0,0,0,0,0,0,0,0,0,0,-2679,0,0,0,-893,-446,0,0,0,0,580292785385932057,99300,0,0,0,0,0,0,0,0,110,110
580292795735442979,Order,2025/09/07,2025/09/13,VND,73305,122200,122200,130000,-7800,0,0,0,-48895,-6125,-12831,0,-30300,30000,300,0,0,0,0,0,-24440,-24440,0,0,0,0,0,0,0,0,0,0,0,-3666,0,0,0,-1222,-611,0,0,0,0,580292795735442979,122500,0,0,0,0,0,0,0,0,210,210
580292779601724720,Order,2025/09/07,2025/09/13,VND,85040,122200,122200,130000,-7800,0,0,0,-37160,-6610,-12831,0,-40000,30000,10000,0,0,0,0,0,0,0,0,-12220,0,0,0,0,0,0,0,0,0,-3666,0,0,0,-1222,-611,0,0,0,0,580292779601724720,132200,0,0,0,0,0,0,0,0,210,210
580292743296746817,Order,2025/09/07,2025/09/13,VND,85040,122200,122200,130000,-7800,0,0,0,-37160,-6610,-12831,0,-40000,30000,10000,0,0,0,0,0,0,0,0,-12220,0,0,0,0,0,0,0,0,0,-3666,0,0,0,-1222,-611,0,0,0,0,580292743296746817,132200,0,0,0,0,0,0,0,0,210,210
580292728785176218,Order,2025/09/07,2025/09/13,VND,55740,80000,80000,95000,-15000,0,0,0,-24260,-4260,-8400,0,-35200,30000,5200,0,0,0,0,0,0,0,0,-8000,0,0,0,0,0,0,0,0,0,-2400,0,0,0,-800,-400,0,0,0,0,580292728785176218,85200,0,0,0,0,0,0,0,0,110,110
580292595517850864,Order,2025/09/07,2025/09/13,VND,68021,115700,115700,130000,-14300,0,0,0,-47679,-7185,-12148,0,-40000,12000,28000,0,0,0,0,0,-23140,-23140,0,0,0,0,0,0,0,0,0,0,0,-3471,0,0,0,-1157,-578,0,0,0,0,580292595517850864,143700,0,0,0,0,0,0,0,0,210,210
580292556458526285,Order,2025/09/07,2025/09/13,VND,196520,329000,329000,350000,-21000,0,0,0,-132480,-17330,-34545,0,-47600,30000,17600,0,0,0,0,0,-65800,-65800,0,0,0,0,0,0,0,0,0,0,0,-9870,0,0,0,-3290,-1645,0,0,0,0,580292556458526285,346600,0,0,0,0,0,0,0,0,510,510
580292507066861116,Order,2025/09/07,2025/09/13,VND,206600,290000,290000,350000,-60000,0,0,0,-83400,-13300,-30450,0,-41400,41400,0,0,0,0,0,0,0,0,0,-26600,0,0,0,0,0,0,0,0,0,-8700,0,0,0,-2900,-1450,0,0,0,0,580292507066861116,266000,0,0,0,24000,0,0,0,0,510,510
580292159674877649,Order,2025/09/07,2025/09/13,VND,53081,89300,89300,95000,-5700,0,0,0,-36219,-4965,-9376,0,-40000,30000,10000,0,0,0,0,0,-17860,-17860,0,0,0,0,0,0,0,0,0,0,0,-2679,0,0,0,-893,-446,0,0,0,0,580292159674877649,99300,0,0,0,0,0,0,0,0,110,110
580292044899714522,Order,2025/09/07,2025/09/13,VND,62011,89300,89300,95000,-5700,0,0,0,-27289,-4965,-9376,0,-40000,30000,10000,0,0,0,0,0,0,0,0,-8930,0,0,0,0,0,0,0,0,0,-2679,0,0,0,-893,-446,0,0,0,0,580292044899714522,99300,0,0,0,0,0,0,0,0,110,110
580291780026860687,Order,2025/09/07,2025/09/13,VND,73320,122200,122200,130000,-7800,0,0,0,-48880,-6110,-12831,0,-30300,30300,0,0,0,0,0,0,-24440,-24440,0,0,0,0,0,0,0,0,0,0,0,-3666,0,0,0,-1222,-611,0,0,0,0,580291780026860687,122200,0,0,0,0,0,0,0,0,210,210
580291317527839785,Order,2025/09/07,2025/09/13,VND,73060,122200,122200,130000,-7800,0,0,0,-49140,-6370,-12831,0,-35200,30000,5200,0,0,0,0,0,-24440,-24440,0,0,0,0,0,0,0,0,0,0,0,-3666,0,0,0,-1222,-611,0,0,0,0,580291317527839785,127400,0,0,0,0,0,0,0,0,210,210
580290852879959397,Order,2025/09/07,2025/09/13,VND,-26200,0,0,0,0,0,0,0,-26200,0,0,-26200,-26200,0,0,0,0,0,0,0,0,0,0,0,0,0,0,0,0,0,0,0,0,0,0,0,0,0,0,0,0,0,0,580290852879959397,0,0,0,0,0,0,0,0,0,100,100
580289833992226032,Order,2025/09/07,2025/09/13,VND,90500,130000,130000,130000,0,0,0,0,-39500,-7000,-13650,0,-40000,30000,10000,0,0,0,0,0,0,0,0,-13000,0,0,0,0,0,0,0,0,0,-3900,0,0,0,-1300,-650,0,0,0,0,580289833992226032,140000,0,0,0,0,0,0,0,0,210,210
580289681451681666,Order,2025/09/07,2025/09/13,VND,73305,122200,122200,130000,-7800,0,0,0,-48895,-6125,-12831,0,-30300,30000,300,0,0,0,0,0,-24440,-24440,0,0,0,0,0,0,0,0,0,0,0,-3666,0,0,0,-1222,-611,0,0,0,0,580289681451681666,122500,0,0,0,0,0,0,0,0,210,210
580288194782922443,Order,2025/09/07,2025/09/13,VND,-30300,0,0,0,0,0,0,0,-30300,0,0,-30300,-30300,0,0,0,0,0,0,0,0,0,0,0,0,0,0,0,0,0,0,0,0,0,0,0,0,0,0,0,0,0,0,580288194782922443,0,0,0,0,0,0,0,0,0,100,100
580288243300009173,Order,2025/09/07,2025/09/13,VND,-40000,0,0,0,0,0,0,0,-40000,0,0,-40000,-40000,0,0,0,0,0,0,0,0,0,0,0,0,0,0,0,0,0,0,0,0,0,0,0,0,0,0,0,0,0,0,580288243300009173,0,0,0,0,0,0,0,0,0,200,200
580288349097919618,Order,2025/09/07,2025/09/13,VND,64800,95000,95000,95000,0,0,0,0,-30200,-6450,-9975,0,-40000,6000,34000,0,0,0,0,0,0,0,0,-9500,0,0,0,0,0,0,0,0,0,-2850,0,0,0,-950,-475,0,0,0,0,580288349097919618,129000,0,0,0,0,0,0,0,0,110,110
580286197756101933,Order,2025/09/07,2025/09/13,VND,210000,350000,350000,350000,0,0,0,0,-140000,-17500,-36750,0,-41400,41400,0,0,0,0,0,0,-70000,-70000,0,0,0,0,0,0,0,0,0,0,0,-10500,0,0,0,-3500,-1750,0,0,0,0,580286197756101933,350000,0,0,0,0,0,0,0,0,510,510
580285190156551475,Order,2025/09/07,2025/09/13,VND,106661,178600,178600,190000,-11400,0,0,0,-71939,-9430,-18753,0,-40000,30000,10000,0,0,0,0,0,-35720,-35720,0,0,0,0,0,0,0,0,0,0,0,-5358,0,0,0,-1786,-892,0,0,0,0,580285190156551475,188600,0,0,0,0,0,0,0,0,230,230
580281198282114634,Order,2025/09/06,2025/09/13,VND,179800,290000,290000,350000,-60000,0,0,0,-110200,-13340,-30450,0,-47600,47600,0,0,0,0,0,0,-53360,-53360,0,0,0,0,0,0,0,0,0,0,0,-8700,0,0,0,-2900,-1450,0,0,0,0,580281198282114634,266800,0,0,0,23200,0,0,0,0,510,510
580281153199179725,Order,2025/09/06,2025/09/13,VND,68921,115700,115700,130000,-14300,0,0,0,-46779,-6285,-12148,0,-40000,30000,10000,0,0,0,0,0,-23140,-23140,0,0,0,0,0,0,0,0,0,0,0,-3471,0,0,0,-1157,-578,0,0,0,0,580281153199179725,125700,0,0,0,0,0,0,0,0,210,210
580280761280136734,Order,2025/09/06,2025/09/13,VND,207500,290000,290000,350000,-60000,0,0,0,-82500,-13000,-30450,0,-47600,47600,0,0,0,0,0,0,0,0,0,-26000,0,0,0,0,0,0,0,0,0,-8700,0,0,0,-2900,-1450,0,0,0,0,580280761280136734,260000,0,0,0,30000,0,0,0,0,510,510
580280509468018183,Order,2025/09/06,2025/09/13,VND,47500,80000,80000,95000,-15000,0,0,0,-32500,-4500,-8400,0,-40000,30000,10000,0,0,0,0,0,-16000,-16000,0,0,0,0,0,0,0,0,0,0,0,-2400,0,0,0,-800,-400,0,0,0,0,580280509468018183,90000,0,0,0,0,0,0,0,0,110,110
580280446939596260,Order,2025/09/06,2025/09/13,VND,71421,115700,115700,130000,-14300,0,0,0,-44279,-5785,-12148,0,-40000,30000,10000,0,0,0,0,0,-21140,-21140,0,0,0,0,0,0,0,0,0,0,0,-3471,0,0,0,-1157,-578,0,0,0,0,580280446939596260,115700,0,0,0,10000,0,0,0,0,210,210
580280186187974145,Order,2025/09/06,2025/09/13,VND,177750,290000,290000,350000,-60000,0,0,0,-112250,-13750,-30450,0,-41400,41400,0,0,0,0,0,0,-55000,-55000,0,0,0,0,0,0,0,0,0,0,0,-8700,0,0,0,-2900,-1450,0,0,0,0,580280186187974145,275000,0,0,0,15000,0,0,0,0,510,510
580279997808411809,Order,2025/09/06,2025/09/13,VND,68921,115700,115700,130000,-14300,0,0,0,-46779,-6285,-12148,0,-40000,30000,10000,0,0,0,0,0,-23140,-23140,0,0,0,0,0,0,0,0,0,0,0,-3471,0,0,0,-1157,-578,0,0,0,0,580279997808411809,125700,0,0,0,0,0,0,0,0,210,210
580279910520424443,Order,2025/09/06,2025/09/13,VND,54990,80000,80000,95000,-15000,0,0,0,-25010,-5010,-8400,0,-26200,6000,20200,0,0,0,0,0,0,0,0,-8000,0,0,0,0,0,0,0,0,0,-2400,0,0,0,-800,-400,0,0,0,0,580279910520424443,100200,0,0,0,0,0,0,0,0,110,110
580279873151206421,Order,2025/09/06,2025/09/13,VND,69421,115700,115700,130000,-14300,0,0,0,-46279,-5785,-12148,0,-35200,35200,0,0,0,0,0,0,-23140,-23140,0,0,0,0,0,0,0,0,0,0,0,-3471,0,0,0,-1157,-578,0,0,0,0,580279873151206421,115700,0,0,0,0,0,0,0,0,210,210
580279703616128084,Order,2025/09/06,2025/09/13,VND,181500,290000,290000,350000,-60000,0,0,0,-108500,-13000,-30450,0,-35100,35100,0,0,0,0,0,0,-52000,-52000,0,0,0,0,0,0,0,0,0,0,0,-8700,0,0,0,-2900,-1450,0,0,0,0,580279703616128084,260000,0,0,0,30000,0,0,0,0,510,510
580279599632320367,Order,2025/09/06,2025/09/13,VND,47000,80000,80000,95000,-15000,0,0,0,-33000,-5000,-8400,0,-40000,20000,20000,0,0,0,0,0,-16000,-16000,0,0,0,0,0,0,0,0,0,0,0,-2400,0,0,0,-800,-400,0,0,0,0,580279599632320367,100000,0,0,0,0,0,0,0,0,110,110
580279633307141703,Order,2025/09/06,2025/09/13,VND,69421,115700,115700,130000,-14300,0,0,0,-46279,-5785,-12148,0,-30300,30300,0,0,0,0,0,0,-23140,-23140,0,0,0,0,0,0,0,0,0,0,0,-3471,0,0,0,-1157,-578,0,0,0,0,580279633307141703,115700,0,0,0,0,0,0,0,0,210,210
580279613418341657,Order,2025/09/06,2025/09/13,VND,56000,80000,80000,95000,-15000,0,0,0,-24000,-4000,-8400,0,-40000,40000,0,0,0,0,0,0,0,0,0,-8000,0,0,0,0,0,0,0,0,0,-2400,0,0,0,-800,-400,0,0,0,0,580279613418341657,80000,0,0,0,0,0,0,0,0,110,110
580279556779771244,Order,2025/09/06,2025/09/13,VND,174000,290000,290000,350000,-60000,0,0,0,-116000,-14500,-30450,0,-41400,41400,0,0,0,0,0,0,-58000,-58000,0,0,0,0,0,0,0,0,0,0,0,-8700,0,0,0,-2900,-1450,0,0,0,0,580279556779771244,290000,0,0,0,0,0,0,0,0,510,510
580279518160324442,Order,2025/09/06,2025/09/13,VND,72892,115700,115700,130000,-14300,0,0,0,-42808,-5091,-12148,0,-40000,40000,0,0,0,0,0,0,-20363,-20363,0,0,0,0,0,0,0,0,0,0,0,-3471,0,0,0,-1157,-578,0,0,0,0,580279518160324442,101816,0,0,0,13884,0,0,0,0,210,210
580279300206527766,Order,2025/09/06,2025/09/13,VND,77985,130000,130000,130000,0,0,0,0,-52015,-6515,-13650,0,-30300,30000,300,0,0,0,0,0,-26000,-26000,0,0,0,0,0,0,0,0,0,0,0,-3900,0,0,0,-1300,-650,0,0,0,0,580279300206527766,130300,0,0,0,0,0,0,0,0,210,210
580279208803600203,Order,2025/09/06,2025/09/13,VND,64800,95000,95000,95000,0,0,0,0,-30200,-6450,-9975,0,-40000,6000,34000,0,0,0,0,0,0,0,0,-9500,0,0,0,0,0,0,0,0,0,-2850,0,0,0,-950,-475,0,0,0,0,580279208803600203,129000,0,0,0,0,0,0,0,0,110,110
580279159469278321,Order,2025/09/06,2025/09/13,VND,47500,80000,80000,95000,-15000,0,0,0,-32500,-4500,-8400,0,-40000,30000,10000,0,0,0,0,0,-16000,-16000,0,0,0,0,0,0,0,0,0,0,0,-2400,0,0,0,-800,-400,0,0,0,0,580279159469278321,90000,0,0,0,0,0,0,0,0,110,110
580278830105331541,Order,2025/09/06,2025/09/13,VND,91000,130000,130000,130000,0,0,0,0,-39000,-6500,-13650,0,-40000,40000,0,0,0,0,0,0,0,0,0,-13000,0,0,0,0,0,0,0,0,0,-3900,0,0,0,-1300,-650,0,0,0,0,580278830105331541,130000,0,0,0,0,0,0,0,0,210,210
580277820514993849,Order,2025/09/06,2025/09/13,VND,56985,95000,95000,95000,0,0,0,0,-38015,-4765,-9975,0,-30300,30000,300,0,0,0,0,0,-19000,-19000,0,0,0,0,0,0,0,0,0,0,0,-2850,0,0,0,-950,-475,0,0,0,0,580277820514993849,95300,0,0,0,0,0,0,0,0,110,110
580277202838914753,Order,2025/09/06,2025/09/13,VND,78000,130000,130000,130000,0,0,0,0,-52000,-6500,-13650,0,-40000,40000,0,0,0,0,0,0,-26000,-26000,0,0,0,0,0,0,0,0,0,0,0,-3900,0,0,0,-1300,-650,0,0,0,0,580277202838914753,130000,0,0,0,0,0,0,0,0,210,210
580274318474839906,Order,2025/09/06,2025/09/13,VND,56500,95000,95000,95000,0,0,0,0,-38500,-5250,-9975,0,-40000,30000,10000,0,0,0,0,0,-19000,-19000,0,0,0,0,0,0,0,0,0,0,0,-2850,0,0,0,-950,-475,0,0,0,0,580274318474839906,105000,0,0,0,0,0,0,0,0,110,110
580273789582935494,Order,2025/09/06,2025/09/13,VND,89785,130000,130000,130000,0,0,0,0,-40215,-7715,-13650,0,-30300,6000,24300,0,0,0,0,0,0,0,0,-13000,0,0,0,0,0,0,0,0,0,-3900,0,0,0,-1300,-650,0,0,0,0,580273789582935494,154300,0,0,0,0,0,0,0,0,210,210
580273056049104680,Order,2025/09/06,2025/09/13,VND,78000,130000,130000,130000,0,0,0,0,-52000,-6500,-13650,0,-40000,40000,0,0,0,0,0,0,-26000,-26000,0,0,0,0,0,0,0,0,0,0,0,-3900,0,0,0,-1300,-650,0,0,0,0,580273056049104680,130000,0,0,0,0,0,0,0,0,210,210
580272596742931744,Order,2025/09/06,2025/09/13,VND,91000,130000,130000,130000,0,0,0,0,-39000,-6500,-13650,0,-40000,40000,0,0,0,0,0,0,0,0,0,-13000,0,0,0,0,0,0,0,0,0,-3900,0,0,0,-1300,-650,0,0,0,0,580272596742931744,130000,0,0,0,0,0,0,0,0,210,210
580266823061570734,Order,2025/09/05,2025/09/13,VND,48000,80000,80000,95000,-15000,0,0,0,-32000,-4000,-8400,0,-30300,30300,0,0,0,0,0,0,-16000,-16000,0,0,0,0,0,0,0,0,0,0,0,-2400,0,0,0,-800,-400,0,0,0,0,580266823061570734,80000,0,0,0,0,0,0,0,0,110,110
580255167208916046,Order,2025/09/04,2025/09/13,VND,71921,115700,115700,130000,-14300,0,0,0,-43779,-5285,-12148,0,-26200,26200,0,0,0,0,0,0,-21140,-21140,0,0,0,0,0,0,0,0,0,0,0,-3471,0,0,0,-1157,-578,0,0,0,0,580255167208916046,105700,0,0,0,10000,0,0,0,0,210,210
580250212185704295,Order,2025/09/04,2025/09/13,VND,-40000,0,0,0,0,0,0,0,-40000,0,0,-40000,-40000,0,0,0,0,0,0,0,0,0,0,0,0,0,0,0,0,0,0,0,0,0,0,0,0,0,0,0,0,0,0,580250212185704295,0,0,0,0,0,0,0,0,0,100,100
580247280699082686,Order,2025/09/04,2025/09/13,VND,-40000,0,0,0,0,0,0,0,-40000,0,0,-40000,-40000,0,0,0,0,0,0,0,0,0,0,0,0,0,0,0,0,0,0,0,0,0,0,0,0,0,0,0,0,0,0,580247280699082686,0,0,0,0,0,0,0,0,0,500,500
580244230378063318,Order,2025/09/03,2025/09/13,VND,156000,260000,260000,260000,0,0,0,0,-104000,-13000,-27300,0,-30300,30300,0,0,0,0,0,0,-52000,-52000,0,0,0,0,0,0,0,0,0,0,0,-7800,0,0,0,-2600,-1300,0,0,0,0,580244230378063318,260000,0,0,0,0,0,0,0,0,430,430
580241983823447368,Order,2025/09/03,2025/09/13,VND,219625,350000,350000,350000,0,0,0,0,-130375,-15575,-36750,0,-47600,47600,0,0,0,0,0,0,-62300,-62300,0,0,0,0,0,0,0,0,0,0,0,-10500,0,0,0,-3500,-1750,0,0,0,0,580241983823447368,311500,0,0,0,38500,0,0,0,0,510,510
580242005803959518,Order,2025/09/03,2025/09/13,VND,76700,95000,95000,95000,0,0,0,0,-18300,-4050,-9975,0,-40000,40000,0,0,0,0,0,0,0,0,0,0,0,0,0,0,0,0,0,0,0,-2850,0,0,0,-950,-475,0,0,0,0,580242005803959518,81000,0,0,0,14000,0,0,0,0,110,110
580241352118142021,Order,2025/09/03,2025/09/13,VND,179500,290000,290000,350000,-60000,0,0,0,-110500,-13400,-30450,0,-47600,47600,0,0,0,0,0,0,-53600,-53600,0,0,0,0,0,0,0,0,0,0,0,-8700,0,0,0,-2900,-1450,0,0,0,0,580241352118142021,268000,0,0,0,22000,0,0,0,0,510,510
580240157639083536,Order,2025/09/03,2025/09/13,VND,103500,130000,130000,130000,0,0,0,0,-26500,-7000,-13650,0,-40000,30000,10000,0,0,0,0,0,0,0,0,0,0,0,0,0,0,0,0,0,0,-3900,0,0,0,-1300,-650,0,0,0,0,580240157639083536,140000,0,0,0,0,0,0,0,0,210,210
580238170326075256,Order,2025/09/03,2025/09/13,VND,156000,260000,260000,260000,0,0,0,0,-104000,-13000,-27300,0,-30300,30300,0,0,0,0,0,0,-52000,-52000,0,0,0,0,0,0,0,0,0,0,0,-7800,0,0,0,-2600,-1300,0,0,0,0,580238170326075256,260000,0,0,0,0,0,0,0,0,430,430
580236020657391346,Order,2025/09/03,2025/09/13,VND,47500,80000,80000,95000,-15000,0,0,0,-32500,-4500,-8400,0,-40000,30000,10000,0,0,0,0,0,-16000,-16000,0,0,0,0,0,0,0,0,0,0,0,-2400,0,0,0,-800,-400,0,0,0,0,580236020657391346,90000,0,0,0,0,0,0,0,0,110,110
580235493968676844,Order,2025/09/03,2025/09/13,VND,174000,290000,290000,350000,-60000,0,0,0,-116000,-14500,-30450,0,-29700,29700,0,0,0,0,0,0,-58000,-58000,0,0,0,0,0,0,0,0,0,0,0,-8700,0,0,0,-2900,-1450,0,0,0,0,580235493968676844,290000,0,0,0,0,0,0,0,0,510,510
580235220935280399,Order,2025/09/03,2025/09/13,VND,77500,130000,130000,130000,0,0,0,0,-52500,-7000,-13650,0,-40000,30000,10000,0,0,0,0,0,-26000,-26000,0,0,0,0,0,0,0,0,0,0,0,-3900,0,0,0,-1300,-650,0,0,0,0,580235220935280399,140000,0,0,0,0,0,0,0,0,210,210
580235183187723557,Order,2025/09/03,2025/09/13,VND,56500,95000,95000,95000,0,0,0,0,-38500,-5250,-9975,0,-40000,30000,10000,0,0,0,0,0,-19000,-19000,0,0,0,0,0,0,0,0,0,0,0,-2850,0,0,0,-950,-475,0,0,0,0,580235183187723557,105000,0,0,0,0,0,0,0,0,110,110
580234349355435209,Order,2025/09/03,2025/09/13,VND,-40000,0,0,0,0,0,0,0,-40000,0,0,-40000,-40000,0,0,0,0,0,0,0,0,0,0,0,0,0,0,0,0,0,0,0,0,0,0,0,0,0,0,0,0,0,0,580234349355435209,0,0,0,0,0,0,0,0,0,200,200
580234353024206118,Order,2025/09/03,2025/09/13,VND,-40000,0,0,0,0,0,0,0,-40000,0,0,-40000,-40000,0,0,0,0,0,0,0,0,0,0,0,0,0,0,0,0,0,0,0,0,0,0,0,0,0,0,0,0,0,0,580234353024206118,0,0,0,0,0,0,0,0,0,500,500
580229613497189768,Order,2025/09/02,2025/09/13,VND,181975,290000,290000,350000,-60000,0,0,0,-108025,-12905,-30450,0,-47600,47600,0,0,0,0,0,0,-51620,-51620,0,0,0,0,0,0,0,0,0,0,0,-8700,0,0,0,-2900,-1450,0,0,0,0,580229613497189768,258100,0,0,0,31900,0,0,0,0,510,510
580229605722326185,Order,2025/09/02,2025/09/13,VND,181250,290000,290000,350000,-60000,0,0,0,-108750,-13050,-30450,0,-35100,35100,0,0,0,0,0,0,-52200,-52200,0,0,0,0,0,0,0,0,0,0,0,-8700,0,0,0,-2900,-1450,0,0,0,0,580229605722326185,261000,0,0,0,29000,0,0,0,0,510,510
580229482807592343,Order,2025/09/02,2025/09/13,VND,69421,115700,115700,130000,-14300,0,0,0,-46279,-5785,-12148,0,-40000,40000,0,0,0,0,0,0,-23140,-23140,0,0,0,0,0,0,0,0,0,0,0,-3471,0,0,0,-1157,-578,0,0,0,0,580229482807592343,115700,0,0,0,0,0,0,0,0,210,210
580228851724617054,Order,2025/09/02,2025/09/13,VND,15400,29000,29000,95000,-66000,0,0,0,-13600,-3450,-3045,0,-40000,0,40000,0,0,0,0,0,-5800,-5800,0,0,0,0,0,0,0,0,0,0,0,-870,0,0,0,-290,-145,0,0,0,0,580228851724617054,69000,0,0,0,0,0,0,0,0,110,110
580228890446366717,Order,2025/09/02,2025/09/13,VND,16900,29000,29000,95000,-66000,0,0,0,-12100,-1950,-3045,0,-40000,30000,10000,0,0,0,0,0,-5800,-5800,0,0,0,0,0,0,0,0,0,0,0,-870,0,0,0,-290,-145,0,0,0,0,580228890446366717,39000,0,0,0,0,0,0,0,0,110,110
580228873114977771,Order,2025/09/02,2025/09/13,VND,16900,29000,29000,95000,-66000,0,0,0,-12100,-1950,-3045,0,-40000,30000,10000,0,0,0,0,0,-5800,-5800,0,0,0,0,0,0,0,0,0,0,0,-870,0,0,0,-290,-145,0,0,0,0,580228873114977771,39000,0,0,0,0,0,0,0,0,110,110
580228830796285585,Order,2025/09/02,2025/09/13,VND,17400,29000,29000,95000,-66000,0,0,0,-11600,-1450,-3045,0,-40000,40000,0,0,0,0,0,0,-5800,-5800,0,0,0,0,0,0,0,0,0,0,0,-870,0,0,0,-290,-145,0,0,0,0,580228830796285585,29000,0,0,0,0,0,0,0,0,110,110
580228855851353355,Order,2025/09/02,2025/09/13,VND,15400,29000,29000,95000,-66000,0,0,0,-13600,-3450,-3045,0,-40000,0,40000,0,0,0,0,0,-5800,-5800,0,0,0,0,0,0,0,0,0,0,0,-870,0,0,0,-290,-145,0,0,0,0,580228855851353355,69000,0,0,0,0,0,0,0,0,100,100
580228799642240051,Order,2025/09/02,2025/09/13,VND,16900,29000,29000,95000,-66000,0,0,0,-12100,-1950,-3045,0,-40000,30000,10000,0,0,0,0,0,-5800,-5800,0,0,0,0,0,0,0,0,0,0,0,-870,0,0,0,-290,-145,0,0,0,0,580228799642240051,39000,0,0,0,0,0,0,0,0,110,110
580228854544762071,Order,2025/09/02,2025/09/13,VND,16900,29000,29000,95000,-66000,0,0,0,-12100,-1950,-3045,0,-40000,30000,10000,0,0,0,0,0,-5800,-5800,0,0,0,0,0,0,0,0,0,0,0,-870,0,0,0,-290,-145,0,0,0,0,580228854544762071,39000,0,0,0,0,0,0,0,0,110,110
580228712616396434,Order,2025/09/02,2025/09/13,VND,68261,115700,115700,130000,-14300,0,0,0,-47439,-6945,-12148,0,-35200,12000,23200,0,0,0,0,0,-23140,-23140,0,0,0,0,0,0,0,0,0,0,0,-3471,0,0,0,-1157,-578,0,0,0,0,580228712616396434,138900,0,0,0,0,0,0,0,0,210,210
580228482453439945,Order,2025/09/02,2025/09/13,VND,179500,290000,290000,350000,-60000,0,0,0,-110500,-13400,-30450,0,-40000,40000,0,0,0,0,0,0,-53600,-53600,0,0,0,0,0,0,0,0,0,0,0,-8700,0,0,0,-2900,-1450,0,0,0,0,580228482453439945,268000,0,0,0,22000,0,0,0,0,500,500
580228424120501705,Order,2025/09/02,2025/09/13,VND,81750,130000,130000,130000,0,0,0,0,-48250,-5750,-13650,0,-40000,40000,0,0,0,0,0,0,-23000,-23000,0,0,0,0,0,0,0,0,0,0,0,-3900,0,0,0,-1300,-650,0,0,0,0,580228424120501705,115000,0,0,0,15000,0,0,0,0,200,200
580219715261727781,Order,2025/09/02,2025/09/13,VND,118500,190000,190000,190000,0,0,0,0,-71500,-8600,-19950,0,-30300,30300,0,0,0,0,0,0,-34400,-34400,0,0,0,0,0,0,0,0,0,0,0,-5700,0,0,0,-1900,-950,0,0,0,0,580219715261727781,172000,0,0,0,18000,0,0,0,0,230,230
580216470576990130,Order,2025/09/01,2025/09/13,VND,56500,95000,95000,95000,0,0,0,0,-38500,-5250,-9975,0,-40000,30000,10000,0,0,0,0,0,-19000,-19000,0,0,0,0,0,0,0,0,0,0,0,-2850,0,0,0,-950,-475,0,0,0,0,580216470576990130,105000,0,0,0,0,0,0,0,0,110,110
580216127233098902,Order,2025/09/01,2025/09/13,VND,81735,130000,130000,130000,0,0,0,0,-48265,-5765,-13650,0,-30300,30000,300,0,0,0,0,0,-23000,-23000,0,0,0,0,0,0,0,0,0,0,0,-3900,0,0,0,-1300,-650,0,0,0,0,580216127233098902,115300,0,0,0,15000,0,0,0,0,210,210
580216007792625008,Order,2025/09/01,2025/09/13,VND,181120,290000,290000,350000,-60000,0,0,0,-108880,-13180,-30450,0,-47600,45000,2600,0,0,0,0,0,-52200,-52200,0,0,0,0,0,0,0,0,0,0,0,-8700,0,0,0,-2900,-1450,0,0,0,0,580216007792625008,263600,0,0,0,29000,0,0,0,0,510,510
580215950116488417,Order,2025/09/01,2025/09/13,VND,173620,290000,290000,350000,-60000,0,0,0,-116380,-14880,-30450,0,-47600,40000,7600,0,0,0,0,0,-58000,-58000,0,0,0,0,0,0,0,0,0,0,0,-8700,0,0,0,-2900,-1450,0,0,0,0,580215950116488417,297600,0,0,0,0,0,0,0,0,510,510
580215880258979041,Order,2025/09/01,2025/09/13,VND,102000,170000,170000,190000,-20000,0,0,0,-68000,-8500,-17850,0,-40000,40000,0,0,0,0,0,0,-34000,-34000,0,0,0,0,0,0,0,0,0,0,0,-5100,0,0,0,-1700,-850,0,0,0,0,580215880258979041,170000,0,0,0,0,0,0,0,0,230,230
580215704570726111,Order,2025/09/01,2025/09/13,VND,181250,290000,290000,350000,-60000,0,0,0,-108750,-13050,-30450,0,-47600,47600,0,0,0,0,0,0,-52200,-52200,0,0,0,0,0,0,0,0,0,0,0,-8700,0,0,0,-2900,-1450,0,0,0,0,580215704570726111,261000,0,0,0,29000,0,0,0,0,510,510
580215758199817460,Order,2025/09/01,2025/09/13,VND,138841,231400,231400,260000,-28600,0,0,0,-92559,-11570,-24297,0,-40000,40000,0,0,0,0,0,0,-46280,-46280,0,0,0,0,0,0,0,0,0,0,0,-6942,0,0,0,-2314,-1156,0,0,0,0,580215758199817460,231400,0,0,0,0,0,0,0,0,430,430
580215658292217347,Order,2025/09/01,2025/09/13,VND,178280,290000,290000,350000,-60000,0,0,0,-111720,-13700,-30450,0,-41400,40000,1400,0,0,0,0,0,-54520,-54520,0,0,0,0,0,0,0,0,0,0,0,-8700,0,0,0,-2900,-1450,0,0,0,0,580215658292217347,274000,0,0,0,17400,0,0,0,0,510,510
580215607808722708,Order,2025/09/01,2025/09/13,VND,56985,95000,95000,95000,0,0,0,0,-38015,-4765,-9975,0,-30300,30000,300,0,0,0,0,0,-19000,-19000,0,0,0,0,0,0,0,0,0,0,0,-2850,0,0,0,-950,-475,0,0,0,0,580215607808722708,95300,0,0,0,0,0,0,0,0,110,110
580215286945580353,Order,2025/09/01,2025/09/13,VND,72921,115700,115700,130000,-14300,0,0,0,-42779,-5085,-12148,0,-30300,30300,0,0,0,0,0,0,-20340,-20340,0,0,0,0,0,0,0,0,0,0,0,-3471,0,0,0,-1157,-578,0,0,0,0,580215286945580353,101700,0,0,0,14000,0,0,0,0,210,210
580215048146421343,Order,2025/09/01,2025/09/13,VND,72392,115700,115700,130000,-14300,0,0,0,-43308,-5591,-12148,0,-40000,30000,10000,0,0,0,0,0,-20363,-20363,0,0,0,0,0,0,0,0,0,0,0,-3471,0,0,0,-1157,-578,0,0,0,0,580215048146421343,111816,0,0,0,13884,0,0,0,0,210,210
580215066853213853,Order,2025/09/01,2025/09/13,VND,56500,95000,95000,95000,0,0,0,0,-38500,-5250,-9975,0,-40000,30000,10000,0,0,0,0,0,-19000,-19000,0,0,0,0,0,0,0,0,0,0,0,-2850,0,0,0,-950,-475,0,0,0,0,580215066853213853,105000,0,0,0,0,0,0,0,0,110,110
580212656630367611,Order,2025/09/01,2025/09/13,VND,56985,95000,95000,95000,0,0,0,0,-38015,-4765,-9975,0,-30300,30000,300,0,0,0,0,0,-19000,-19000,0,0,0,0,0,0,0,0,0,0,0,-2850,0,0,0,-950,-475,0,0,0,0,580212656630367611,95300,0,0,0,0,0,0,0,0,110,110
580211134604150161,Order,2025/09/01,2025/09/13,VND,420000,700000,700000,700000,0,0,0,0,-280000,-35000,-73500,0,-55400,55400,0,0,0,0,0,0,-140000,-140000,0,0,0,0,0,0,0,0,0,0,0,-21000,0,0,0,-7000,-3500,0,0,0,0,580211134604150161,700000,0,0,0,0,0,0,0,0,1030,1030
580204181752416053,Order,2025/08/31,2025/09/13,VND,56500,95000,95000,95000,0,0,0,0,-38500,-5250,-9975,0,-40000,30000,10000,0,0,0,0,0,-19000,-19000,0,0,0,0,0,0,0,0,0,0,0,-2850,0,0,0,-950,-475,0,0,0,0,580204181752416053,105000,0,0,0,0,0,0,0,0,110,110
580203513989727337,Order,2025/08/31,2025/09/13,VND,69406,115700,115700,130000,-14300,0,0,0,-46294,-5800,-12148,0,-30300,30000,300,0,0,0,0,0,-23140,-23140,0,0,0,0,0,0,0,0,0,0,0,-3471,0,0,0,-1157,-578,0,0,0,0,580203513989727337,116000,0,0,0,0,0,0,0,0,210,210
580203424734217803,Order,2025/08/31,2025/09/13,VND,50500,85000,85000,95000,-10000,0,0,0,-34500,-4750,-8925,0,-40000,30000,10000,0,0,0,0,0,-17000,-17000,0,0,0,0,0,0,0,0,0,0,0,-2550,0,0,0,-850,-425,0,0,0,0,580203424734217803,95000,0,0,0,0,0,0,0,0,100,100
580292849128343016,Order,2025/09/07,2025/09/12,VND,85525,122200,122200,130000,-7800,0,0,0,-36675,-6125,-12831,0,-30300,30000,300,0,0,0,0,0,0,0,0,-12220,0,0,0,0,0,0,0,0,0,-3666,0,0,0,-1222,-611,0,0,0,0,580292849128343016,122500,0,0,0,0,0,0,0,0,210,210
580280306282825090,Order,2025/09/06,2025/09/12,VND,55985,80000,80000,95000,-15000,0,0,0,-24015,-4015,-8400,0,-30300,30000,300,0,0,0,0,0,0,0,0,-8000,0,0,0,0,0,0,0,0,0,-2400,0,0,0,-800,-400,0,0,0,0,580280306282825090,80300,0,0,0,0,0,0,0,0,110,110
580267051248813212,Order,2025/09/05,2025/09/12,VND,66500,95000,95000,95000,0,0,0,0,-28500,-4750,-9975,0,-26200,26200,0,0,0,0,0,0,0,0,0,-9500,0,0,0,0,0,0,0,0,0,-2850,0,0,0,-950,-475,0,0,0,0,580267051248813212,95000,0,0,0,0,0,0,0,0,110,110
580266923163944504,Order,2025/09/05,2025/09/12,VND,180620,290000,290000,350000,-60000,0,0,0,-109380,-13880,-30450,0,-47600,30000,17600,0,0,0,0,0,-52000,-52000,0,0,0,0,0,0,0,0,0,0,0,-8700,0,0,0,-2900,-1450,0,0,0,0,580266923163944504,277600,0,0,0,30000,0,0,0,0,510,510
580234376103692269,Order,2025/09/03,2025/09/12,VND,-40000,0,0,0,0,0,0,0,-40000,0,0,-40000,-40000,0,0,0,0,0,0,0,0,0,0,0,0,0,0,0,0,0,0,0,0,0,0,0,0,0,0,0,0,0,0,580234376103692269,0,0,0,0,0,0,0,0,0,100,100
580234376110245861,Order,2025/09/03,2025/09/12,VND,-40000,0,0,0,0,0,0,0,-40000,0,0,-40000,-40000,0,0,0,0,0,0,0,0,0,0,0,0,0,0,0,0,0,0,0,0,0,0,0,0,0,0,0,0,0,0,580234376110245861,0,0,0,0,0,0,0,0,0,500,500
580230739505218792,Order,2025/09/02,2025/09/12,VND,76000,130000,130000,130000,0,0,0,0,-54000,-8500,-13650,0,-40000,0,40000,0,0,0,0,0,-26000,-26000,0,0,0,0,0,0,0,0,0,0,0,-3900,0,0,0,-1300,-650,0,0,0,0,580230739505218792,170000,0,0,0,0,0,0,0,0,210,210
580229940092962688,Order,2025/09/02,2025/09/12,VND,69421,115700,115700,130000,-14300,0,0,0,-46279,-5785,-12148,0,-40000,40000,0,0,0,0,0,0,-23140,-23140,0,0,0,0,0,0,0,0,0,0,0,-3471,0,0,0,-1157,-578,0,0,0,0,580229940092962688,115700,0,0,0,0,0,0,0,0,210,210
580229894236964486,Order,2025/09/02,2025/09/12,VND,48000,80000,80000,95000,-15000,0,0,0,-32000,-4000,-8400,0,-35200,35200,0,0,0,0,0,0,-16000,-16000,0,0,0,0,0,0,0,0,0,0,0,-2400,0,0,0,-800,-400,0,0,0,0,580229894236964486,80000,0,0,0,0,0,0,0,0,110,110
580229603532637709,Order,2025/09/02,2025/09/12,VND,47740,80000,80000,95000,-15000,0,0,0,-32260,-4260,-8400,0,-35200,30000,5200,0,0,0,0,0,-16000,-16000,0,0,0,0,0,0,0,0,0,0,0,-2400,0,0,0,-800,-400,0,0,0,0,580229603532637709,85200,0,0,0,0,0,0,0,0,110,110
580229476576298534,Order,2025/09/02,2025/09/12,VND,47500,80000,80000,95000,-15000,0,0,0,-32500,-4500,-8400,0,-40000,30000,10000,0,0,0,0,0,-16000,-16000,0,0,0,0,0,0,0,0,0,0,0,-2400,0,0,0,-800,-400,0,0,0,0,580229476576298534,90000,0,0,0,0,0,0,0,0,110,110
580228828768077722,Order,2025/09/02,2025/09/12,VND,17400,29000,29000,95000,-66000,0,0,0,-11600,-1450,-3045,0,-35200,35200,0,0,0,0,0,0,-5800,-5800,0,0,0,0,0,0,0,0,0,0,0,-870,0,0,0,-290,-145,0,0,0,0,580228828768077722,29000,0,0,0,0,0,0,0,0,110,110
580216839724566503,Order,2025/09/01,2025/09/12,VND,50500,85000,85000,95000,-10000,0,0,0,-34500,-4750,-8925,0,-40000,30000,10000,0,0,0,0,0,-17000,-17000,0,0,0,0,0,0,0,0,0,0,0,-2550,0,0,0,-850,-425,0,0,0,0,580216839724566503,95000,0,0,0,0,0,0,0,0,110,110
580216354033928005,Order,2025/09/01,2025/09/12,VND,85000,130000,130000,130000,0,0,0,0,-45000,-5500,-13650,0,-40000,30000,10000,0,0,0,0,0,-20000,-20000,0,0,0,0,0,0,0,0,0,0,0,-3900,0,0,0,-1300,-650,0,0,0,0,580216354033928005,110000,0,0,0,30000,0,0,0,0,210,210
580215937827375079,Order,2025/09/01,2025/09/12,VND,71421,115700,115700,130000,-14300,0,0,0,-44279,-5785,-12148,0,-40000,30000,10000,0,0,0,0,0,-21140,-21140,0,0,0,0,0,0,0,0,0,0,0,-3471,0,0,0,-1157,-578,0,0,0,0,580215937827375079,115700,0,0,0,10000,0,0,0,0,210,210
580215734412871320,Order,2025/09/01,2025/09/12,VND,50500,85000,85000,95000,-10000,0,0,0,-34500,-4750,-8925,0,-40000,30000,10000,0,0,0,0,0,-17000,-17000,0,0,0,0,0,0,0,0,0,0,0,-2550,0,0,0,-850,-425,0,0,0,0,580215734412871320,95000,0,0,0,0,0,0,0,0,110,110
580214943246223310,Order,2025/09/01,2025/09/12,VND,78000,130000,130000,130000,0,0,0,0,-52000,-6500,-13650,0,-30300,30300,0,0,0,0,0,0,-26000,-26000,0,0,0,0,0,0,0,0,0,0,0,-3900,0,0,0,-1300,-650,0,0,0,0,580214943246223310,130000,0,0,0,0,0,0,0,0,210,210
580207833417352881,Order,2025/09/01,2025/09/12,VND,56500,95000,95000,95000,0,0,0,0,-38500,-5250,-9975,0,-40000,30000,10000,0,0,0,0,0,-19000,-19000,0,0,0,0,0,0,0,0,0,0,0,-2850,0,0,0,-950,-475,0,0,0,0,580207833417352881,105000,0,0,0,0,0,0,0,0,110,110
580202957316392116,Order,2025/08/31,2025/09/12,VND,72892,115700,115700,130000,-14300,0,0,0,-42808,-5091,-12148,0,-40000,40000,0,0,0,0,0,0,-20363,-20363,0,0,0,0,0,0,0,0,0,0,0,-3471,0,0,0,-1157,-578,0,0,0,0,580202957316392116,101816,0,0,0,13884,0,0,0,0,210,210
580202808693458124,Order,2025/08/31,2025/09/12,VND,178350,290000,290000,350000,-60000,0,0,0,-111650,-13630,-30450,0,-35100,35100,0,0,0,0,0,0,-54520,-54520,0,0,0,0,0,0,0,0,0,0,0,-8700,0,0,0,-2900,-1450,0,0,0,0,580202808693458124,272600,0,0,0,17400,0,0,0,0,510,510
580202660840048572,Order,2025/08/31,2025/09/12,VND,178350,290000,290000,350000,-60000,0,0,0,-111650,-13630,-30450,0,-47600,47600,0,0,0,0,0,0,-54520,-54520,0,0,0,0,0,0,0,0,0,0,0,-8700,0,0,0,-2900,-1450,0,0,0,0,580202660840048572,272600,0,0,0,17400,0,0,0,0,510,510
580202130926241409,Order,2025/08/31,2025/09/12,VND,179500,290000,290000,350000,-60000,0,0,0,-110500,-13400,-30450,0,-35100,35100,0,0,0,0,0,0,-53600,-53600,0,0,0,0,0,0,0,0,0,0,0,-8700,0,0,0,-2900,-1450,0,0,0,0,580202130926241409,268000,0,0,0,22000,0,0,0,0,510,510
580200861493134421,Order,2025/08/31,2025/09/12,VND,77985,130000,130000,130000,0,0,0,0,-52015,-6515,-13650,0,-30300,30000,300,0,0,0,0,0,-26000,-26000,0,0,0,0,0,0,0,0,0,0,0,-3900,0,0,0,-1300,-650,0,0,0,0,580200861493134421,130300,0,0,0,0,0,0,0,0,210,210
580196153392465606,Order,2025/08/31,2025/09/12,VND,-40000,0,0,0,0,0,0,0,-40000,0,0,-40000,-40000,0,0,0,0,0,0,0,0,0,0,0,0,0,0,0,0,0,0,0,0,0,0,0,0,0,0,0,0,0,0,580196153392465606,0,0,0,0,0,0,0,0,0,500,500
580191384197694486,Order,2025/08/30,2025/09/12,VND,277682,462800,462800,520000,-57200,0,0,0,-185118,-23140,-48594,0,-35100,35100,0,0,0,0,0,0,-92560,-92560,0,0,0,0,0,0,0,0,0,0,0,-13884,0,0,0,-4628,-2312,0,0,0,0,580191384197694486,462800,0,0,0,0,0,0,0,0,830,830
580229400067081453,Order,2025/09/02,2025/09/11,VND,48000,80000,80000,95000,-15000,0,0,0,-32000,-4000,-8400,0,-19700,19700,0,0,0,0,0,0,-16000,-16000,0,0,0,0,0,0,0,0,0,0,0,-2400,0,0,0,-800,-400,0,0,0,0,580229400067081453,80000,0,0,0,0,0,0,0,0,110,110
580229234820351006,Order,2025/09/02,2025/09/11,VND,48000,80000,80000,95000,-15000,0,0,0,-32000,-4000,-8400,0,-26200,26200,0,0,0,0,0,0,-16000,-16000,0,0,0,0,0,0,0,0,0,0,0,-2400,0,0,0,-800,-400,0,0,0,0,580229234820351006,80000,0,0,0,0,0,0,0,0,110,110
580212805268309436,Order,2025/09/01,2025/09/11,VND,77985,130000,130000,130000,0,0,0,0,-52015,-6515,-13650,0,-30300,30000,300,0,0,0,0,0,-26000,-26000,0,0,0,0,0,0,0,0,0,0,0,-3900,0,0,0,-1300,-650,0,0,0,0,580212805268309436,130300,0,0,0,0,0,0,0,0,210,210
580194494701929693,Order,2025/08/31,2025/09/11,VND,468000,780000,780000,780000,0,0,0,0,-312000,-39000,-81900,0,-39400,39400,0,0,0,0,0,0,-156000,-156000,0,0,0,0,0,0,0,0,0,0,0,-23400,0,0,0,-7800,-3900,0,0,0,0,580194494701929693,780000,0,0,0,0,0,0,0,0,1230,1230
580189624450450517,Order,2025/08/30,2025/09/11,VND,161500,260000,260000,260000,0,0,0,0,-98500,-11900,-27300,0,-40000,40000,0,0,0,0,0,0,-47600,-47600,0,0,0,0,0,0,0,0,0,0,0,-7800,0,0,0,-2600,-1300,0,0,0,0,580189624450450517,238000,0,0,0,22000,0,0,0,0,430,430
580196804627170308,Order,2025/08/31,2025/09/10,VND,56500,95000,95000,95000,0,0,0,0,-38500,-5250,-9975,0,-40000,30000,10000,0,0,0,0,0,-19000,-19000,0,0,0,0,0,0,0,0,0,0,0,-2850,0,0,0,-950,-475,0,0,0,0,580196804627170308,105000,0,0,0,0,0,0,0,0,110,110
580196206461027607,Order,2025/08/31,2025/09/10,VND,-40000,0,0,0,0,0,0,0,-40000,0,0,-40000,-40000,0,0,0,0,0,0,0,0,0,0,0,0,0,0,0,0,0,0,0,0,0,0,0,0,0,0,0,0,0,0,580196206461027607,0,0,0,0,0,0,0,0,0,500,500
580196223388059069,Order,2025/08/31,2025/09/10,VND,143469,231400,231400,260000,-28600,0,0,0,-87931,-10644,-24297,0,-40000,40000,0,0,0,0,0,0,-42578,-42578,0,0,0,0,0,0,0,0,0,0,0,-6942,0,0,0,-2314,-1156,0,0,0,0,580196223388059069,212888,0,0,0,18512,0,0,0,0,430,430
580195063701669146,Order,2025/08/31,2025/09/10,VND,387920,650000,650000,650000,0,0,0,0,-262080,-34580,-68250,0,-47600,6000,41600,0,0,0,0,0,-130000,-130000,0,0,0,0,0,0,0,0,0,0,0,-19500,0,0,0,-6500,-3250,0,0,0,0,580195063701669146,691600,0,0,0,0,0,0,0,0,1000,1000
580194068738181066,Order,2025/08/31,2025/09/10,VND,78000,130000,130000,130000,0,0,0,0,-52000,-6500,-13650,0,-26200,26200,0,0,0,0,0,0,-26000,-26000,0,0,0,0,0,0,0,0,0,0,0,-3900,0,0,0,-1300,-650,0,0,0,0,580194068738181066,130000,0,0,0,0,0,0,0,0,210,210
580191865275254515,Order,2025/08/30,2025/09/10,VND,434000,700000,700000,700000,0,0,0,0,-266000,-32200,-73500,0,-39400,39400,0,0,0,0,0,0,-128800,-128800,0,0,0,0,0,0,0,0,0,0,0,-21000,0,0,0,-7000,-3500,0,0,0,0,580191865275254515,644000,0,0,0,56000,0,0,0,0,1030,1030
580191588035888142,Order,2025/08/30,2025/09/10,VND,69421,115700,115700,130000,-14300,0,0,0,-46279,-5785,-12148,0,-40000,40000,0,0,0,0,0,0,-23140,-23140,0,0,0,0,0,0,0,0,0,0,0,-3471,0,0,0,-1157,-578,0,0,0,0,580191588035888142,115700,0,0,0,0,0,0,0,0,210,210
580191583743412219,Order,2025/08/30,2025/09/10,VND,78000,130000,130000,130000,0,0,0,0,-52000,-6500,-13650,0,-40000,40000,0,0,0,0,0,0,-26000,-26000,0,0,0,0,0,0,0,0,0,0,0,-3900,0,0,0,-1300,-650,0,0,0,0,580191583743412219,130000,0,0,0,0,0,0,0,0,210,210
580191152503752522,Order,2025/08/30,2025/09/10,VND,78000,130000,130000,130000,0,0,0,0,-52000,-6500,-13650,0,-30300,30300,0,0,0,0,0,0,-26000,-26000,0,0,0,0,0,0,0,0,0,0,0,-3900,0,0,0,-1300,-650,0,0,0,0,580191152503752522,130000,0,0,0,0,0,0,0,0,210,210
580191004632844196,Order,2025/08/30,2025/09/10,VND,51000,85000,85000,95000,-10000,0,0,0,-34000,-4250,-8925,0,-40000,40000,0,0,0,0,0,0,-17000,-17000,0,0,0,0,0,0,0,0,0,0,0,-2550,0,0,0,-850,-425,0,0,0,0,580191004632844196,85000,0,0,0,0,0,0,0,0,110,110
580190955053090446,Order,2025/08/30,2025/09/10,VND,69421,115700,115700,130000,-14300,0,0,0,-46279,-5785,-12148,0,-30300,30300,0,0,0,0,0,0,-23140,-23140,0,0,0,0,0,0,0,0,0,0,0,-3471,0,0,0,-1157,-578,0,0,0,0,580190955053090446,115700,0,0,0,0,0,0,0,0,210,210
580190976134120665,Order,2025/08/30,2025/09/10,VND,51000,85000,85000,95000,-10000,0,0,0,-34000,-4250,-8925,0,-35200,35200,0,0,0,0,0,0,-17000,-17000,0,0,0,0,0,0,0,0,0,0,0,-2550,0,0,0,-850,-425,0,0,0,0,580190976134120665,85000,0,0,0,0,0,0,0,0,110,110
580190948182820191,Order,2025/08/30,2025/09/10,VND,56500,95000,95000,95000,0,0,0,0,-38500,-5250,-9975,0,-40000,30000,10000,0,0,0,0,0,-19000,-19000,0,0,0,0,0,0,0,0,0,0,0,-2850,0,0,0,-950,-475,0,0,0,0,580190948182820191,105000,0,0,0,0,0,0,0,0,110,110
580190854954714233,Order,2025/08/30,2025/09/10,VND,51000,85000,85000,95000,-10000,0,0,0,-34000,-4250,-8925,0,-40000,40000,0,0,0,0,0,0,-17000,-17000,0,0,0,0,0,0,0,0,0,0,0,-2550,0,0,0,-850,-425,0,0,0,0,580190854954714233,85000,0,0,0,0,0,0,0,0,110,110
580190787840607797,Order,2025/08/30,2025/09/10,VND,179500,290000,290000,350000,-60000,0,0,0,-110500,-13400,-30450,0,-35100,35100,0,0,0,0,0,0,-53600,-53600,0,0,0,0,0,0,0,0,0,0,0,-8700,0,0,0,-2900,-1450,0,0,0,0,580190787840607797,268000,0,0,0,22000,0,0,0,0,510,510
580190375398049261,Order,2025/08/30,2025/09/10,VND,56500,95000,95000,95000,0,0,0,0,-38500,-5250,-9975,0,-40000,30000,10000,0,0,0,0,0,-19000,-19000,0,0,0,0,0,0,0,0,0,0,0,-2850,0,0,0,-950,-475,0,0,0,0,580190375398049261,105000,0,0,0,0,0,0,0,0,110,110
580190194609194874,Order,2025/08/30,2025/09/10,VND,56500,95000,95000,95000,0,0,0,0,-38500,-5250,-9975,0,-40000,30000,10000,0,0,0,0,0,-19000,-19000,0,0,0,0,0,0,0,0,0,0,0,-2850,0,0,0,-950,-475,0,0,0,0,580190194609194874,105000,0,0,0,0,0,0,0,0,110,110
580190107549861637,Order,2025/08/30,2025/09/10,VND,174000,290000,290000,350000,-60000,0,0,0,-116000,-14500,-30450,0,-47600,47600,0,0,0,0,0,0,-58000,-58000,0,0,0,0,0,0,0,0,0,0,0,-8700,0,0,0,-2900,-1450,0,0,0,0,580190107549861637,290000,0,0,0,0,0,0,0,0,510,510
580190050766980966,Order,2025/08/30,2025/09/10,VND,178350,290000,290000,350000,-60000,0,0,0,-111650,-13630,-30450,0,-47600,47600,0,0,0,0,0,0,-54520,-54520,0,0,0,0,0,0,0,0,0,0,0,-8700,0,0,0,-2900,-1450,0,0,0,0,580190050766980966,272600,0,0,0,17400,0,0,0,0,510,510
580189937666394016,Order,2025/08/30,2025/09/10,VND,69421,115700,115700,130000,-14300,0,0,0,-46279,-5785,-12148,0,-40000,40000,0,0,0,0,0,0,-23140,-23140,0,0,0,0,0,0,0,0,0,0,0,-3471,0,0,0,-1157,-578,0,0,0,0,580189937666394016,115700,0,0,0,0,0,0,0,0,210,210
580189631873124082,Order,2025/08/30,2025/09/10,VND,77500,130000,130000,130000,0,0,0,0,-52500,-7000,-13650,0,-40000,30000,10000,0,0,0,0,0,-26000,-26000,0,0,0,0,0,0,0,0,0,0,0,-3900,0,0,0,-1300,-650,0,0,0,0,580189631873124082,140000,0,0,0,0,0,0,0,0,210,210
580187749431019074,Order,2025/08/30,2025/09/10,VND,219495,350000,350000,350000,0,0,0,0,-130505,-15705,-36750,0,-47600,45000,2600,0,0,0,0,0,-62300,-62300,0,0,0,0,0,0,0,0,0,0,0,-10500,0,0,0,-3500,-1750,0,0,0,0,580187749431019074,314100,0,0,0,38500,0,0,0,0,510,510
580164944341664837,Order,2025/08/28,2025/09/10,VND,51000,85000,85000,95000,-10000,0,0,0,-34000,-4250,-8925,0,-30300,30300,0,0,0,0,0,0,-17000,-17000,0,0,0,0,0,0,0,0,0,0,0,-2550,0,0,0,-850,-425,0,0,0,0,580164944341664837,85000,0,0,0,0,0,0,0,0,110,110
580161147750352888,Order,2025/08/28,2025/09/10,VND,217745,350000,350000,350000,0,0,0,0,-132255,-16055,-36750,0,-47600,45000,2600,0,0,0,0,0,-63700,-63700,0,0,0,0,0,0,0,0,0,0,0,-10500,0,0,0,-3500,-1750,0,0,0,0,580161147750352888,321100,0,0,0,31500,0,0,0,0,510,510
580311616081528068,Order,2025/09/09,2025/09/09,VND,0,0,89300,95000,-5700,-89300,-95000,5700,0,0,0,0,0,0,300,0,-300,0,0,0,0,0,0,0,0,0,0,0,0,0,0,0,0,0,0,0,0,0,0,0,0,0,0,580311616081528068,89600,-89600,0,0,0,0,0,0,0,110,0
580198970142000332,Order,2025/08/31,2025/09/09,VND,281400,350000,350000,350000,0,0,0,0,-68600,-16100,-36750,0,-35100,35100,0,0,0,0,0,0,0,0,0,0,0,0,0,0,0,0,0,0,0,-10500,0,0,0,-3500,-1750,0,0,0,0,580198970142000332,322000,0,0,0,28000,0,0,0,0,510,510
580196713731294589,Order,2025/08/31,2025/09/09,VND,77500,130000,130000,130000,0,0,0,0,-52500,-7000,-13650,0,-40000,30000,10000,0,0,0,0,0,-26000,-26000,0,0,0,0,0,0,0,0,0,0,0,-3900,0,0,0,-1300,-650,0,0,0,0,580196713731294589,140000,0,0,0,0,0,0,0,0,210,210
580191208979989973,Order,2025/08/30,2025/09/09,VND,180525,290000,290000,350000,-60000,0,0,0,-109475,-13195,-30450,0,-35100,35100,0,0,0,0,0,0,-52780,-52780,0,0,0,0,0,0,0,0,0,0,0,-8700,0,0,0,-2900,-1450,0,0,0,0,580191208979989973,263900,0,0,0,26100,0,0,0,0,510,510
580190665806021881,Order,2025/08/30,2025/09/09,VND,179500,290000,290000,350000,-60000,0,0,0,-110500,-13400,-30450,0,-35100,35100,0,0,0,0,0,0,-53600,-53600,0,0,0,0,0,0,0,0,0,0,0,-8700,0,0,0,-2900,-1450,0,0,0,0,580190665806021881,268000,0,0,0,22000,0,0,0,0,510,510
580189613767624059,Order,2025/08/30,2025/09/09,VND,78000,130000,130000,130000,0,0,0,0,-52000,-6500,-13650,0,-30300,30300,0,0,0,0,0,0,-26000,-26000,0,0,0,0,0,0,0,0,0,0,0,-3900,0,0,0,-1300,-650,0,0,0,0,580189613767624059,130000,0,0,0,0,0,0,0,0,210,210
580188906294708223,Order,2025/08/30,2025/09/09,VND,78000,130000,130000,130000,0,0,0,0,-52000,-6500,-13650,0,-30300,30300,0,0,0,0,0,0,-26000,-26000,0,0,0,0,0,0,0,0,0,0,0,-3900,0,0,0,-1300,-650,0,0,0,0,580188906294708223,130000,0,0,0,0,0,0,0,0,210,210
580178680089576815,Order,2025/08/29,2025/09/09,VND,68921,115700,115700,130000,-14300,0,0,0,-46779,-6285,-12148,0,-40000,30000,10000,0,0,0,0,0,-23140,-23140,0,0,0,0,0,0,0,0,0,0,0,-3471,0,0,0,-1157,-578,0,0,0,0,580178680089576815,125700,0,0,0,0,0,0,0,0,210,210
580161361854563616,Order,2025/08/28,2025/09/09,VND,66000,95000,95000,95000,0,0,0,0,-29000,-5250,-9975,0,-40000,30000,10000,0,0,0,0,0,0,0,0,-9500,0,0,0,0,0,0,0,0,0,-2850,0,0,0,-950,-475,0,0,0,0,580161361854563616,105000,0,0,0,0,0,0,0,0,110,110
580129558481766075,Order,2025/08/25,2025/09/09,VND,67906,115700,115700,130000,-14300,0,0,0,-47794,-7300,-12148,0,-30300,0,30300,0,0,0,0,0,-23140,-23140,0,0,0,0,0,0,0,0,0,0,0,-3471,0,0,0,-1157,-578,0,0,0,0,580129558481766075,146000,0,0,0,0,0,0,0,0,210,210
580185998646674812,Order,2025/08/30,2025/09/08,VND,-35200,0,0,0,0,0,0,0,-35200,0,0,-35200,-35200,0,0,0,0,0,0,0,0,0,0,0,0,0,0,0,0,0,0,0,0,0,0,0,0,0,0,0,0,0,0,580185998646674812,0,0,0,0,0,0,0,0,0,500,500
580179169036371172,Order,2025/08/29,2025/09/08,VND,78000,130000,130000,130000,0,0,0,0,-52000,-6500,-13650,0,-30300,30300,0,0,0,0,0,0,-26000,-26000,0,0,0,0,0,0,0,0,0,0,0,-3900,0,0,0,-1300,-650,0,0,0,0,580179169036371172,130000,0,0,0,0,0,0,0,0,210,210
580179005598238002,Order,2025/08/29,2025/09/08,VND,174000,290000,290000,350000,-60000,0,0,0,-116000,-14500,-30450,0,-47600,47600,0,0,0,0,0,0,-58000,-58000,0,0,0,0,0,0,0,0,0,0,0,-8700,0,0,0,-2900,-1450,0,0,0,0,580179005598238002,290000,0,0,0,0,0,0,0,0,510,510
580178723943122364,Order,2025/08/29,2025/09/08,VND,51000,85000,85000,95000,-10000,0,0,0,-34000,-4250,-8925,0,-40000,40000,0,0,0,0,0,0,-17000,-17000,0,0,0,0,0,0,0,0,0,0,0,-2550,0,0,0,-850,-425,0,0,0,0,580178723943122364,85000,0,0,0,0,0,0,0,0,110,110
580178693161845928,Order,2025/08/29,2025/09/08,VND,78000,130000,130000,130000,0,0,0,0,-52000,-6500,-13650,0,-30300,30300,0,0,0,0,0,0,-26000,-26000,0,0,0,0,0,0,0,0,0,0,0,-3900,0,0,0,-1300,-650,0,0,0,0,580178693161845928,130000,0,0,0,0,0,0,0,0,210,210
580178541703038556,Order,2025/08/29,2025/09/08,VND,207350,290000,290000,350000,-60000,0,0,0,-82650,-13050,-30450,0,-47600,47600,0,0,0,0,0,0,0,0,0,-26100,0,0,0,0,0,0,0,0,0,-8700,0,0,0,-2900,-1450,0,0,0,0,580178541703038556,261000,0,0,0,29000,0,0,0,0,510,510
580178414862042163,Order,2025/08/29,2025/09/08,VND,181250,290000,290000,350000,-60000,0,0,0,-108750,-13050,-30450,0,-47600,47600,0,0,0,0,0,0,-52200,-52200,0,0,0,0,0,0,0,0,0,0,0,-8700,0,0,0,-2900,-1450,0,0,0,0,580178414862042163,261000,0,0,0,29000,0,0,0,0,510,510
580177851637663487,Order,2025/08/29,2025/09/08,VND,179800,290000,290000,350000,-60000,0,0,0,-110200,-13340,-30450,0,-35100,35100,0,0,0,0,0,0,-53360,-53360,0,0,0,0,0,0,0,0,0,0,0,-8700,0,0,0,-2900,-1450,0,0,0,0,580177851637663487,266800,0,0,0,23200,0,0,0,0,510,510
580177857169032789,Order,2025/08/29,2025/09/08,VND,180525,290000,290000,350000,-60000,0,0,0,-109475,-13195,-30450,0,-47600,47600,0,0,0,0,0,0,-52780,-52780,0,0,0,0,0,0,0,0,0,0,0,-8700,0,0,0,-2900,-1450,0,0,0,0,580177857169032789,263900,0,0,0,26100,0,0,0,0,510,510
580177757932259052,Order,2025/08/29,2025/09/08,VND,77500,130000,130000,130000,0,0,0,0,-52500,-7000,-13650,0,-40000,30000,10000,0,0,0,0,0,-26000,-26000,0,0,0,0,0,0,0,0,0,0,0,-3900,0,0,0,-1300,-650,0,0,0,0,580177757932259052,140000,0,0,0,0,0,0,0,0,210,210
580177298925389485,Order,2025/08/29,2025/09/08,VND,50250,85000,85000,95000,-10000,0,0,0,-34750,-5000,-8925,0,-40000,25000,15000,0,0,0,0,0,-17000,-17000,0,0,0,0,0,0,0,0,0,0,0,-2550,0,0,0,-850,-425,0,0,0,0,580177298925389485,100000,0,0,0,0,0,0,0,0,110,110
580177246259611489,Order,2025/08/29,2025/09/08,VND,68921,115700,115700,130000,-14300,0,0,0,-46779,-6285,-12148,0,-40000,30000,10000,0,0,0,0,0,-23140,-23140,0,0,0,0,0,0,0,0,0,0,0,-3471,0,0,0,-1157,-578,0,0,0,0,580177246259611489,125700,0,0,0,0,0,0,0,0,210,210
580177060738270538,Order,2025/08/29,2025/09/08,VND,50500,85000,85000,95000,-10000,0,0,0,-34500,-4750,-8925,0,-40000,30000,10000,0,0,0,0,0,-17000,-17000,0,0,0,0,0,0,0,0,0,0,0,-2550,0,0,0,-850,-425,0,0,0,0,580177060738270538,95000,0,0,0,0,0,0,0,0,110,110
580177027678701151,Order,2025/08/29,2025/09/08,VND,142591,231400,231400,260000,-28600,0,0,0,-88809,-10820,-24297,0,-40000,40000,0,0,0,0,0,0,-43280,-43280,0,0,0,0,0,0,0,0,0,0,0,-6942,0,0,0,-2314,-1156,0,0,0,0,580177027678701151,216400,0,0,0,15000,0,0,0,0,430,430
580176573308765971,Order,2025/08/29,2025/09/08,VND,216125,350000,350000,350000,0,0,0,0,-133875,-16275,-36750,0,-47600,47600,0,0,0,0,0,0,-65100,-65100,0,0,0,0,0,0,0,0,0,0,0,-10500,0,0,0,-3500,-1750,0,0,0,0,580176573308765971,325500,0,0,0,24500,0,0,0,0,510,510
580176417989559798,Order,2025/08/29,2025/09/08,VND,55300,95000,95000,95000,0,0,0,0,-39700,-6450,-9975,0,-40000,6000,34000,0,0,0,0,0,-19000,-19000,0,0,0,0,0,0,0,0,0,0,0,-2850,0,0,0,-950,-475,0,0,0,0,580176417989559798,129000,0,0,0,0,0,0,0,0,110,110
580176321504904306,Order,2025/08/29,2025/09/08,VND,78000,130000,130000,130000,0,0,0,0,-52000,-6500,-13650,0,-30300,30300,0,0,0,0,0,0,-26000,-26000,0,0,0,0,0,0,0,0,0,0,0,-3900,0,0,0,-1300,-650,0,0,0,0,580176321504904306,130000,0,0,0,0,0,0,0,0,210,210
580173627325581217,Order,2025/08/29,2025/09/08,VND,242775,390000,390000,390000,0,0,0,0,-147225,-17745,-40950,0,-35100,35100,0,0,0,0,0,0,-70980,-70980,0,0,0,0,0,0,0,0,0,0,0,-11700,0,0,0,-3900,-1950,0,0,0,0,580173627325581217,354900,0,0,0,35100,0,0,0,0,630,630
580171081335342679,Order,2025/08/29,2025/09/08,VND,56500,95000,95000,95000,0,0,0,0,-38500,-5250,-9975,0,-40000,30000,10000,0,0,0,0,0,-19000,-19000,0,0,0,0,0,0,0,0,0,0,0,-2850,0,0,0,-950,-475,0,0,0,0,580171081335342679,105000,0,0,0,0,0,0,0,0,110,110
580166406888916943,Order,2025/08/28,2025/09/08,VND,156000,260000,260000,260000,0,0,0,0,-104000,-13000,-27300,0,-30300,30300,0,0,0,0,0,0,-52000,-52000,0,0,0,0,0,0,0,0,0,0,0,-7800,0,0,0,-2600,-1300,0,0,0,0,580166406888916943,260000,0,0,0,0,0,0,0,0,430,430
580166039370630581,Order,2025/08/28,2025/09/08,VND,68921,115700,115700,130000,-14300,0,0,0,-46779,-6285,-12148,0,-40000,30000,10000,0,0,0,0,0,-23140,-23140,0,0,0,0,0,0,0,0,0,0,0,-3471,0,0,0,-1157,-578,0,0,0,0,580166039370630581,125700,0,0,0,0,0,0,0,0,210,210
580165673261827194,Order,2025/08/28,2025/09/08,VND,179075,290000,290000,350000,-60000,0,0,0,-110925,-13485,-30450,0,-41400,41400,0,0,0,0,0,0,-53940,-53940,0,0,0,0,0,0,0,0,0,0,0,-8700,0,0,0,-2900,-1450,0,0,0,0,580165673261827194,269700,0,0,0,20300,0,0,0,0,510,510
580164922452772808,Order,2025/08/28,2025/09/08,VND,69421,115700,115700,130000,-14300,0,0,0,-46279,-5785,-12148,0,-35200,35200,0,0,0,0,0,0,-23140,-23140,0,0,0,0,0,0,0,0,0,0,0,-3471,0,0,0,-1157,-578,0,0,0,0,580164922452772808,115700,0,0,0,0,0,0,0,0,210,210
580162823854065603,Order,2025/08/28,2025/09/08,VND,-40000,0,0,0,0,0,0,0,-40000,0,0,-40000,-40000,0,0,0,0,0,0,0,0,0,0,0,0,0,0,0,0,0,0,0,0,0,0,0,0,0,0,0,0,0,0,580162823854065603,0,0,0,0,0,0,0,0,0,100,100
580162790157092132,Order,2025/08/28,2025/09/08,VND,-40000,0,0,0,0,0,0,0,-40000,0,0,-40000,-40000,0,0,0,0,0,0,0,0,0,0,0,0,0,0,0,0,0,0,0,0,0,0,0,0,0,0,0,0,0,0,580162790157092132,0,0,0,0,0,0,0,0,0,500,500
580152768548996863,Order,2025/08/27,2025/09/08,VND,177625,290000,290000,350000,-60000,0,0,0,-112375,-13775,-30450,0,-47600,47600,0,0,0,0,0,0,-55100,-55100,0,0,0,0,0,0,0,0,0,0,0,-8700,0,0,0,-2900,-1450,0,0,0,0,580152768548996863,275500,0,0,0,14500,0,0,0,0,510,510
580129377400162182,Order,2025/08/25,2025/09/08,VND,69161,115700,115700,130000,-14300,0,0,0,-46539,-6045,-12148,0,-35200,30000,5200,0,0,0,0,0,-23140,-23140,0,0,0,0,0,0,0,0,0,0,0,-3471,0,0,0,-1157,-578,0,0,0,0,580129377400162182,120900,0,0,0,0,0,0,0,0,210,210
580102949535188743,Order,2025/08/23,2025/09/08,VND,206915,290000,290000,350000,-60000,0,0,0,-83085,-13195,-30450,0,-35100,35100,0,0,0,0,0,0,0,0,0,-26390,0,0,0,0,0,0,0,0,0,-8700,0,0,0,-2900,-1450,0,0,0,0,580102949535188743,263900,0,0,0,26100,0,0,0,0,510,510
580172904605451845,Order,2025/08/29,2025/09/07,VND,435000,700000,700000,700000,0,0,0,0,-265000,-32000,-73500,0,-55400,55400,0,0,0,0,0,0,-128000,-128000,0,0,0,0,0,0,0,0,0,0,0,-21000,0,0,0,-7000,-3500,0,0,0,0,580172904605451845,640000,0,0,0,60000,0,0,0,0,1030,1030
580168632109401158,Order,2025/08/29,2025/09/07,VND,57000,95000,95000,95000,0,0,0,0,-38000,-4750,-9975,0,-35200,35200,0,0,0,0,0,0,-19000,-19000,0,0,0,0,0,0,0,0,0,0,0,-2850,0,0,0,-950,-475,0,0,0,0,580168632109401158,95000,0,0,0,0,0,0,0,0,110,110
580165834546906669,Order,2025/08/28,2025/09/07,VND,51000,85000,85000,95000,-10000,0,0,0,-34000,-4250,-8925,0,-30300,30300,0,0,0,0,0,0,-17000,-17000,0,0,0,0,0,0,0,0,0,0,0,-2550,0,0,0,-850,-425,0,0,0,0,580165834546906669,85000,0,0,0,0,0,0,0,0,110,110
580165342481122837,Order,2025/08/28,2025/09/07,VND,49300,85000,85000,95000,-10000,0,0,0,-35700,-5950,-8925,0,-40000,6000,34000,0,0,0,0,0,-17000,-17000,0,0,0,0,0,0,0,0,0,0,0,-2550,0,0,0,-850,-425,0,0,0,0,580165342481122837,119000,0,0,0,0,0,0,0,0,110,110
580161856935331123,Order,2025/08/28,2025/09/07,VND,104000,130000,130000,130000,0,0,0,0,-26000,-6500,-13650,0,-30300,30300,0,0,0,0,0,0,0,0,0,0,0,0,0,0,0,0,0,0,0,-3900,0,0,0,-1300,-650,0,0,0,0,580161856935331123,130000,0,0,0,0,0,0,0,0,210,210
580157899241588573,Order,2025/08/28,2025/09/07,VND,-40000,0,0,0,0,0,0,0,-40000,0,0,-40000,-40000,0,0,0,0,0,0,0,0,0,0,0,0,0,0,0,0,0,0,0,0,0,0,0,0,0,0,0,0,0,0,580157899241588573,0,0,0,0,0,0,0,0,0,100,100
580157873874109610,Order,2025/08/28,2025/09/07,VND,78000,130000,130000,130000,0,0,0,0,-52000,-6500,-13650,0,-40000,40000,0,0,0,0,0,0,-26000,-26000,0,0,0,0,0,0,0,0,0,0,0,-3900,0,0,0,-1300,-650,0,0,0,0,580157873874109610,130000,0,0,0,0,0,0,0,0,210,210
580156758454535358,Order,2025/08/28,2025/09/07,VND,78000,130000,130000,130000,0,0,0,0,-52000,-6500,-13650,0,-30300,30300,0,0,0,0,0,0,-26000,-26000,0,0,0,0,0,0,0,0,0,0,0,-3900,0,0,0,-1300,-650,0,0,0,0,580156758454535358,130000,0,0,0,0,0,0,0,0,210,210
580154421944878338,Order,2025/08/27,2025/09/07,VND,78171,115700,115700,130000,-14300,0,0,0,-37529,-4035,-12148,0,-35200,35200,0,0,0,0,0,0,-16140,-16140,0,0,0,0,0,0,0,0,0,0,0,-3471,0,0,0,-1157,-578,0,0,0,0,580154421944878338,80700,0,0,0,35000,0,0,0,0,210,210
580152826402276973,Order,2025/08/27,2025/09/07,VND,179075,290000,290000,350000,-60000,0,0,0,-110925,-13485,-30450,0,-35100,35100,0,0,0,0,0,0,-53940,-53940,0,0,0,0,0,0,0,0,0,0,0,-8700,0,0,0,-2900,-1450,0,0,0,0,580152826402276973,269700,0,0,0,20300,0,0,0,0,510,510
580152380092810583,Order,2025/08/27,2025/09/07,VND,50500,85000,85000,95000,-10000,0,0,0,-34500,-4750,-8925,0,-40000,30000,10000,0,0,0,0,0,-17000,-17000,0,0,0,0,0,0,0,0,0,0,0,-2550,0,0,0,-850,-425,0,0,0,0,580152380092810583,95000,0,0,0,0,0,0,0,0,110,110
580115071704990858,Order,2025/08/24,2025/09/07,VND,51000,85000,85000,95000,-10000,0,0,0,-34000,-4250,-8925,0,-40000,40000,0,0,0,0,0,0,-17000,-17000,0,0,0,0,0,0,0,0,0,0,0,-2550,0,0,0,-850,-425,0,0,0,0,580115071704990858,85000,0,0,0,0,0,0,0,0,110,110
580160762950681815,Order,2025/08/28,2025/09/06,VND,78000,130000,130000,130000,0,0,0,0,-52000,-6500,-13650,0,-30300,30300,0,0,0,0,0,0,-26000,-26000,0,0,0,0,0,0,0,0,0,0,0,-3900,0,0,0,-1300,-650,0,0,0,0,580160762950681815,130000,0,0,0,0,0,0,0,0,210,210
580158829597787786,Order,2025/08/28,2025/09/06,VND,80925,130000,130000,130000,0,0,0,0,-49075,-5915,-13650,0,-35200,35200,0,0,0,0,0,0,-23660,-23660,0,0,0,0,0,0,0,0,0,0,0,-3900,0,0,0,-1300,-650,0,0,0,0,580158829597787786,118300,0,0,0,11700,0,0,0,0,210,210
580153031053706340,Order,2025/08/27,2025/09/06,VND,69406,115700,115700,130000,-14300,0,0,0,-46294,-5800,-12148,0,-30300,30000,300,0,0,0,0,0,-23140,-23140,0,0,0,0,0,0,0,0,0,0,0,-3471,0,0,0,-1157,-578,0,0,0,0,580153031053706340,116000,0,0,0,0,0,0,0,0,210,210
580152406990751396,Order,2025/08/27,2025/09/06,VND,56500,95000,95000,95000,0,0,0,0,-38500,-5250,-9975,0,-40000,30000,10000,0,0,0,0,0,-19000,-19000,0,0,0,0,0,0,0,0,0,0,0,-2850,0,0,0,-950,-475,0,0,0,0,580152406990751396,105000,0,0,0,0,0,0,0,0,110,110
580147649075971108,Order,2025/08/27,2025/09/06,VND,114000,190000,190000,190000,0,0,0,0,-76000,-9500,-19950,0,-40000,40000,0,0,0,0,0,0,-38000,-38000,0,0,0,0,0,0,0,0,0,0,0,-5700,0,0,0,-1900,-950,0,0,0,0,580147649075971108,190000,0,0,0,0,0,0,0,0,230,230
580140959638258972,Order,2025/08/26,2025/09/06,VND,68921,115700,115700,130000,-14300,0,0,0,-46779,-6285,-12148,0,-40000,30000,10000,0,0,0,0,0,-23140,-23140,0,0,0,0,0,0,0,0,0,0,0,-3471,0,0,0,-1157,-578,0,0,0,0,580140959638258972,125700,0,0,0,0,0,0,0,0,210,210
580140918043673651,Order,2025/08/26,2025/09/06,VND,181500,290000,290000,350000,-60000,0,0,0,-108500,-13000,-30450,0,-40000,40000,0,0,0,0,0,0,-52000,-52000,0,0,0,0,0,0,0,0,0,0,0,-8700,0,0,0,-2900,-1450,0,0,0,0,580140918043673651,260000,0,0,0,30000,0,0,0,0,500,500
580136059435714144,Order,2025/08/26,2025/09/06,VND,77500,130000,130000,130000,0,0,0,0,-52500,-7000,-13650,0,-40000,30000,10000,0,0,0,0,0,-26000,-26000,0,0,0,0,0,0,0,0,0,0,0,-3900,0,0,0,-1300,-650,0,0,0,0,580136059435714144,140000,0,0,0,0,0,0,0,0,210,210
580128596526531736,Order,2025/08/25,2025/09/06,VND,161481,231400,231400,260000,-28600,0,0,0,-69919,-12070,-24297,0,-40000,30000,10000,0,0,0,0,0,0,0,0,-23140,0,0,0,0,0,0,0,0,0,-6942,0,0,0,-2314,-1156,0,0,0,0,580128596526531736,241400,0,0,0,0,0,0,0,0,430,430
580128589800768670,Order,2025/08/25,2025/09/06,VND,68906,115700,115700,130000,-14300,0,0,0,-46794,-6300,-12148,0,-30300,20000,10300,0,0,0,0,0,-23140,-23140,0,0,0,0,0,0,0,0,0,0,0,-3471,0,0,0,-1157,-578,0,0,0,0,580128589800768670,126000,0,0,0,0,0,0,0,0,210,210
580124238718862906,Order,2025/08/25,2025/09/06,VND,172258,240578,240578,260000,-19422,0,0,0,-68320,-10744,-25261,0,-26200,26200,0,0,0,0,0,0,0,0,0,-21490,0,0,0,0,0,0,0,0,0,-7217,0,0,0,-2406,-1202,0,0,0,0,580124238718862906,214890,0,-6422,0,25688,0,25688,0,0,430,430
580121297175610858,Order,2025/08/25,2025/09/06,VND,86434,123500,123500,130000,-6500,0,0,0,-37066,-6190,-12968,0,-30300,30000,300,0,0,0,0,0,0,0,0,-12350,0,0,0,0,0,0,0,0,0,-3705,0,0,0,-1235,-618,0,0,0,0,580121297175610858,123800,0,0,0,0,0,0,0,0,210,210
580103139793536990,Order,2025/08/23,2025/09/06,VND,91000,130000,130000,130000,0,0,0,0,-39000,-6500,-13650,0,-26200,26200,0,0,0,0,0,0,0,0,0,-13000,0,0,0,0,0,0,0,0,0,-3900,0,0,0,-1300,-650,0,0,0,0,580103139793536990,130000,0,0,0,0,0,0,0,0,210,210
580102811597899400,Order,2025/08/23,2025/09/06,VND,206915,290000,290000,350000,-60000,0,0,0,-83085,-13195,-30450,0,-35100,35100,0,0,0,0,0,0,0,0,0,-26390,0,0,0,0,0,0,0,0,0,-8700,0,0,0,-2900,-1450,0,0,0,0,580102811597899400,263900,0,0,0,26100,0,0,0,0,510,510
580147092342342847,Order,2025/08/27,2025/09/05,VND,56500,95000,95000,95000,0,0,0,0,-38500,-5250,-9975,0,-40000,30000,10000,0,0,0,0,0,-19000,-19000,0,0,0,0,0,0,0,0,0,0,0,-2850,0,0,0,-950,-475,0,0,0,0,580147092342342847,105000,0,0,0,0,0,0,0,0,110,110
580146365553412051,Order,2025/08/27,2025/09/05,VND,77500,130000,130000,130000,0,0,0,0,-52500,-7000,-13650,0,-40000,30000,10000,0,0,0,0,0,-26000,-26000,0,0,0,0,0,0,0,0,0,0,0,-3900,0,0,0,-1300,-650,0,0,0,0,580146365553412051,140000,0,0,0,0,0,0,0,0,210,210
580140853596161072,Order,2025/08/26,2025/09/05,VND,50740,85000,85000,95000,-10000,0,0,0,-34260,-4510,-8925,0,-35200,30000,5200,0,0,0,0,0,-17000,-17000,0,0,0,0,0,0,0,0,0,0,0,-2550,0,0,0,-850,-425,0,0,0,0,580140853596161072,90200,0,0,0,0,0,0,0,0,110,110
580140175896184825,Order,2025/08/26,2025/09/05,VND,59000,85000,85000,95000,-10000,0,0,0,-26000,-4750,-8925,0,-40000,30000,10000,0,0,0,0,0,0,0,0,-8500,0,0,0,0,0,0,0,0,0,-2550,0,0,0,-850,-425,0,0,0,0,580140175896184825,95000,0,0,0,0,0,0,0,0,110,110
580140119661118706,Order,2025/08/26,2025/09/05,VND,176500,290000,290000,350000,-60000,0,0,0,-113500,-14000,-30450,0,-47600,47600,0,0,0,0,0,0,-56000,-56000,0,0,0,0,0,0,0,0,0,0,0,-8700,0,0,0,-2900,-1450,0,0,0,0,580140119661118706,280000,0,0,0,10000,0,0,0,0,510,510
580138754507638550,Order,2025/08/26,2025/09/05,VND,80000,130000,130000,130000,0,0,0,0,-50000,-6500,-13650,0,-40000,30000,10000,0,0,0,0,0,-24000,-24000,0,0,0,0,0,0,0,0,0,0,0,-3900,0,0,0,-1300,-650,0,0,0,0,580138754507638550,130000,0,0,0,10000,0,0,0,0,210,210
580136951493919891,Order,2025/08/26,2025/09/05,VND,56985,95000,95000,95000,0,0,0,0,-38015,-4765,-9975,0,-30300,30000,300,0,0,0,0,0,-19000,-19000,0,0,0,0,0,0,0,0,0,0,0,-2850,0,0,0,-950,-475,0,0,0,0,580136951493919891,95300,0,0,0,0,0,0,0,0,110,110
580128702562207287,Order,2025/08/25,2025/09/05,VND,53151,90250,90250,95000,-4750,0,0,0,-37099,-5512,-9476,0,-40000,20000,20000,0,0,0,0,0,-18050,-18050,0,0,0,0,0,0,0,0,0,0,0,-2708,0,0,0,-902,-451,0,0,0,0,580128702562207287,110250,0,0,0,0,0,0,0,0,110,110
580128167996851231,Order,2025/08/25,2025/09/05,VND,179800,290000,290000,350000,-60000,0,0,0,-110200,-13340,-30450,0,-35100,35100,0,0,0,0,0,0,-53360,-53360,0,0,0,0,0,0,0,0,0,0,0,-8700,0,0,0,-2900,-1450,0,0,0,0,580128167996851231,266800,0,0,0,23200,0,0,0,0,510,510
580127633186064145,Order,2025/08/25,2025/09/05,VND,69406,115700,115700,130000,-14300,0,0,0,-46294,-5800,-12148,0,-30300,30000,300,0,0,0,0,0,-23140,-23140,0,0,0,0,0,0,0,0,0,0,0,-3471,0,0,0,-1157,-578,0,0,0,0,580127633186064145,116000,0,0,0,0,0,0,0,0,210,210
580127474910856512,Order,2025/08/25,2025/09/05,VND,180525,290000,290000,350000,-60000,0,0,0,-109475,-13195,-30450,0,-41400,41400,0,0,0,0,0,0,-52780,-52780,0,0,0,0,0,0,0,0,0,0,0,-8700,0,0,0,-2900,-1450,0,0,0,0,580127474910856512,263900,0,0,0,26100,0,0,0,0,510,510
580126215326697049,Order,2025/08/25,2025/09/05,VND,54151,90250,90250,95000,-4750,0,0,0,-36099,-4512,-9476,0,-40000,40000,0,0,0,0,0,0,-18050,-18050,0,0,0,0,0,0,0,0,0,0,0,-2708,0,0,0,-902,-451,0,0,0,0,580126215326697049,90250,0,0,0,0,0,0,0,0,110,110
580124619198990048,Order,2025/08/25,2025/09/05,VND,270754,451250,451250,475000,-23750,0,0,0,-180496,-22562,-47381,0,-35100,35100,0,0,0,0,0,0,-90250,-90250,0,0,0,0,0,0,0,0,0,0,0,-13538,0,0,0,-4510,-2255,0,0,0,0,580124619198990048,451250,0,0,0,0,0,0,0,0,530,530
580124447932712686,Order,2025/08/25,2025/09/05,VND,51000,85000,85000,95000,-10000,0,0,0,-34000,-4250,-8925,0,-40000,40000,0,0,0,0,0,0,-17000,-17000,0,0,0,0,0,0,0,0,0,0,0,-2550,0,0,0,-850,-425,0,0,0,0,580124447932712686,85000,0,0,0,0,0,0,0,0,110,110
580123455991154358,Order,2025/08/25,2025/09/05,VND,401399,659000,659000,700000,-41000,0,0,0,-257601,-31750,-69195,0,-39400,39400,0,0,0,0,0,0,-127000,-127000,0,0,0,0,0,0,0,0,0,0,0,-19770,0,0,0,-6590,-3296,0,0,0,0,580123455991154358,635000,0,-6000,0,24000,0,24000,0,0,1030,1030
580116184552474512,Order,2025/08/24,2025/09/05,VND,80476,115700,115700,130000,-14300,0,0,0,-35224,-6300,-12148,0,-30300,20000,10300,0,0,0,0,0,0,0,0,-11570,0,0,0,0,0,0,0,0,0,-3471,0,0,0,-1157,-578,0,0,0,0,580116184552474512,126000,0,0,0,0,0,0,0,0,210,210
580103307677173756,Order,2025/08/23,2025/09/05,VND,90485,130000,130000,130000,0,0,0,0,-39515,-7015,-13650,0,-30300,20000,10300,0,0,0,0,0,0,0,0,-13000,0,0,0,0,0,0,0,0,0,-3900,0,0,0,-1300,-650,0,0,0,0,580103307677173756,140300,0,0,0,0,0,0,0,0,210,210
580093778601346368,Order,2025/08/23,2025/09/05,VND,218750,350000,350000,350000,0,0,0,0,-131250,-15750,-36750,0,-47600,47600,0,0,0,0,0,0,-63000,-63000,0,0,0,0,0,0,0,0,0,0,0,-10500,0,0,0,-3500,-1750,0,0,0,0,580093778601346368,315000,0,0,0,35000,0,0,0,0,510,510
580216362197157580,Order,2025/09/01,2025/09/04,VND,0,0,290000,350000,-60000,-290000,-350000,60000,0,0,0,0,0,0,0,0,0,0,0,0,0,0,0,0,0,0,0,0,0,0,0,0,0,0,0,0,0,0,0,0,0,0,0,580216362197157580,255200,-255200,0,0,34800,-34800,0,0,0,510,0
580138143718475750,Order,2025/08/26,2025/09/04,VND,210000,350000,350000,350000,0,0,0,0,-140000,-17500,-36750,0,-35100,35100,0,0,0,0,0,0,-70000,-70000,0,0,0,0,0,0,0,0,0,0,0,-10500,0,0,0,-3500,-1750,0,0,0,0,580138143718475750,350000,0,0,0,0,0,0,0,0,510,510
580135800683070539,Order,2025/08/26,2025/09/04,VND,66240,95000,95000,95000,0,0,0,0,-28760,-5010,-9975,0,-35200,30000,5200,0,0,0,0,0,0,0,0,-9500,0,0,0,0,0,0,0,0,0,-2850,0,0,0,-950,-475,0,0,0,0,580135800683070539,100200,0,0,0,0,0,0,0,0,110,110
580135500254185275,Order,2025/08/26,2025/09/04,VND,77500,130000,130000,130000,0,0,0,0,-52500,-7000,-13650,0,-40000,30000,10000,0,0,0,0,0,-26000,-26000,0,0,0,0,0,0,0,0,0,0,0,-3900,0,0,0,-1300,-650,0,0,0,0,580135500254185275,140000,0,0,0,0,0,0,0,0,210,210
580129023631656947,Order,2025/08/25,2025/09/04,VND,255000,425000,425000,475000,-50000,0,0,0,-170000,-21250,-44625,0,-47600,47600,0,0,0,0,0,0,-85000,-85000,0,0,0,0,0,0,0,0,0,0,0,-12750,0,0,0,-4250,-2125,0,0,0,0,580129023631656947,425000,0,0,0,0,0,0,0,0,530,530
580128367818278798,Order,2025/08/25,2025/09/04,VND,356700,580000,580000,700000,-120000,0,0,0,-223300,-27260,-60900,0,-39400,39400,0,0,0,0,0,0,-109040,-109040,0,0,0,0,0,0,0,0,0,0,0,-17400,0,0,0,-5800,-2900,0,0,0,0,580128367818278798,545200,0,0,0,34800,0,0,0,0,1030,1030
580128097741079937,Order,2025/08/25,2025/09/04,VND,174000,290000,290000,350000,-60000,0,0,0,-116000,-14500,-30450,0,-35100,35100,0,0,0,0,0,0,-58000,-58000,0,0,0,0,0,0,0,0,0,0,0,-8700,0,0,0,-2900,-1450,0,0,0,0,580128097741079937,290000,0,0,0,0,0,0,0,0,510,510
580127606118057375,Order,2025/08/25,2025/09/04,VND,180525,290000,290000,350000,-60000,0,0,0,-109475,-13195,-30450,0,-47600,47600,0,0,0,0,0,0,-52780,-52780,0,0,0,0,0,0,0,0,0,0,0,-8700,0,0,0,-2900,-1450,0,0,0,0,580127606118057375,263900,0,0,0,26100,0,0,0,0,510,510
580127281190765638,Order,2025/08/25,2025/09/04,VND,69406,115700,115700,130000,-14300,0,0,0,-46294,-5800,-12148,0,-30300,30000,300,0,0,0,0,0,-23140,-23140,0,0,0,0,0,0,0,0,0,0,0,-3471,0,0,0,-1157,-578,0,0,0,0,580127281190765638,116000,0,0,0,0,0,0,0,0,210,210
580126520195975062,Order,2025/08/25,2025/09/04,VND,56500,95000,95000,95000,0,0,0,0,-38500,-5250,-9975,0,-40000,30000,10000,0,0,0,0,0,-19000,-19000,0,0,0,0,0,0,0,0,0,0,0,-2850,0,0,0,-950,-475,0,0,0,0,580126520195975062,105000,0,0,0,0,0,0,0,0,110,110
580125129224717520,Order,2025/08/25,2025/09/04,VND,68921,115700,115700,130000,-14300,0,0,0,-46779,-6285,-12148,0,-40000,30000,10000,0,0,0,0,0,-23140,-23140,0,0,0,0,0,0,0,0,0,0,0,-3471,0,0,0,-1157,-578,0,0,0,0,580125129224717520,125700,0,0,0,0,0,0,0,0,210,210
580123382337800125,Order,2025/08/25,2025/09/04,VND,217172,361950,361950,381000,-19050,0,0,0,-144778,-18098,-38005,0,-47600,47600,0,0,0,0,0,0,-72390,-72390,0,0,0,0,0,0,0,0,0,0,0,-10858,0,0,0,-3618,-1809,0,0,0,0,580123382337800125,361950,0,0,0,0,0,0,0,0,900,900
580123191211165622,Order,2025/08/25,2025/09/04,VND,51000,85000,85000,95000,-10000,0,0,0,-34000,-4250,-8925,0,-40000,40000,0,0,0,0,0,0,-17000,-17000,0,0,0,0,0,0,0,0,0,0,0,-2550,0,0,0,-850,-425,0,0,0,0,580123191211165622,85000,0,0,0,0,0,0,0,0,110,110
580122442260842170,Order,2025/08/25,2025/09/04,VND,74099,123500,123500,130000,-6500,0,0,0,-49401,-6175,-12968,0,-40000,40000,0,0,0,0,0,0,-24700,-24700,0,0,0,0,0,0,0,0,0,0,0,-3705,0,0,0,-1235,-618,0,0,0,0,580122442260842170,123500,0,0,0,0,0,0,0,0,210,210
580121936660104211,Order,2025/08/25,2025/09/04,VND,199501,332500,332500,350000,-17500,0,0,0,-132999,-16625,-34912,0,-47600,47600,0,0,0,0,0,0,-66500,-66500,0,0,0,0,0,0,0,0,0,0,0,-9975,0,0,0,-3325,-1662,0,0,0,0,580121936660104211,332500,0,0,0,0,0,0,0,0,510,510
580120804525049548,Order,2025/08/25,2025/09/04,VND,-35200,0,0,0,0,0,0,0,-35200,0,0,-35200,-35200,0,0,0,0,0,0,0,0,0,0,0,0,0,0,0,0,0,0,0,0,0,0,0,0,0,0,0,0,0,0,580120804525049548,0,0,0,0,0,0,0,0,0,500,500
580117033541797303,Order,2025/08/24,2025/09/04,VND,69421,115700,115700,130000,-14300,0,0,0,-46279,-5785,-12148,0,-30300,30300,0,0,0,0,0,0,-23140,-23140,0,0,0,0,0,0,0,0,0,0,0,-3471,0,0,0,-1157,-578,0,0,0,0,580117033541797303,115700,0,0,0,0,0,0,0,0,210,210
580116477516350651,Order,2025/08/24,2025/09/04,VND,90000,130000,130000,130000,0,0,0,0,-40000,-7500,-13650,0,-40000,20000,20000,0,0,0,0,0,0,0,0,-13000,0,0,0,0,0,0,0,0,0,-3900,0,0,0,-1300,-650,0,0,0,0,580116477516350651,150000,0,0,0,0,0,0,0,0,210,210
580116147911689685,Order,2025/08/24,2025/09/04,VND,174000,290000,290000,350000,-60000,0,0,0,-116000,-14500,-30450,0,-47600,47600,0,0,0,0,0,0,-58000,-58000,0,0,0,0,0,0,0,0,0,0,0,-8700,0,0,0,-2900,-1450,0,0,0,0,580116147911689685,290000,0,0,0,0,0,0,0,0,510,510
580116001204831612,Order,2025/08/24,2025/09/04,VND,232751,332500,332500,350000,-17500,0,0,0,-99749,-16625,-34912,0,-47600,47600,0,0,0,0,0,0,0,0,0,-33250,0,0,0,0,0,0,0,0,0,-9975,0,0,0,-3325,-1662,0,0,0,0,580116001204831612,332500,0,0,0,0,0,0,0,0,510,510
580115818425058611,Order,2025/08/24,2025/09/04,VND,86449,123500,123500,130000,-6500,0,0,0,-37051,-6175,-12968,0,-40000,40000,0,0,0,0,0,0,0,0,0,-12350,0,0,0,0,0,0,0,0,0,-3705,0,0,0,-1235,-618,0,0,0,0,580115818425058611,123500,0,0,0,0,0,0,0,0,210,210
580115666578343093,Order,2025/08/24,2025/09/04,VND,62660,90250,90250,95000,-4750,0,0,0,-27590,-5028,-9476,0,-30300,20000,10300,0,0,0,0,0,0,0,0,-9025,0,0,0,0,0,0,0,0,0,-2708,0,0,0,-902,-451,0,0,0,0,580115666578343093,100550,0,0,0,0,0,0,0,0,110,110
580115496714667142,Order,2025/08/24,2025/09/04,VND,79991,115700,115700,130000,-14300,0,0,0,-35709,-6785,-12148,0,-40000,20000,20000,0,0,0,0,0,0,0,0,-11570,0,0,0,0,0,0,0,0,0,-3471,0,0,0,-1157,-578,0,0,0,0,580115496714667142,135700,0,0,0,0,0,0,0,0,210,210
580115511672932347,Order,2025/08/24,2025/09/04,VND,62426,90250,90250,95000,-4750,0,0,0,-27824,-5262,-9476,0,-40000,25000,15000,0,0,0,0,0,0,0,0,-9025,0,0,0,0,0,0,0,0,0,-2708,0,0,0,-902,-451,0,0,0,0,580115511672932347,105250,0,0,0,0,0,0,0,0,110,110
580114880473892126,Order,2025/08/24,2025/09/04,VND,50500,85000,85000,95000,-10000,0,0,0,-34500,-4750,-8925,0,-40000,30000,10000,0,0,0,0,0,-17000,-17000,0,0,0,0,0,0,0,0,0,0,0,-2550,0,0,0,-850,-425,0,0,0,0,580114880473892126,95000,0,0,0,0,0,0,0,0,110,110
580114406507841116,Order,2025/08/24,2025/09/04,VND,53651,90250,90250,95000,-4750,0,0,0,-36599,-5012,-9476,0,-40000,30000,10000,0,0,0,0,0,-18050,-18050,0,0,0,0,0,0,0,0,0,0,0,-2708,0,0,0,-902,-451,0,0,0,0,580114406507841116,100250,0,0,0,0,0,0,0,0,110,110
580113974082111148,Order,2025/08/24,2025/09/04,VND,-40000,0,0,0,0,0,0,0,-40000,0,0,-40000,-40000,0,0,0,0,0,0,0,0,0,0,0,0,0,0,0,0,0,0,0,0,0,0,0,0,0,0,0,0,0,0,580113974082111148,0,0,0,0,0,0,0,0,0,200,200
580107368116356347,Order,2025/08/24,2025/09/04,VND,85949,123500,123500,130000,-6500,0,0,0,-37551,-6675,-12968,0,-40000,30000,10000,0,0,0,0,0,0,0,0,-12350,0,0,0,0,0,0,0,0,0,-3705,0,0,0,-1235,-618,0,0,0,0,580107368116356347,133500,0,0,0,0,0,0,0,0,210,210
580106760841365005,Order,2025/08/24,2025/09/04,VND,54518,90250,90250,95000,-4750,0,0,0,-35732,-5047,-9476,0,-35200,20000,15200,0,0,0,0,0,-17148,-17148,0,0,0,0,0,0,0,0,0,0,0,-2708,0,0,0,-902,-451,0,0,0,0,580106760841365005,100938,0,0,0,4512,0,0,0,0,110,110
580104700336178338,Order,2025/08/23,2025/09/04,VND,65500,95000,95000,95000,0,0,0,0,-29500,-5750,-9975,0,-40000,20000,20000,0,0,0,0,0,0,0,0,-9500,0,0,0,0,0,0,0,0,0,-2850,0,0,0,-950,-475,0,0,0,0,580104700336178338,115000,0,0,0,0,0,0,0,0,110,110
580104363625711552,Order,2025/08/23,2025/09/04,VND,51000,85000,85000,95000,-10000,0,0,0,-34000,-4250,-8925,0,-40000,40000,0,0,0,0,0,0,-17000,-17000,0,0,0,0,0,0,0,0,0,0,0,-2550,0,0,0,-850,-425,0,0,0,0,580104363625711552,85000,0,0,0,0,0,0,0,0,110,110
580103896592450728,Order,2025/08/23,2025/09/04,VND,66000,95000,95000,95000,0,0,0,0,-29000,-5250,-9975,0,-40000,30000,10000,0,0,0,0,0,0,0,0,-9500,0,0,0,0,0,0,0,0,0,-2850,0,0,0,-950,-475,0,0,0,0,580103896592450728,105000,0,0,0,0,0,0,0,0,110,110
580103573631567558,Order,2025/08/23,2025/09/04,VND,69421,115700,115700,130000,-14300,0,0,0,-46279,-5785,-12148,0,-40000,40000,0,0,0,0,0,0,-23140,-23140,0,0,0,0,0,0,0,0,0,0,0,-3471,0,0,0,-1157,-578,0,0,0,0,580103573631567558,115700,0,0,0,0,0,0,0,0,210,210
580103503769666739,Order,2025/08/23,2025/09/04,VND,66000,95000,95000,95000,0,0,0,0,-29000,-5250,-9975,0,-40000,30000,10000,0,0,0,0,0,0,0,0,-9500,0,0,0,0,0,0,0,0,0,-2850,0,0,0,-950,-475,0,0,0,0,580103503769666739,105000,0,0,0,0,0,0,0,0,110,110
580103399035602153,Order,2025/08/23,2025/09/04,VND,90740,130000,130000,130000,0,0,0,0,-39260,-6760,-13650,0,-35200,30000,5200,0,0,0,0,0,0,0,0,-13000,0,0,0,0,0,0,0,0,0,-3900,0,0,0,-1300,-650,0,0,0,0,580103399035602153,135200,0,0,0,0,0,0,0,0,210,210
580103399263732813,Order,2025/08/23,2025/09/04,VND,66240,95000,95000,95000,0,0,0,0,-28760,-5010,-9975,0,-35200,30000,5200,0,0,0,0,0,0,0,0,-9500,0,0,0,0,0,0,0,0,0,-2850,0,0,0,-950,-475,0,0,0,0,580103399263732813,100200,0,0,0,0,0,0,0,0,110,110
580103079970899924,Order,2025/08/23,2025/09/04,VND,51000,85000,85000,95000,-10000,0,0,0,-34000,-4250,-8925,0,-35200,35200,0,0,0,0,0,0,-17000,-17000,0,0,0,0,0,0,0,0,0,0,0,-2550,0,0,0,-850,-425,0,0,0,0,580103079970899924,85000,0,0,0,0,0,0,0,0,110,110
580103048555235094,Order,2025/08/23,2025/09/04,VND,177625,290000,290000,350000,-60000,0,0,0,-112375,-13775,-30450,0,-47600,47600,0,0,0,0,0,0,-55100,-55100,0,0,0,0,0,0,0,0,0,0,0,-8700,0,0,0,-2900,-1450,0,0,0,0,580103048555235094,275500,0,0,0,14500,0,0,0,0,510,510
580102813980788422,Order,2025/08/23,2025/09/04,VND,113985,190000,190000,190000,0,0,0,0,-76015,-9515,-19950,0,-30300,30000,300,0,0,0,0,0,-38000,-38000,0,0,0,0,0,0,0,0,0,0,0,-5700,0,0,0,-1900,-950,0,0,0,0,580102813980788422,190300,0,0,0,0,0,0,0,0,230,230
580102646931556111,Order,2025/08/23,2025/09/04,VND,77500,130000,130000,130000,0,0,0,0,-52500,-7000,-13650,0,-40000,30000,10000,0,0,0,0,0,-26000,-26000,0,0,0,0,0,0,0,0,0,0,0,-3900,0,0,0,-1300,-650,0,0,0,0,580102646931556111,140000,0,0,0,0,0,0,0,0,210,210
580229535058265480,Order,2025/09/02,2025/09/03,VND,0,0,130000,130000,0,-130000,-130000,0,0,0,0,0,0,0,0,0,0,0,0,0,0,0,0,0,0,0,0,0,0,0,0,0,0,0,0,0,0,0,0,0,0,0,0,580229535058265480,130000,-130000,0,0,0,0,0,0,0,210,0
580116513880376372,Order,2025/08/24,2025/09/03,VND,62916,90250,90250,95000,-4750,0,0,0,-27334,-4772,-9476,0,-35200,30000,5200,0,0,0,0,0,0,0,0,-9025,0,0,0,0,0,0,0,0,0,-2708,0,0,0,-902,-451,0,0,0,0,580116513880376372,95450,0,0,0,0,0,0,0,0,110,110
580116509031696178,Order,2025/08/24,2025/09/03,VND,232151,326500,326500,350000,-23500,0,0,0,-94349,-15125,-34282,0,-47600,47600,0,0,0,0,0,0,0,0,0,-30250,0,0,0,0,0,0,0,0,0,-9795,0,0,0,-3265,-1632,0,0,0,0,580116509031696178,302500,0,-6000,0,24000,0,24000,0,0,510,510
580116014612776613,Order,2025/08/24,2025/09/03,VND,174000,290000,290000,350000,-60000,0,0,0,-116000,-14500,-30450,0,-41400,41400,0,0,0,0,0,0,-58000,-58000,0,0,0,0,0,0,0,0,0,0,0,-8700,0,0,0,-2900,-1450,0,0,0,0,580116014612776613,290000,0,0,0,0,0,0,0,0,510,510
580116013536085236,Order,2025/08/24,2025/09/03,VND,81858,115700,115700,130000,-14300,0,0,0,-33842,-5496,-12148,0,-40000,40000,0,0,0,0,0,0,0,0,0,-10992,0,0,0,0,0,0,0,0,0,-3471,0,0,0,-1157,-578,0,0,0,0,580116013536085236,109915,0,0,0,5785,0,0,0,0,210,210
580115236336535375,Order,2025/08/24,2025/09/03,VND,68906,115700,115700,130000,-14300,0,0,0,-46794,-6300,-12148,0,-30300,20000,10300,0,0,0,0,0,-23140,-23140,0,0,0,0,0,0,0,0,0,0,0,-3471,0,0,0,-1157,-578,0,0,0,0,580115236336535375,126000,0,0,0,0,0,0,0,0,210,210
580115089408624114,Order,2025/08/24,2025/09/03,VND,69421,115700,115700,130000,-14300,0,0,0,-46279,-5785,-12148,0,-30300,30300,0,0,0,0,0,0,-23140,-23140,0,0,0,0,0,0,0,0,0,0,0,-3471,0,0,0,-1157,-578,0,0,0,0,580115089408624114,115700,0,0,0,0,0,0,0,0,210,210
580115027044567020,Order,2025/08/24,2025/09/03,VND,206045,290000,290000,350000,-60000,0,0,0,-83955,-13485,-30450,0,-47600,47600,0,0,0,0,0,0,0,0,0,-26970,0,0,0,0,0,0,0,0,0,-8700,0,0,0,-2900,-1450,0,0,0,0,580115027044567020,269700,0,0,0,20300,0,0,0,0,510,510
580107017258108404,Order,2025/08/24,2025/09/03,VND,53391,90250,90250,95000,-4750,0,0,0,-36859,-5272,-9476,0,-35200,20000,15200,0,0,0,0,0,-18050,-18050,0,0,0,0,0,0,0,0,0,0,0,-2708,0,0,0,-902,-451,0,0,0,0,580107017258108404,105450,0,0,0,0,0,0,0,0,110,110
580104397203866674,Order,2025/08/23,2025/09/03,VND,91715,130000,130000,130000,0,0,0,0,-38285,-6435,-13650,0,-35200,30000,5200,0,0,0,0,0,0,0,0,-12350,0,0,0,0,0,0,0,0,0,-3900,0,0,0,-1300,-650,0,0,0,0,580104397203866674,128700,0,0,0,6500,0,0,0,0,210,210
580104084843366206,Order,2025/08/23,2025/09/03,VND,56740,95000,95000,95000,0,0,0,0,-38260,-5010,-9975,0,-35200,30000,5200,0,0,0,0,0,-19000,-19000,0,0,0,0,0,0,0,0,0,0,0,-2850,0,0,0,-950,-475,0,0,0,0,580104084843366206,100200,0,0,0,0,0,0,0,0,110,110
580103675860321385,Order,2025/08/23,2025/09/03,VND,69421,115700,115700,130000,-14300,0,0,0,-46279,-5785,-12148,0,-40000,40000,0,0,0,0,0,0,-23140,-23140,0,0,0,0,0,0,0,0,0,0,0,-3471,0,0,0,-1157,-578,0,0,0,0,580103675860321385,115700,0,0,0,0,0,0,0,0,210,210
580102818132821376,Order,2025/08/23,2025/09/03,VND,50500,85000,85000,95000,-10000,0,0,0,-34500,-4750,-8925,0,-40000,30000,10000,0,0,0,0,0,-17000,-17000,0,0,0,0,0,0,0,0,0,0,0,-2550,0,0,0,-850,-425,0,0,0,0,580102818132821376,95000,0,0,0,0,0,0,0,0,110,110
580078587480147916,Order,2025/08/21,2025/09/03,VND,69421,115700,115700,130000,-14300,0,0,0,-46279,-5785,-12148,0,-40000,40000,0,0,0,0,0,0,-23140,-23140,0,0,0,0,0,0,0,0,0,0,0,-3471,0,0,0,-1157,-578,0,0,0,0,580078587480147916,115700,0,0,0,0,0,0,0,0,210,210
580106911567087150,Order,2025/08/24,2025/09/02,VND,62866,90250,90250,95000,-4750,0,0,0,-27384,-4822,-9476,0,-26200,20000,6200,0,0,0,0,0,0,0,0,-9025,0,0,0,0,0,0,0,0,0,-2708,0,0,0,-902,-451,0,0,0,0,580106911567087150,96450,0,0,0,0,0,0,0,0,110,110
580099080586889171,Order,2025/08/23,2025/09/02,VND,213495,350000,350000,350000,0,0,0,0,-136505,-18205,-36750,0,-35100,0,35100,0,0,0,0,0,-65800,-65800,0,0,0,0,0,0,0,0,0,0,0,-10500,0,0,0,-3500,-1750,0,0,0,0,580099080586889171,364100,0,0,0,21000,0,0,0,0,510,510
580096351121606084,Order,2025/08/23,2025/09/02,VND,57000,95000,95000,95000,0,0,0,0,-38000,-4750,-9975,0,-40000,40000,0,0,0,0,0,0,-19000,-19000,0,0,0,0,0,0,0,0,0,0,0,-2850,0,0,0,-950,-475,0,0,0,0,580096351121606084,95000,0,0,0,0,0,0,0,0,110,110
580094360916624626,Order,2025/08/23,2025/09/02,VND,75500,95000,95000,95000,0,0,0,0,-19500,-5250,-9975,0,-40000,30000,10000,0,0,0,0,0,0,0,0,0,0,0,0,0,0,0,0,0,0,-2850,0,0,0,-950,-475,0,0,0,0,580094360916624626,105000,0,0,0,0,0,0,0,0,110,110
580092742290801812,Order,2025/08/22,2025/09/02,VND,210000,350000,350000,350000,0,0,0,0,-140000,-17500,-36750,0,-35100,35100,0,0,0,0,0,0,-70000,-70000,0,0,0,0,0,0,0,0,0,0,0,-10500,0,0,0,-3500,-1750,0,0,0,0,580092742290801812,350000,0,0,0,0,0,0,0,0,510,510
580092380868085366,Order,2025/08/22,2025/09/02,VND,68921,115700,115700,130000,-14300,0,0,0,-46779,-6285,-12148,0,-40000,30000,10000,0,0,0,0,0,-23140,-23140,0,0,0,0,0,0,0,0,0,0,0,-3471,0,0,0,-1157,-578,0,0,0,0,580092380868085366,125700,0,0,0,0,0,0,0,0,210,210
580092205079954850,Order,2025/08/22,2025/09/02,VND,66500,95000,95000,95000,0,0,0,0,-28500,-4750,-9975,0,-40000,40000,0,0,0,0,0,0,0,0,0,-9500,0,0,0,0,0,0,0,0,0,-2850,0,0,0,-950,-475,0,0,0,0,580092205079954850,95000,0,0,0,0,0,0,0,0,110,110
580091462439897082,Order,2025/08/22,2025/09/02,VND,203000,290000,290000,350000,-60000,0,0,0,-87000,-14500,-30450,0,-29700,29700,0,0,0,0,0,0,0,0,0,-29000,0,0,0,0,0,0,0,0,0,-8700,0,0,0,-2900,-1450,0,0,0,0,580091462439897082,290000,0,0,0,0,0,0,0,0,510,510
580091300124984723,Order,2025/08/22,2025/09/02,VND,56500,95000,95000,95000,0,0,0,0,-38500,-5250,-9975,0,-40000,30000,10000,0,0,0,0,0,-19000,-19000,0,0,0,0,0,0,0,0,0,0,0,-2850,0,0,0,-950,-475,0,0,0,0,580091300124984723,105000,0,0,0,0,0,0,0,0,110,110
580090801288610929,Order,2025/08/22,2025/09/02,VND,355250,580000,580000,700000,-120000,0,0,0,-224750,-27550,-60900,0,-39400,39400,0,0,0,0,0,0,-110200,-110200,0,0,0,0,0,0,0,0,0,0,0,-17400,0,0,0,-5800,-2900,0,0,0,0,580090801288610929,551000,0,0,0,29000,0,0,0,0,1030,1030
580087088736667036,Order,2025/08/22,2025/09/02,VND,55300,95000,95000,95000,0,0,0,0,-39700,-6450,-9975,0,-40000,6000,34000,0,0,0,0,0,-19000,-19000,0,0,0,0,0,0,0,0,0,0,0,-2850,0,0,0,-950,-475,0,0,0,0,580087088736667036,129000,0,0,0,0,0,0,0,0,110,110
580086180447749870,Order,2025/08/22,2025/09/02,VND,64500,95000,95000,95000,0,0,0,0,-30500,-3250,-9975,0,-40000,40000,0,0,0,0,0,0,-13000,-13000,0,0,0,0,0,0,0,0,0,0,0,-2850,0,0,0,-950,-475,0,0,0,0,580086180447749870,65000,0,0,0,30000,0,0,0,0,110,110
580084413999515345,Order,2025/08/22,2025/09/02,VND,65500,95000,95000,95000,0,0,0,0,-29500,-5750,-9975,0,-40000,20000,20000,0,0,0,0,0,0,0,0,-9500,0,0,0,0,0,0,0,0,0,-2850,0,0,0,-950,-475,0,0,0,0,580084413999515345,115000,0,0,0,0,0,0,0,0,110,110
580079511920084806,Order,2025/08/21,2025/09/02,VND,90740,130000,130000,130000,0,0,0,0,-39260,-6760,-13650,0,-35200,30000,5200,0,0,0,0,0,0,0,0,-13000,0,0,0,0,0,0,0,0,0,-3900,0,0,0,-1300,-650,0,0,0,0,580079511920084806,135200,0,0,0,0,0,0,0,0,210,210
580078725128160498,Order,2025/08/21,2025/09/02,VND,80491,115700,115700,130000,-14300,0,0,0,-35209,-6285,-12148,0,-40000,30000,10000,0,0,0,0,0,0,0,0,-11570,0,0,0,0,0,0,0,0,0,-3471,0,0,0,-1157,-578,0,0,0,0,580078725128160498,125700,0,0,0,0,0,0,0,0,210,210
580078237327721948,Order,2025/08/21,2025/09/02,VND,68906,115700,115700,130000,-14300,0,0,0,-46794,-6300,-12148,0,-30300,20000,10300,0,0,0,0,0,-23140,-23140,0,0,0,0,0,0,0,0,0,0,0,-3471,0,0,0,-1157,-578,0,0,0,0,580078237327721948,126000,0,0,0,0,0,0,0,0,210,210
580097094614615392,Order,2025/08/23,2025/09/01,VND,57000,95000,95000,95000,0,0,0,0,-38000,-4750,-9975,0,-40000,40000,0,0,0,0,0,0,-19000,-19000,0,0,0,0,0,0,0,0,0,0,0,-2850,0,0,0,-950,-475,0,0,0,0,580097094614615392,95000,0,0,0,0,0,0,0,0,110,110
580095457153484105,Order,2025/08/23,2025/09/01,VND,207930,350000,350000,350000,0,0,0,0,-142070,-19570,-36750,0,-41400,0,41400,0,0,0,0,0,-70000,-70000,0,0,0,0,0,0,0,0,0,0,0,-10500,0,0,0,-3500,-1750,0,0,0,0,580095457153484105,391400,0,0,0,0,0,0,0,0,510,510
580093075681019546,Order,2025/08/22,2025/09/01,VND,91000,130000,130000,130000,0,0,0,0,-39000,-6500,-13650,0,-40000,40000,0,0,0,0,0,0,0,0,0,-13000,0,0,0,0,0,0,0,0,0,-3900,0,0,0,-1300,-650,0,0,0,0,580093075681019546,130000,0,0,0,0,0,0,0,0,210,210
580092241976985161,Order,2025/08/22,2025/09/01,VND,66485,95000,95000,95000,0,0,0,0,-28515,-4765,-9975,0,-30300,30000,300,0,0,0,0,0,0,0,0,-9500,0,0,0,0,0,0,0,0,0,-2850,0,0,0,-950,-475,0,0,0,0,580092241976985161,95300,0,0,0,0,0,0,0,0,110,110
580092221390030545,Order,2025/08/22,2025/09/01,VND,71475,115700,115700,130000,-14300,0,0,0,-44225,-5582,-12148,0,-35200,30000,5200,0,0,0,0,0,-21289,-21289,0,0,0,0,0,0,0,0,0,0,0,-3471,0,0,0,-1157,-578,0,0,0,0,580092221390030545,111644,0,0,0,9256,0,0,0,0,210,210
580091943730317025,Order,2025/08/22,2025/09/01,VND,250250,350000,350000,350000,0,0,0,0,-99750,-15750,-36750,0,-47600,47600,0,0,0,0,0,0,0,0,0,-31500,0,0,0,0,0,0,0,0,0,-10500,0,0,0,-3500,-1750,0,0,0,0,580091943730317025,315000,0,0,0,35000,0,0,0,0,510,510
580091825184408698,Order,2025/08/22,2025/09/01,VND,80991,115700,115700,130000,-14300,0,0,0,-34709,-5785,-12148,0,-26200,26200,0,0,0,0,0,0,0,0,0,-11570,0,0,0,0,0,0,0,0,0,-3471,0,0,0,-1157,-578,0,0,0,0,580091825184408698,115700,0,0,0,0,0,0,0,0,210,210
580091785941976209,Order,2025/08/22,2025/09/01,VND,68921,115700,115700,130000,-14300,0,0,0,-46779,-6285,-12148,0,-40000,30000,10000,0,0,0,0,0,-23140,-23140,0,0,0,0,0,0,0,0,0,0,0,-3471,0,0,0,-1157,-578,0,0,0,0,580091785941976209,125700,0,0,0,0,0,0,0,0,210,210
580091747533161855,Order,2025/08/22,2025/09/01,VND,65500,95000,95000,95000,0,0,0,0,-29500,-5750,-9975,0,-40000,20000,20000,0,0,0,0,0,0,0,0,-9500,0,0,0,0,0,0,0,0,0,-2850,0,0,0,-950,-475,0,0,0,0,580091747533161855,115000,0,0,0,0,0,0,0,0,110,110
580091703477634182,Order,2025/08/22,2025/09/01,VND,77500,130000,130000,130000,0,0,0,0,-52500,-7000,-13650,0,-40000,30000,10000,0,0,0,0,0,-26000,-26000,0,0,0,0,0,0,0,0,0,0,0,-3900,0,0,0,-1300,-650,0,0,0,0,580091703477634182,140000,0,0,0,0,0,0,0,0,210,210
580091249929061440,Order,2025/08/22,2025/09/01,VND,207500,290000,290000,350000,-60000,0,0,0,-82500,-13000,-30450,0,-47600,47600,0,0,0,0,0,0,0,0,0,-26000,0,0,0,0,0,0,0,0,0,-8700,0,0,0,-2900,-1450,0,0,0,0,580091249929061440,260000,0,0,0,30000,0,0,0,0,510,510
580091181591528979,Order,2025/08/22,2025/09/01,VND,69161,115700,115700,130000,-14300,0,0,0,-46539,-6045,-12148,0,-35200,30000,5200,0,0,0,0,0,-23140,-23140,0,0,0,0,0,0,0,0,0,0,0,-3471,0,0,0,-1157,-578,0,0,0,0,580091181591528979,120900,0,0,0,0,0,0,0,0,210,210
580090853482530393,Order,2025/08/22,2025/09/01,VND,53125,85000,85000,95000,-10000,0,0,0,-31875,-3825,-8925,0,-40000,40000,0,0,0,0,0,0,-15300,-15300,0,0,0,0,0,0,0,0,0,0,0,-2550,0,0,0,-850,-425,0,0,0,0,580090853482530393,76500,0,0,0,8500,0,0,0,0,110,110
580090903178806450,Order,2025/08/22,2025/09/01,VND,69421,115700,115700,130000,-14300,0,0,0,-46279,-5785,-12148,0,-40000,40000,0,0,0,0,0,0,-23140,-23140,0,0,0,0,0,0,0,0,0,0,0,-3471,0,0,0,-1157,-578,0,0,0,0,580090903178806450,115700,0,0,0,0,0,0,0,0,210,210
580090350728021440,Order,2025/08/22,2025/09/01,VND,69421,115700,115700,130000,-14300,0,0,0,-46279,-5785,-12148,0,-30300,30300,0,0,0,0,0,0,-23140,-23140,0,0,0,0,0,0,0,0,0,0,0,-3471,0,0,0,-1157,-578,0,0,0,0,580090350728021440,115700,0,0,0,0,0,0,0,0,210,210
580085389261309411,Order,2025/08/22,2025/09/01,VND,56240,95000,95000,95000,0,0,0,0,-38760,-5510,-9975,0,-35200,20000,15200,0,0,0,0,0,-19000,-19000,0,0,0,0,0,0,0,0,0,0,0,-2850,0,0,0,-950,-475,0,0,0,0,580085389261309411,110200,0,0,0,0,0,0,0,0,110,110
580084345151915234,Order,2025/08/22,2025/09/01,VND,65740,95000,95000,95000,0,0,0,0,-29260,-5510,-9975,0,-35200,20000,15200,0,0,0,0,0,0,0,0,-9500,0,0,0,0,0,0,0,0,0,-2850,0,0,0,-950,-475,0,0,0,0,580084345151915234,110200,0,0,0,0,0,0,0,0,110,110
580084284194981050,Order,2025/08/22,2025/09/01,VND,66000,95000,95000,95000,0,0,0,0,-29000,-5250,-9975,0,-40000,30000,10000,0,0,0,0,0,0,0,0,-9500,0,0,0,0,0,0,0,0,0,-2850,0,0,0,-950,-475,0,0,0,0,580084284194981050,105000,0,0,0,0,0,0,0,0,110,110
580078701272466965,Order,2025/08/21,2025/09/01,VND,485943,694200,694200,780000,-85800,0,0,0,-208257,-34710,-72891,0,-34000,34000,0,0,0,0,0,0,0,0,0,-69420,0,0,0,0,0,0,0,0,0,-20826,0,0,0,-6942,-3468,0,0,0,0,580078701272466965,694200,0,0,0,0,0,0,0,0,1230,1230
580070837949597657,Order,2025/08/21,2025/09/01,VND,156000,260000,260000,260000,0,0,0,0,-104000,-13000,-27300,0,-40000,40000,0,0,0,0,0,0,-52000,-52000,0,0,0,0,0,0,0,0,0,0,0,-7800,0,0,0,-2600,-1300,0,0,0,0,580070837949597657,260000,0,0,0,0,0,0,0,0,430,430
580066848533612145,Order,2025/08/20,2025/09/01,VND,69421,115700,115700,130000,-14300,0,0,0,-46279,-5785,-12148,0,-30300,30300,0,0,0,0,0,0,-23140,-23140,0,0,0,0,0,0,0,0,0,0,0,-3471,0,0,0,-1157,-578,0,0,0,0,580066848533612145,115700,0,0,0,0,0,0,0,0,210,210
580066026970907811,Order,2025/08/20,2025/09/01,VND,66500,95000,95000,95000,0,0,0,0,-28500,-4750,-9975,0,-40000,40000,0,0,0,0,0,0,0,0,0,-9500,0,0,0,0,0,0,0,0,0,-2850,0,0,0,-950,-475,0,0,0,0,580066026970907811,95000,0,0,0,0,0,0,0,0,110,110
580084526216283618,Order,2025/08/22,2025/08/31,VND,91000,130000,130000,130000,0,0,0,0,-39000,-6500,-13650,0,-40000,40000,0,0,0,0,0,0,0,0,0,-13000,0,0,0,0,0,0,0,0,0,-3900,0,0,0,-1300,-650,0,0,0,0,580084526216283618,130000,0,0,0,0,0,0,0,0,210,210
580084410864601068,Order,2025/08/22,2025/08/31,VND,66500,95000,95000,95000,0,0,0,0,-28500,-4750,-9975,0,-26200,26200,0,0,0,0,0,0,0,0,0,-9500,0,0,0,0,0,0,0,0,0,-2850,0,0,0,-950,-475,0,0,0,0,580084410864601068,95000,0,0,0,0,0,0,0,0,110,110
580080738432747400,Order,2025/08/21,2025/08/31,VND,210000,350000,350000,350000,0,0,0,0,-140000,-17500,-36750,0,-41400,41400,0,0,0,0,0,0,-70000,-70000,0,0,0,0,0,0,0,0,0,0,0,-10500,0,0,0,-3500,-1750,0,0,0,0,580080738432747400,350000,0,0,0,0,0,0,0,0,510,510
580078956850938886,Order,2025/08/21,2025/08/31,VND,90500,130000,130000,130000,0,0,0,0,-39500,-7000,-13650,0,-40000,30000,10000,0,0,0,0,0,0,0,0,-13000,0,0,0,0,0,0,0,0,0,-3900,0,0,0,-1300,-650,0,0,0,0,580078956850938886,140000,0,0,0,0,0,0,0,0,210,210
580073217366984158,Order,2025/08/21,2025/08/31,VND,217875,350000,350000,350000,0,0,0,0,-132125,-15925,-36750,0,-35100,35100,0,0,0,0,0,0,-63700,-63700,0,0,0,0,0,0,0,0,0,0,0,-10500,0,0,0,-3500,-1750,0,0,0,0,580073217366984158,318500,0,0,0,31500,0,0,0,0,510,510
580072868081797015,Order,2025/08/21,2025/08/31,VND,220500,350000,350000,350000,0,0,0,0,-129500,-15400,-36750,0,-47600,47600,0,0,0,0,0,0,-61600,-61600,0,0,0,0,0,0,0,0,0,0,0,-10500,0,0,0,-3500,-1750,0,0,0,0,580072868081797015,308000,0,0,0,42000,0,0,0,0,510,510
580068137317008594,Order,2025/08/20,2025/08/31,VND,174000,290000,290000,350000,-60000,0,0,0,-116000,-14500,-30450,0,-47600,47600,0,0,0,0,0,0,-58000,-58000,0,0,0,0,0,0,0,0,0,0,0,-8700,0,0,0,-2900,-1450,0,0,0,0,580068137317008594,290000,0,0,0,0,0,0,0,0,510,510
580067557653251950,Order,2025/08/20,2025/08/31,VND,76000,130000,130000,130000,0,0,0,0,-54000,-8500,-13650,0,-40000,0,40000,0,0,0,0,0,-26000,-26000,0,0,0,0,0,0,0,0,0,0,0,-3900,0,0,0,-1300,-650,0,0,0,0,580067557653251950,170000,0,0,0,0,0,0,0,0,210,210
580067538710267154,Order,2025/08/20,2025/08/31,VND,57000,95000,95000,95000,0,0,0,0,-38000,-4750,-9975,0,-30300,30300,0,0,0,0,0,0,-19000,-19000,0,0,0,0,0,0,0,0,0,0,0,-2850,0,0,0,-950,-475,0,0,0,0,580067538710267154,95000,0,0,0,0,0,0,0,0,110,110
580066928205399630,Order,2025/08/20,2025/08/31,VND,52841,88900,88900,127000,-38100,0,0,0,-36059,-4945,-9334,0,-40000,30000,10000,0,0,0,0,0,-17780,-17780,0,0,0,0,0,0,0,0,0,0,0,-2667,0,0,0,-889,-444,0,0,0,0,580066928205399630,98900,0,0,0,0,0,0,0,0,300,300
580066575960540750,Order,2025/08/20,2025/08/31,VND,416440,580000,580000,700000,-120000,0,0,0,-163560,-25520,-60900,0,-55400,55400,0,0,0,0,0,0,0,0,0,-51040,0,0,0,0,0,0,0,0,0,-17400,0,0,0,-5800,-2900,0,0,0,0,580066575960540750,510400,0,0,0,69600,0,0,0,0,1030,1030
580066455268132611,Order,2025/08/20,2025/08/31,VND,80991,115700,115700,130000,-14300,0,0,0,-34709,-5785,-12148,0,-26200,26200,0,0,0,0,0,0,0,0,0,-11570,0,0,0,0,0,0,0,0,0,-3471,0,0,0,-1157,-578,0,0,0,0,580066455268132611,115700,0,0,0,0,0,0,0,0,210,210
580066296902813307,Order,2025/08/20,2025/08/31,VND,207350,290000,290000,350000,-60000,0,0,0,-82650,-13050,-30450,0,-40000,40000,0,0,0,0,0,0,0,0,0,-26100,0,0,0,0,0,0,0,0,0,-8700,0,0,0,-2900,-1450,0,0,0,0,580066296902813307,261000,0,0,0,29000,0,0,0,0,500,500
580066282526443369,Order,2025/08/20,2025/08/31,VND,182000,260000,260000,260000,0,0,0,0,-78000,-13000,-27300,0,-40000,40000,0,0,0,0,0,0,0,0,0,-26000,0,0,0,0,0,0,0,0,0,-7800,0,0,0,-2600,-1300,0,0,0,0,580066282526443369,260000,0,0,0,0,0,0,0,0,430,430
580066160259007644,Order,2025/08/20,2025/08/31,VND,90500,130000,130000,130000,0,0,0,0,-39500,-7000,-13650,0,-40000,30000,10000,0,0,0,0,0,0,0,0,-13000,0,0,0,0,0,0,0,0,0,-3900,0,0,0,-1300,-650,0,0,0,0,580066160259007644,140000,0,0,0,0,0,0,0,0,210,210
580066148924425888,Order,2025/08/20,2025/08/31,VND,65500,95000,95000,95000,0,0,0,0,-29500,-5750,-9975,0,-40000,20000,20000,0,0,0,0,0,0,0,0,-9500,0,0,0,0,0,0,0,0,0,-2850,0,0,0,-950,-475,0,0,0,0,580066148924425888,115000,0,0,0,0,0,0,0,0,110,110
580066101258913180,Order,2025/08/20,2025/08/31,VND,66000,95000,95000,95000,0,0,0,0,-29000,-5250,-9975,0,-40000,30000,10000,0,0,0,0,0,0,0,0,-9500,0,0,0,0,0,0,0,0,0,-2850,0,0,0,-950,-475,0,0,0,0,580066101258913180,105000,0,0,0,0,0,0,0,0,110,110
580066010821003217,Order,2025/08/20,2025/08/31,VND,69421,115700,115700,130000,-14300,0,0,0,-46279,-5785,-12148,0,-26200,26200,0,0,0,0,0,0,-23140,-23140,0,0,0,0,0,0,0,0,0,0,0,-3471,0,0,0,-1157,-578,0,0,0,0,580066010821003217,115700,0,0,0,0,0,0,0,0,210,210
580065926837864349,Order,2025/08/20,2025/08/31,VND,244120,350000,350000,350000,0,0,0,0,-105880,-18380,-36750,0,-47600,30000,17600,0,0,0,0,0,0,0,0,-35000,0,0,0,0,0,0,0,0,0,-10500,0,0,0,-3500,-1750,0,0,0,0,580065926837864349,367600,0,0,0,0,0,0,0,0,510,510
580064659700746133,Order,2025/08/20,2025/08/31,VND,78000,130000,130000,130000,0,0,0,0,-52000,-6500,-13650,0,-30300,30300,0,0,0,0,0,0,-26000,-26000,0,0,0,0,0,0,0,0,0,0,0,-3900,0,0,0,-1300,-650,0,0,0,0,580064659700746133,130000,0,0,0,0,0,0,0,0,210,210
580055278498841678,Order,2025/08/19,2025/08/31,VND,522000,870000,870000,1050000,-180000,0,0,0,-348000,-43500,-91350,0,-43500,43500,0,0,0,0,0,0,-174000,-174000,0,0,0,0,0,0,0,0,0,0,0,-26100,0,0,0,-8700,-4350,0,0,0,0,580055278498841678,870000,0,0,0,0,0,0,0,0,1530,1530
580054267587299174,Order,2025/08/19,2025/08/31,VND,205610,290000,290000,350000,-60000,0,0,0,-84390,-13630,-30450,0,-35100,35100,0,0,0,0,0,0,0,0,0,-27260,0,0,0,0,0,0,0,0,0,-8700,0,0,0,-2900,-1450,0,0,0,0,580054267587299174,272600,0,0,0,17400,0,0,0,0,510,510
580071646022633217,Order,2025/08/21,2025/08/30,VND,57000,95000,95000,95000,0,0,0,0,-38000,-4750,-9975,0,-19700,19700,0,0,0,0,0,0,-19000,-19000,0,0,0,0,0,0,0,0,0,0,0,-2850,0,0,0,-950,-475,0,0,0,0,580071646022633217,95000,0,0,0,0,0,0,0,0,110,110
580065977248679253,Order,2025/08/20,2025/08/30,VND,91000,130000,130000,130000,0,0,0,0,-39000,-6500,-13650,0,-30300,30300,0,0,0,0,0,0,0,0,0,-13000,0,0,0,0,0,0,0,0,0,-3900,0,0,0,-1300,-650,0,0,0,0,580065977248679253,130000,0,0,0,0,0,0,0,0,210,210
580065984319096038,Order,2025/08/20,2025/08/30,VND,203000,290000,290000,350000,-60000,0,0,0,-87000,-14500,-30450,0,-47600,47600,0,0,0,0,0,0,0,0,0,-29000,0,0,0,0,0,0,0,0,0,-8700,0,0,0,-2900,-1450,0,0,0,0,580065984319096038,290000,0,0,0,0,0,0,0,0,510,510
580065908608370008,Order,2025/08/20,2025/08/30,VND,57000,95000,95000,95000,0,0,0,0,-38000,-4750,-9975,0,-26200,26200,0,0,0,0,0,0,-19000,-19000,0,0,0,0,0,0,0,0,0,0,0,-2850,0,0,0,-950,-475,0,0,0,0,580065908608370008,95000,0,0,0,0,0,0,0,0,110,110
580058530500937018,Order,2025/08/20,2025/08/30,VND,68921,115700,115700,130000,-14300,0,0,0,-46779,-6285,-12148,0,-40000,30000,10000,0,0,0,0,0,-23140,-23140,0,0,0,0,0,0,0,0,0,0,0,-3471,0,0,0,-1157,-578,0,0,0,0,580058530500937018,125700,0,0,0,0,0,0,0,0,210,210
580056435874498017,Order,2025/08/19,2025/08/30,VND,92000,130000,130000,130000,0,0,0,0,-38000,-6500,-13650,0,-40000,30000,10000,0,0,0,0,0,0,0,0,-12000,0,0,0,0,0,0,0,0,0,-3900,0,0,0,-1300,-650,0,0,0,0,580056435874498017,130000,0,0,0,10000,0,0,0,0,210,210
580055306476685136,Order,2025/08/19,2025/08/30,VND,51000,85000,85000,95000,-10000,0,0,0,-34000,-4250,-8925,0,-30300,30300,0,0,0,0,0,0,-17000,-17000,0,0,0,0,0,0,0,0,0,0,0,-2550,0,0,0,-850,-425,0,0,0,0,580055306476685136,85000,0,0,0,0,0,0,0,0,110,110
580054668713887723,Order,2025/08/19,2025/08/30,VND,217875,350000,350000,350000,0,0,0,0,-132125,-15925,-36750,0,-47600,47600,0,0,0,0,0,0,-63700,-63700,0,0,0,0,0,0,0,0,0,0,0,-10500,0,0,0,-3500,-1750,0,0,0,0,580054668713887723,318500,0,0,0,31500,0,0,0,0,510,510
580054620272756139,Order,2025/08/19,2025/08/30,VND,65500,95000,95000,95000,0,0,0,0,-29500,-5750,-9975,0,-40000,20000,20000,0,0,0,0,0,0,0,0,-9500,0,0,0,0,0,0,0,0,0,-2850,0,0,0,-950,-475,0,0,0,0,580054620272756139,115000,0,0,0,0,0,0,0,0,110,110
580054339969189777,Order,2025/08/19,2025/08/30,VND,90500,130000,130000,130000,0,0,0,0,-39500,-7000,-13650,0,-40000,30000,10000,0,0,0,0,0,0,0,0,-13000,0,0,0,0,0,0,0,0,0,-3900,0,0,0,-1300,-650,0,0,0,0,580054339969189777,140000,0,0,0,0,0,0,0,0,210,210
580054291929007160,Order,2025/08/19,2025/08/30,VND,56500,95000,95000,95000,0,0,0,0,-38500,-5250,-9975,0,-40000,30000,10000,0,0,0,0,0,-19000,-19000,0,0,0,0,0,0,0,0,0,0,0,-2850,0,0,0,-950,-475,0,0,0,0,580054291929007160,105000,0,0,0,0,0,0,0,0,110,110
580054295434659419,Order,2025/08/19,2025/08/30,VND,68921,115700,115700,130000,-14300,0,0,0,-46779,-6285,-12148,0,-40000,30000,10000,0,0,0,0,0,-23140,-23140,0,0,0,0,0,0,0,0,0,0,0,-3471,0,0,0,-1157,-578,0,0,0,0,580054295434659419,125700,0,0,0,0,0,0,0,0,210,210
580054210386166981,Order,2025/08/19,2025/08/30,VND,59000,85000,85000,95000,-10000,0,0,0,-26000,-4750,-8925,0,-40000,30000,10000,0,0,0,0,0,0,0,0,-8500,0,0,0,0,0,0,0,0,0,-2550,0,0,0,-850,-425,0,0,0,0,580054210386166981,95000,0,0,0,0,0,0,0,0,110,110
580054200036329167,Order,2025/08/19,2025/08/30,VND,59240,85000,85000,95000,-10000,0,0,0,-25760,-4510,-8925,0,-35200,30000,5200,0,0,0,0,0,0,0,0,-8500,0,0,0,0,0,0,0,0,0,-2550,0,0,0,-850,-425,0,0,0,0,580054200036329167,90200,0,0,0,0,0,0,0,0,110,110
580054173929539051,Order,2025/08/19,2025/08/30,VND,90740,130000,130000,130000,0,0,0,0,-39260,-6760,-13650,0,-35200,30000,5200,0,0,0,0,0,0,0,0,-13000,0,0,0,0,0,0,0,0,0,-3900,0,0,0,-1300,-650,0,0,0,0,580054173929539051,135200,0,0,0,0,0,0,0,0,210,210
580054170560988396,Order,2025/08/19,2025/08/30,VND,66000,95000,95000,95000,0,0,0,0,-29000,-5250,-9975,0,-40000,30000,10000,0,0,0,0,0,0,0,0,-9500,0,0,0,0,0,0,0,0,0,-2850,0,0,0,-950,-475,0,0,0,0,580054170560988396,105000,0,0,0,0,0,0,0,0,110,110
580054116475635339,Order,2025/08/19,2025/08/30,VND,59240,85000,85000,95000,-10000,0,0,0,-25760,-4510,-8925,0,-35200,30000,5200,0,0,0,0,0,0,0,0,-8500,0,0,0,0,0,0,0,0,0,-2550,0,0,0,-850,-425,0,0,0,0,580054116475635339,90200,0,0,0,0,0,0,0,0,110,110
580054086088230378,Order,2025/08/19,2025/08/30,VND,80491,115700,115700,130000,-14300,0,0,0,-35209,-6285,-12148,0,-40000,30000,10000,0,0,0,0,0,0,0,0,-11570,0,0,0,0,0,0,0,0,0,-3471,0,0,0,-1157,-578,0,0,0,0,580054086088230378,125700,0,0,0,0,0,0,0,0,210,210
580054019501032684,Order,2025/08/19,2025/08/30,VND,80491,115700,115700,130000,-14300,0,0,0,-35209,-6285,-12148,0,-40000,30000,10000,0,0,0,0,0,0,0,0,-11570,0,0,0,0,0,0,0,0,0,-3471,0,0,0,-1157,-578,0,0,0,0,580054019501032684,125700,0,0,0,0,0,0,0,0,210,210
580053959434994938,Order,2025/08/19,2025/08/30,VND,80991,115700,115700,130000,-14300,0,0,0,-34709,-5785,-12148,0,-30300,30300,0,0,0,0,0,0,0,0,0,-11570,0,0,0,0,0,0,0,0,0,-3471,0,0,0,-1157,-578,0,0,0,0,580053959434994938,115700,0,0,0,0,0,0,0,0,210,210
580053914922943561,Order,2025/08/19,2025/08/30,VND,68921,115700,115700,130000,-14300,0,0,0,-46779,-6285,-12148,0,-40000,30000,10000,0,0,0,0,0,-23140,-23140,0,0,0,0,0,0,0,0,0,0,0,-3471,0,0,0,-1157,-578,0,0,0,0,580053914922943561,125700,0,0,0,0,0,0,0,0,210,210
580053777702093878,Order,2025/08/19,2025/08/30,VND,80491,115700,115700,130000,-14300,0,0,0,-35209,-6285,-12148,0,-40000,30000,10000,0,0,0,0,0,0,0,0,-11570,0,0,0,0,0,0,0,0,0,-3471,0,0,0,-1157,-578,0,0,0,0,580053777702093878,125700,0,0,0,0,0,0,0,0,210,210
580042128076735822,Order,2025/08/18,2025/08/30,VND,66000,95000,95000,95000,0,0,0,0,-29000,-5250,-9975,0,-40000,30000,10000,0,0,0,0,0,0,0,0,-9500,0,0,0,0,0,0,0,0,0,-2850,0,0,0,-950,-475,0,0,0,0,580042128076735822,105000,0,0,0,0,0,0,0,0,110,110
580041504378815775,Order,2025/08/18,2025/08/30,VND,138841,231400,231400,260000,-28600,0,0,0,-92559,-11570,-24297,0,-30300,30300,0,0,0,0,0,0,-46280,-46280,0,0,0,0,0,0,0,0,0,0,0,-6942,0,0,0,-2314,-1156,0,0,0,0,580041504378815775,231400,0,0,0,0,0,0,0,0,430,430
580031176905753895,Order,2025/08/17,2025/08/30,VND,78000,130000,130000,130000,0,0,0,0,-52000,-6500,-13650,0,-30300,30300,0,0,0,0,0,0,-26000,-26000,0,0,0,0,0,0,0,0,0,0,0,-3900,0,0,0,-1300,-650,0,0,0,0,580031176905753895,130000,0,0,0,0,0,0,0,0,210,210
580030109121415122,Order,2025/08/17,2025/08/30,VND,66000,95000,95000,95000,0,0,0,0,-29000,-5250,-9975,0,-40000,30000,10000,0,0,0,0,0,0,0,0,-9500,0,0,0,0,0,0,0,0,0,-2850,0,0,0,-950,-475,0,0,0,0,580030109121415122,105000,0,0,0,0,0,0,0,0,110,110
580019373379388427,Order,2025/08/16,2025/08/30,VND,80476,115700,115700,130000,-14300,0,0,0,-35224,-6300,-12148,0,-30300,20000,10300,0,0,0,0,0,0,0,0,-11570,0,0,0,0,0,0,0,0,0,-3471,0,0,0,-1157,-578,0,0,0,0,580019373379388427,126000,0,0,0,0,0,0,0,0,210,210
580018696500971250,Order,2025/08/16,2025/08/30,VND,409230,580000,580000,700000,-120000,0,0,0,-170770,-28970,-60900,0,-55400,24000,31400,0,0,0,0,0,0,0,0,-54800,0,0,0,0,0,0,0,0,0,-17400,0,0,0,-5800,-2900,0,0,0,0,580018696500971250,579400,0,0,0,32000,0,0,0,0,1030,1030
580059148423431875,Order,2025/08/20,2025/08/29,VND,78750,130000,130000,130000,0,0,0,0,-51250,-5750,-13650,0,-30300,30300,0,0,0,0,0,0,-26000,-26000,0,0,0,0,0,0,0,0,0,0,0,-3900,0,0,0,-1300,-650,0,0,0,0,580059148423431875,115000,0,0,0,15000,0,0,0,0,210,210
580050189813581259,Order,2025/08/19,2025/08/29,VND,-40000,0,0,0,0,0,0,0,-40000,0,0,-40000,-40000,0,0,0,0,0,0,0,0,0,0,0,0,0,0,0,0,0,0,0,0,0,0,0,0,0,0,0,0,0,0,580050189813581259,0,0,0,0,0,0,0,0,0,500,500
580050165511456393,Order,2025/08/19,2025/08/29,VND,-40000,0,0,0,0,0,0,0,-40000,0,0,-40000,-40000,0,0,0,0,0,0,0,0,0,0,0,0,0,0,0,0,0,0,0,0,0,0,0,0,0,0,0,0,0,0,580050165511456393,0,0,0,0,0,0,0,0,0,500,500
580050189813515360,Order,2025/08/19,2025/08/29,VND,-40000,0,0,0,0,0,0,0,-40000,0,0,-40000,-40000,0,0,0,0,0,0,0,0,0,0,0,0,0,0,0,0,0,0,0,0,0,0,0,0,0,0,0,0,0,0,580050189813515360,0,0,0,0,0,0,0,0,0,500,500
580049489139893924,Order,2025/08/19,2025/08/29,VND,80500,130000,130000,130000,0,0,0,0,-49500,-6400,-13650,0,-40000,30000,10000,0,0,0,0,0,-23600,-23600,0,0,0,0,0,0,0,0,0,0,0,-3900,0,0,0,-1300,-650,0,0,0,0,580049489139893924,128000,0,0,0,12000,0,0,0,0,200,200
580049204763264014,Order,2025/08/19,2025/08/29,VND,59375,95000,95000,95000,0,0,0,0,-35625,-4275,-9975,0,-40000,40000,0,0,0,0,0,0,-17100,-17100,0,0,0,0,0,0,0,0,0,0,0,-2850,0,0,0,-950,-475,0,0,0,0,580049204763264014,85500,0,0,0,9500,0,0,0,0,110,110
580048980770064141,Order,2025/08/19,2025/08/29,VND,56740,95000,95000,95000,0,0,0,0,-38260,-5010,-9975,0,-35200,30000,5200,0,0,0,0,0,-19000,-19000,0,0,0,0,0,0,0,0,0,0,0,-2850,0,0,0,-950,-475,0,0,0,0,580048980770064141,100200,0,0,0,0,0,0,0,0,110,110
580048405823457052,Order,2025/08/19,2025/08/29,VND,80000,130000,130000,130000,0,0,0,0,-50000,-6500,-13650,0,-40000,30000,10000,0,0,0,0,0,-24000,-24000,0,0,0,0,0,0,0,0,0,0,0,-3900,0,0,0,-1300,-650,0,0,0,0,580048405823457052,130000,0,0,0,10000,0,0,0,0,210,210
580047839401248636,Order,2025/08/19,2025/08/29,VND,56740,95000,95000,95000,0,0,0,0,-38260,-5010,-9975,0,-35200,30000,5200,0,0,0,0,0,-19000,-19000,0,0,0,0,0,0,0,0,0,0,0,-2850,0,0,0,-950,-475,0,0,0,0,580047839401248636,100200,0,0,0,0,0,0,0,0,110,110
580043169037911674,Order,2025/08/18,2025/08/29,VND,80731,115700,115700,130000,-14300,0,0,0,-34969,-6045,-12148,0,-35200,30000,5200,0,0,0,0,0,0,0,0,-11570,0,0,0,0,0,0,0,0,0,-3471,0,0,0,-1157,-578,0,0,0,0,580043169037911674,120900,0,0,0,0,0,0,0,0,200,200
580042897203955380,Order,2025/08/18,2025/08/29,VND,207500,290000,290000,350000,-60000,0,0,0,-82500,-13000,-30450,0,-40000,40000,0,0,0,0,0,0,0,0,0,-26000,0,0,0,0,0,0,0,0,0,-8700,0,0,0,-2900,-1450,0,0,0,0,580042897203955380,260000,0,0,0,30000,0,0,0,0,500,500
580042523847984698,Order,2025/08/18,2025/08/29,VND,90500,130000,130000,130000,0,0,0,0,-39500,-7000,-13650,0,-40000,30000,10000,0,0,0,0,0,0,0,0,-13000,0,0,0,0,0,0,0,0,0,-3900,0,0,0,-1300,-650,0,0,0,0,580042523847984698,140000,0,0,0,0,0,0,0,0,210,210
580042308804118327,Order,2025/08/18,2025/08/29,VND,78921,115700,115700,130000,-14300,0,0,0,-36779,-4285,-12148,0,-40000,30000,10000,0,0,0,0,0,-15140,-15140,0,0,0,0,0,0,0,0,0,0,0,-3471,0,0,0,-1157,-578,0,0,0,0,580042308804118327,85700,0,0,0,40000,0,0,0,0,210,210
580042324997538867,Order,2025/08/18,2025/08/29,VND,173620,290000,290000,350000,-60000,0,0,0,-116380,-14880,-30450,0,-47600,40000,7600,0,0,0,0,0,-58000,-58000,0,0,0,0,0,0,0,0,0,0,0,-8700,0,0,0,-2900,-1450,0,0,0,0,580042324997538867,297600,0,0,0,0,0,0,0,0,510,510
580041990069192652,Order,2025/08/18,2025/08/29,VND,66000,95000,95000,95000,0,0,0,0,-29000,-5250,-9975,0,-40000,30000,10000,0,0,0,0,0,0,0,0,-9500,0,0,0,0,0,0,0,0,0,-2850,0,0,0,-950,-475,0,0,0,0,580041990069192652,105000,0,0,0,0,0,0,0,0,110,110
580041822647846616,Order,2025/08/18,2025/08/29,VND,68921,115700,115700,130000,-14300,0,0,0,-46779,-6285,-12148,0,-40000,30000,10000,0,0,0,0,0,-23140,-23140,0,0,0,0,0,0,0,0,0,0,0,-3471,0,0,0,-1157,-578,0,0,0,0,580041822647846616,125700,0,0,0,0,0,0,0,0,210,210
580041735335543847,Order,2025/08/18,2025/08/29,VND,50500,85000,85000,95000,-10000,0,0,0,-34500,-4750,-8925,0,-40000,30000,10000,0,0,0,0,0,-17000,-17000,0,0,0,0,0,0,0,0,0,0,0,-2550,0,0,0,-850,-425,0,0,0,0,580041735335543847,95000,0,0,0,0,0,0,0,0,110,110
580041651027215970,Order,2025/08/18,2025/08/29,VND,57000,95000,95000,95000,0,0,0,0,-38000,-4750,-9975,0,-26200,26200,0,0,0,0,0,0,-19000,-19000,0,0,0,0,0,0,0,0,0,0,0,-2850,0,0,0,-950,-475,0,0,0,0,580041651027215970,95000,0,0,0,0,0,0,0,0,110,110
580041638465865262,Order,2025/08/18,2025/08/29,VND,935250,1450000,1450000,1750000,-300000,0,0,0,-514750,-59450,-152250,0,-68500,68500,0,0,0,0,0,0,-237800,-237800,0,0,0,0,0,0,0,0,0,0,0,-43500,0,0,0,-14500,-7250,0,0,0,0,580041638465865262,1189000,0,0,0,261000,0,0,0,0,2530,2530
580031749919245663,Order,2025/08/17,2025/08/29,VND,78000,130000,130000,130000,0,0,0,0,-52000,-6500,-13650,0,-30300,30300,0,0,0,0,0,0,-26000,-26000,0,0,0,0,0,0,0,0,0,0,0,-3900,0,0,0,-1300,-650,0,0,0,0,580031749919245663,130000,0,0,0,0,0,0,0,0,210,210
580026061446023119,Order,2025/08/17,2025/08/29,VND,69421,115700,115700,130000,-14300,0,0,0,-46279,-5785,-12148,0,-26200,26200,0,0,0,0,0,0,-23140,-23140,0,0,0,0,0,0,0,0,0,0,0,-3471,0,0,0,-1157,-578,0,0,0,0,580026061446023119,115700,0,0,0,0,0,0,0,0,210,210
580025486049970025,Order,2025/08/17,2025/08/29,VND,69111,115700,115700,130000,-14300,0,0,0,-46589,-6095,-12148,0,-26200,20000,6200,0,0,0,0,0,-23140,-23140,0,0,0,0,0,0,0,0,0,0,0,-3471,0,0,0,-1157,-578,0,0,0,0,580025486049970025,121900,0,0,0,0,0,0,0,0,210,210
580046480515827521,Order,2025/08/19,2025/08/28,VND,77985,130000,130000,130000,0,0,0,0,-52015,-6515,-13650,0,-30300,30000,300,0,0,0,0,0,-26000,-26000,0,0,0,0,0,0,0,0,0,0,0,-3900,0,0,0,-1300,-650,0,0,0,0,580046480515827521,130300,0,0,0,0,0,0,0,0,210,210
580041804640650378,Order,2025/08/18,2025/08/28,VND,69406,115700,115700,130000,-14300,0,0,0,-46294,-5800,-12148,0,-30300,30000,300,0,0,0,0,0,-23140,-23140,0,0,0,0,0,0,0,0,0,0,0,-3471,0,0,0,-1157,-578,0,0,0,0,580041804640650378,116000,0,0,0,0,0,0,0,0,210,210
580033377131463798,Order,2025/08/18,2025/08/28,VND,78750,95000,95000,95000,0,0,0,0,-16250,-2000,-9975,0,-40000,0,40000,0,0,0,0,0,0,0,0,0,0,0,0,0,0,0,0,0,0,-2850,0,0,0,-950,-475,0,0,0,0,580033377131463798,40001,0,0,0,94999,0,0,0,0,110,110
580032040587461763,Order,2025/08/17,2025/08/28,VND,77240,130000,130000,130000,0,0,0,0,-52760,-7260,-13650,0,-35200,20000,15200,0,0,0,0,0,-26000,-26000,0,0,0,0,0,0,0,0,0,0,0,-3900,0,0,0,-1300,-650,0,0,0,0,580032040587461763,145200,0,0,0,0,0,0,0,0,210,210
580031969381222059,Order,2025/08/17,2025/08/28,VND,56000,95000,95000,95000,0,0,0,0,-39000,-5750,-9975,0,-40000,20000,20000,0,0,0,0,0,-19000,-19000,0,0,0,0,0,0,0,0,0,0,0,-2850,0,0,0,-950,-475,0,0,0,0,580031969381222059,115000,0,0,0,0,0,0,0,0,110,110
580031313019307791,Order,2025/08/17,2025/08/28,VND,174000,290000,290000,350000,-60000,0,0,0,-116000,-14500,-30450,0,-47600,47600,0,0,0,0,0,0,-58000,-58000,0,0,0,0,0,0,0,0,0,0,0,-8700,0,0,0,-2900,-1450,0,0,0,0,580031313019307791,290000,0,0,0,0,0,0,0,0,510,510
580031343501476929,Order,2025/08/17,2025/08/28,VND,348000,580000,580000,700000,-120000,0,0,0,-232000,-29000,-60900,0,-39400,39400,0,0,0,0,0,0,-116000,-116000,0,0,0,0,0,0,0,0,0,0,0,-17400,0,0,0,-5800,-2900,0,0,0,0,580031343501476929,580000,0,0,0,0,0,0,0,0,1030,1030
580031008030754207,Order,2025/08/17,2025/08/28,VND,91250,130000,130000,130000,0,0,0,0,-38750,-6750,-13650,0,-40000,30000,10000,0,0,0,0,0,0,0,0,-12500,0,0,0,0,0,0,0,0,0,-3900,0,0,0,-1300,-650,0,0,0,0,580031008030754207,135000,0,0,0,5000,0,0,0,0,210,210
580030655168743378,Order,2025/08/17,2025/08/28,VND,94500,130000,130000,130000,0,0,0,0,-35500,-6000,-13650,0,-40000,20000,20000,0,0,0,0,0,0,0,0,-10000,0,0,0,0,0,0,0,0,0,-3900,0,0,0,-1300,-650,0,0,0,0,580030655168743378,120000,0,0,0,30000,0,0,0,0,210,210
580030459453736502,Order,2025/08/17,2025/08/28,VND,77485,130000,130000,130000,0,0,0,0,-52515,-7015,-13650,0,-30300,20000,10300,0,0,0,0,0,-26000,-26000,0,0,0,0,0,0,0,0,0,0,0,-3900,0,0,0,-1300,-650,0,0,0,0,580030459453736502,140300,0,0,0,0,0,0,0,0,210,210
580029600289621606,Order,2025/08/17,2025/08/28,VND,273000,390000,390000,390000,0,0,0,0,-117000,-19500,-40950,0,-47600,47600,0,0,0,0,0,0,0,0,0,-39000,0,0,0,0,0,0,0,0,0,-11700,0,0,0,-3900,-1950,0,0,0,0,580029600289621606,390000,0,0,0,0,0,0,0,0,630,630
580028927198660436,Order,2025/08/17,2025/08/28,VND,66000,95000,95000,95000,0,0,0,0,-29000,-5250,-9975,0,-40000,30000,10000,0,0,0,0,0,0,0,0,-9500,0,0,0,0,0,0,0,0,0,-2850,0,0,0,-950,-475,0,0,0,0,580028927198660436,105000,0,0,0,0,0,0,0,0,110,110
580028764422506357,Order,2025/08/17,2025/08/28,VND,81991,115700,115700,130000,-14300,0,0,0,-33709,-5785,-12148,0,-40000,30000,10000,0,0,0,0,0,0,0,0,-10570,0,0,0,0,0,0,0,0,0,-3471,0,0,0,-1157,-578,0,0,0,0,580028764422506357,115700,0,0,0,10000,0,0,0,0,210,210
580028679809370053,Order,2025/08/17,2025/08/28,VND,56000,95000,95000,95000,0,0,0,0,-39000,-5750,-9975,0,-40000,20000,20000,0,0,0,0,0,-19000,-19000,0,0,0,0,0,0,0,0,0,0,0,-2850,0,0,0,-950,-475,0,0,0,0,580028679809370053,115000,0,0,0,0,0,0,0,0,110,110
580026038374859901,Order,2025/08/17,2025/08/28,VND,69421,115700,115700,130000,-14300,0,0,0,-46279,-5785,-12148,0,-35200,35200,0,0,0,0,0,0,-23140,-23140,0,0,0,0,0,0,0,0,0,0,0,-3471,0,0,0,-1157,-578,0,0,0,0,580026038374859901,115700,0,0,0,0,0,0,0,0,210,210
580023481765103608,Order,2025/08/17,2025/08/28,VND,69406,115700,115700,130000,-14300,0,0,0,-46294,-5800,-12148,0,-30300,30000,300,0,0,0,0,0,-23140,-23140,0,0,0,0,0,0,0,0,0,0,0,-3471,0,0,0,-1157,-578,0,0,0,0,580023481765103608,116000,0,0,0,0,0,0,0,0,210,210
580022498671363336,Order,2025/08/17,2025/08/28,VND,57000,95000,95000,95000,0,0,0,0,-38000,-4750,-9975,0,-30300,30300,0,0,0,0,0,0,-19000,-19000,0,0,0,0,0,0,0,0,0,0,0,-2850,0,0,0,-950,-475,0,0,0,0,580022498671363336,95000,0,0,0,0,0,0,0,0,110,110
580020809063499434,Order,2025/08/16,2025/08/28,VND,50500,85000,85000,95000,-10000,0,0,0,-34500,-4750,-8925,0,-40000,30000,10000,0,0,0,0,0,-17000,-17000,0,0,0,0,0,0,0,0,0,0,0,-2550,0,0,0,-850,-425,0,0,0,0,580020809063499434,95000,0,0,0,0,0,0,0,0,110,110
580019539207489283,Order,2025/08/16,2025/08/28,VND,82491,115700,115700,130000,-14300,0,0,0,-33209,-5285,-12148,0,-26200,26200,0,0,0,0,0,0,0,0,0,-10570,0,0,0,0,0,0,0,0,0,-3471,0,0,0,-1157,-578,0,0,0,0,580019539207489283,105700,0,0,0,10000,0,0,0,0,210,210
580019491862120415,Order,2025/08/16,2025/08/28,VND,58985,85000,85000,95000,-10000,0,0,0,-26015,-4765,-8925,0,-30300,20000,10300,0,0,0,0,0,0,0,0,-8500,0,0,0,0,0,0,0,0,0,-2550,0,0,0,-850,-425,0,0,0,0,580019491862120415,95300,0,0,0,0,0,0,0,0,110,110
580019074566620811,Order,2025/08/16,2025/08/28,VND,63500,85000,85000,95000,-10000,0,0,0,-21500,-1750,-8925,0,-40000,40000,0,0,0,0,0,0,-7000,-7000,0,0,0,0,0,0,0,0,0,0,0,-2550,0,0,0,-850,-425,0,0,0,0,580019074566620811,35000,0,0,0,50000,0,0,0,0,110,110
580018857951135419,Order,2025/08/16,2025/08/28,VND,69421,115700,115700,130000,-14300,0,0,0,-46279,-5785,-12148,0,-40000,40000,0,0,0,0,0,0,-23140,-23140,0,0,0,0,0,0,0,0,0,0,0,-3471,0,0,0,-1157,-578,0,0,0,0,580018857951135419,115700,0,0,0,0,0,0,0,0,210,210
580018788358718915,Order,2025/08/16,2025/08/28,VND,50500,85000,85000,95000,-10000,0,0,0,-34500,-4750,-8925,0,-40000,30000,10000,0,0,0,0,0,-17000,-17000,0,0,0,0,0,0,0,0,0,0,0,-2550,0,0,0,-850,-425,0,0,0,0,580018788358718915,95000,0,0,0,0,0,0,0,0,110,110
580018658220541123,Order,2025/08/16,2025/08/28,VND,180525,290000,290000,350000,-60000,0,0,0,-109475,-13195,-30450,0,-47600,47600,0,0,0,0,0,0,-52780,-52780,0,0,0,0,0,0,0,0,0,0,0,-8700,0,0,0,-2900,-1450,0,0,0,0,580018658220541123,263900,0,0,0,26100,0,0,0,0,510,510
580018655910069330,Order,2025/08/16,2025/08/28,VND,49300,85000,85000,95000,-10000,0,0,0,-35700,-5950,-8925,0,-40000,6000,34000,0,0,0,0,0,-17000,-17000,0,0,0,0,0,0,0,0,0,0,0,-2550,0,0,0,-850,-425,0,0,0,0,580018655910069330,119000,0,0,0,0,0,0,0,0,110,110
580018618996917347,Order,2025/08/16,2025/08/28,VND,206480,290000,290000,350000,-60000,0,0,0,-83520,-13340,-30450,0,-35100,35100,0,0,0,0,0,0,0,0,0,-26680,0,0,0,0,0,0,0,0,0,-8700,0,0,0,-2900,-1450,0,0,0,0,580018618996917347,266800,0,0,0,23200,0,0,0,0,510,510
580018540816270438,Order,2025/08/16,2025/08/28,VND,51000,85000,85000,95000,-10000,0,0,0,-34000,-4250,-8925,0,-40000,40000,0,0,0,0,0,0,-17000,-17000,0,0,0,0,0,0,0,0,0,0,0,-2550,0,0,0,-850,-425,0,0,0,0,580018540816270438,85000,0,0,0,0,0,0,0,0,110,110
580018278378013768,Order,2025/08/16,2025/08/28,VND,181250,290000,290000,350000,-60000,0,0,0,-108750,-13050,-30450,0,-47600,47600,0,0,0,0,0,0,-52200,-52200,0,0,0,0,0,0,0,0,0,0,0,-8700,0,0,0,-2900,-1450,0,0,0,0,580018278378013768,261000,0,0,0,29000,0,0,0,0,510,510
580017961679751135,Order,2025/08/16,2025/08/28,VND,72587,115700,115700,130000,-14300,0,0,0,-43113,-5164,-12148,0,-30300,30000,300,0,0,0,0,0,-20595,-20595,0,0,0,0,0,0,0,0,0,0,0,-3471,0,0,0,-1157,-578,0,0,0,0,580017961679751135,103273,0,0,0,12727,0,0,0,0,210,210
580017834287597151,Order,2025/08/16,2025/08/28,VND,71602,115700,115700,130000,-14300,0,0,0,-44098,-6149,-12148,0,-40000,20000,20000,0,0,0,0,0,-20595,-20595,0,0,0,0,0,0,0,0,0,0,0,-3471,0,0,0,-1157,-578,0,0,0,0,580017834287597151,122973,0,0,0,12727,0,0,0,0,210,210
580015378329076745,Order,2025/08/16,2025/08/28,VND,50500,85000,85000,95000,-10000,0,0,0,-34500,-4750,-8925,0,-40000,30000,10000,0,0,0,0,0,-17000,-17000,0,0,0,0,0,0,0,0,0,0,0,-2550,0,0,0,-850,-425,0,0,0,0,580015378329076745,95000,0,0,0,0,0,0,0,0,110,110
580142973341107236,Order,2025/08/26,2025/08/27,VND,0,0,190000,190000,0,-190000,-190000,0,0,0,0,0,0,0,0,0,0,0,0,0,0,0,0,0,0,0,0,0,0,0,0,0,0,0,0,0,0,0,0,0,0,0,0,580142973341107236,190000,-190000,0,0,0,0,0,0,0,230,0
580140916214695083,Order,2025/08/26,2025/08/27,VND,0,0,85000,95000,-10000,-85000,-95000,10000,0,0,0,0,0,0,10300,0,-10300,0,0,0,0,0,0,0,0,0,0,0,0,0,0,0,0,0,0,0,0,0,0,0,0,0,0,580140916214695083,95300,-95300,0,0,0,0,0,0,0,110,0
580135896306059088,Order,2025/08/26,2025/08/27,VND,0,0,130000,130000,0,-130000,-130000,0,0,0,0,0,0,0,0,0,0,0,0,0,0,0,0,0,0,0,0,0,0,0,0,0,0,0,0,0,0,0,0,0,0,0,0,580135896306059088,130000,-130000,0,0,0,0,0,0,0,210,0
580031662733821460,Order,2025/08/17,2025/08/27,VND,56985,95000,95000,95000,0,0,0,0,-38015,-4765,-9975,0,-30300,30000,300,0,0,0,0,0,-19000,-19000,0,0,0,0,0,0,0,0,0,0,0,-2850,0,0,0,-950,-475,0,0,0,0,580031662733821460,95300,0,0,0,0,0,0,0,0,110,110
580030838441149972,Order,2025/08/17,2025/08/27,VND,113985,190000,190000,190000,0,0,0,0,-76015,-9515,-19950,0,-30300,30000,300,0,0,0,0,0,-38000,-38000,0,0,0,0,0,0,0,0,0,0,0,-5700,0,0,0,-1900,-950,0,0,0,0,580030838441149972,190300,0,0,0,0,0,0,0,0,230,230
580019359220532797,Order,2025/08/16,2025/08/27,VND,50985,85000,85000,95000,-10000,0,0,0,-34015,-4265,-8925,0,-30300,30000,300,0,0,0,0,0,-17000,-17000,0,0,0,0,0,0,0,0,0,0,0,-2550,0,0,0,-850,-425,0,0,0,0,580019359220532797,85300,0,0,0,0,0,0,0,0,110,110
580012555660199323,Order,2025/08/16,2025/08/26,VND,49240,85000,85000,95000,-10000,0,0,0,-35760,-6010,-8925,0,-35200,0,35200,0,0,0,0,0,-17000,-17000,0,0,0,0,0,0,0,0,0,0,0,-2550,0,0,0,-850,-425,0,0,0,0,580012555660199323,120200,0,0,0,0,0,0,0,0,110,110
580010813967402056,Order,2025/08/16,2025/08/26,VND,69921,115700,115700,130000,-14300,0,0,0,-45779,-7285,-12148,0,-40000,0,40000,0,0,0,0,0,-21140,-21140,0,0,0,0,0,0,0,0,0,0,0,-3471,0,0,0,-1157,-578,0,0,0,0,580010813967402056,145700,0,0,0,10000,0,0,0,0,210,210
580006752593872417,Order,2025/08/15,2025/08/26,VND,68471,115700,115700,130000,-14300,0,0,0,-47229,-6735,-12148,0,-40000,21000,19000,0,0,0,0,0,-23140,-23140,0,0,0,0,0,0,0,0,0,0,0,-3471,0,0,0,-1157,-578,0,0,0,0,580006752593872417,134700,0,0,0,0,0,0,0,0,210,210
580006684498822892,Order,2025/08/15,2025/08/26,VND,238000,340000,340000,380000,-40000,0,0,0,-102000,-17000,-35700,0,-35200,35200,0,0,0,0,0,0,0,0,0,-34000,0,0,0,0,0,0,0,0,0,-10200,0,0,0,-3400,-1700,0,0,0,0,580006684498822892,340000,0,0,0,0,0,0,0,0,430,430
580006583068951907,Order,2025/08/15,2025/08/26,VND,59500,85000,85000,95000,-10000,0,0,0,-25500,-4250,-8925,0,-35200,35200,0,0,0,0,0,0,0,0,0,-8500,0,0,0,0,0,0,0,0,0,-2550,0,0,0,-850,-425,0,0,0,0,580006583068951907,85000,0,0,0,0,0,0,0,0,110,110
580006596884268039,Order,2025/08/15,2025/08/26,VND,50500,85000,85000,95000,-10000,0,0,0,-34500,-4750,-8925,0,-40000,30000,10000,0,0,0,0,0,-17000,-17000,0,0,0,0,0,0,0,0,0,0,0,-2550,0,0,0,-850,-425,0,0,0,0,580006596884268039,95000,0,0,0,0,0,0,0,0,110,110
580006354230281521,Order,2025/08/15,2025/08/26,VND,180250,290000,290000,350000,-60000,0,0,0,-109750,-13250,-30450,0,-41400,41400,0,0,0,0,0,0,-53000,-53000,0,0,0,0,0,0,0,0,0,0,0,-8700,0,0,0,-2900,-1450,0,0,0,0,580006354230281521,265000,0,0,0,25000,0,0,0,0,510,510
580005746051679573,Order,2025/08/15,2025/08/26,VND,56500,95000,95000,95000,0,0,0,0,-38500,-5250,-9975,0,-40000,30000,10000,0,0,0,0,0,-19000,-19000,0,0,0,0,0,0,0,0,0,0,0,-2850,0,0,0,-950,-475,0,0,0,0,580005746051679573,105000,0,0,0,0,0,0,0,0,110,110
580005067043800405,Order,2025/08/15,2025/08/26,VND,56500,95000,95000,95000,0,0,0,0,-38500,-5250,-9975,0,-40000,30000,10000,0,0,0,0,0,-19000,-19000,0,0,0,0,0,0,0,0,0,0,0,-2850,0,0,0,-950,-475,0,0,0,0,580005067043800405,105000,0,0,0,0,0,0,0,0,110,110
580004912734569583,Order,2025/08/15,2025/08/26,VND,69406,115700,115700,130000,-14300,0,0,0,-46294,-5800,-12148,0,-30300,30000,300,0,0,0,0,0,-23140,-23140,0,0,0,0,0,0,0,0,0,0,0,-3471,0,0,0,-1157,-578,0,0,0,0,580004912734569583,116000,0,0,0,0,0,0,0,0,210,210
579995915783735066,Order,2025/08/14,2025/08/26,VND,363950,580000,580000,700000,-120000,0,0,0,-216050,-25810,-60900,0,-39400,39400,0,0,0,0,0,0,-103240,-103240,0,0,0,0,0,0,0,0,0,0,0,-17400,0,0,0,-5800,-2900,0,0,0,0,579995915783735066,516200,0,0,0,63800,0,0,0,0,1030,1030
579994467620063004,Order,2025/08/14,2025/08/26,VND,69111,115700,115700,130000,-14300,0,0,0,-46589,-6095,-12148,0,-26200,20000,6200,0,0,0,0,0,-23140,-23140,0,0,0,0,0,0,0,0,0,0,0,-3471,0,0,0,-1157,-578,0,0,0,0,579994467620063004,121900,0,0,0,0,0,0,0,0,210,210
580013426262050313,Order,2025/08/16,2025/08/25,VND,348000,580000,580000,700000,-120000,0,0,0,-232000,-29000,-60900,0,-55400,55400,0,0,0,0,0,0,-116000,-116000,0,0,0,0,0,0,0,0,0,0,0,-17400,0,0,0,-5800,-2900,0,0,0,0,580013426262050313,580000,0,0,0,0,0,0,0,0,1030,1030
580013056621053315,Order,2025/08/16,2025/08/25,VND,68921,115700,115700,130000,-14300,0,0,0,-46779,-6285,-12148,0,-40000,30000,10000,0,0,0,0,0,-23140,-23140,0,0,0,0,0,0,0,0,0,0,0,-3471,0,0,0,-1157,-578,0,0,0,0,580013056621053315,125700,0,0,0,0,0,0,0,0,210,210
580012307020088918,Order,2025/08/16,2025/08/25,VND,80491,115700,115700,130000,-14300,0,0,0,-35209,-6285,-12148,0,-40000,30000,10000,0,0,0,0,0,0,0,0,-11570,0,0,0,0,0,0,0,0,0,-3471,0,0,0,-1157,-578,0,0,0,0,580012307020088918,125700,0,0,0,0,0,0,0,0,210,210
580012097219036642,Order,2025/08/16,2025/08/25,VND,69421,115700,115700,130000,-14300,0,0,0,-46279,-5785,-12148,0,-40000,40000,0,0,0,0,0,0,-23140,-23140,0,0,0,0,0,0,0,0,0,0,0,-3471,0,0,0,-1157,-578,0,0,0,0,580012097219036642,115700,0,0,0,0,0,0,0,0,210,210
580011969337395180,Order,2025/08/16,2025/08/25,VND,50985,85000,85000,95000,-10000,0,0,0,-34015,-4265,-8925,0,-30300,30000,300,0,0,0,0,0,-17000,-17000,0,0,0,0,0,0,0,0,0,0,0,-2550,0,0,0,-850,-425,0,0,0,0,580011969337395180,85300,0,0,0,0,0,0,0,0,110,110
580011485482419979,Order,2025/08/16,2025/08/25,VND,50500,85000,85000,95000,-10000,0,0,0,-34500,-4750,-8925,0,-40000,30000,10000,0,0,0,0,0,-17000,-17000,0,0,0,0,0,0,0,0,0,0,0,-2550,0,0,0,-850,-425,0,0,0,0,580011485482419979,95000,0,0,0,0,0,0,0,0,110,110
580008443971994837,Order,2025/08/15,2025/08/25,VND,80681,115700,115700,130000,-14300,0,0,0,-35019,-6095,-12148,0,-26200,20000,6200,0,0,0,0,0,0,0,0,-11570,0,0,0,0,0,0,0,0,0,-3471,0,0,0,-1157,-578,0,0,0,0,580008443971994837,121900,0,0,0,0,0,0,0,0,210,210
580007841660962101,Order,2025/08/15,2025/08/25,VND,203000,290000,290000,350000,-60000,0,0,0,-87000,-14500,-30450,0,-47600,47600,0,0,0,0,0,0,0,0,0,-29000,0,0,0,0,0,0,0,0,0,-8700,0,0,0,-2900,-1450,0,0,0,0,580007841660962101,290000,0,0,0,0,0,0,0,0,510,510
580007658316072686,Order,2025/08/15,2025/08/25,VND,180000,290000,290000,350000,-60000,0,0,0,-110000,-13300,-30450,0,-29700,29700,0,0,0,0,0,0,-53200,-53200,0,0,0,0,0,0,0,0,0,0,0,-8700,0,0,0,-2900,-1450,0,0,0,0,580007658316072686,266000,0,0,0,24000,0,0,0,0,510,510
580007167261902453,Order,2025/08/15,2025/08/25,VND,57500,85000,85000,95000,-10000,0,0,0,-27500,-6250,-8925,0,-40000,0,40000,0,0,0,0,0,0,0,0,-8500,0,0,0,0,0,0,0,0,0,-2550,0,0,0,-850,-425,0,0,0,0,580007167261902453,125000,0,0,0,0,0,0,0,0,110,110
580007108687136310,Order,2025/08/15,2025/08/25,VND,50985,85000,85000,95000,-10000,0,0,0,-34015,-4265,-8925,0,-30300,30000,300,0,0,0,0,0,-17000,-17000,0,0,0,0,0,0,0,0,0,0,0,-2550,0,0,0,-850,-425,0,0,0,0,580007108687136310,85300,0,0,0,0,0,0,0,0,110,110
580007080519436223,Order,2025/08/15,2025/08/25,VND,178795,290000,290000,350000,-60000,0,0,0,-111205,-13765,-30450,0,-47600,42000,5600,0,0,0,0,0,-53940,-53940,0,0,0,0,0,0,0,0,0,0,0,-8700,0,0,0,-2900,-1450,0,0,0,0,580007080519436223,275300,0,0,0,20300,0,0,0,0,510,510
580007043632432669,Order,2025/08/15,2025/08/25,VND,68921,115700,115700,130000,-14300,0,0,0,-46779,-6285,-12148,0,-40000,30000,10000,0,0,0,0,0,-23140,-23140,0,0,0,0,0,0,0,0,0,0,0,-3471,0,0,0,-1157,-578,0,0,0,0,580007043632432669,125700,0,0,0,0,0,0,0,0,210,210
580006642500011814,Order,2025/08/15,2025/08/25,VND,180250,290000,290000,350000,-60000,0,0,0,-109750,-13250,-30450,0,-47600,47600,0,0,0,0,0,0,-53000,-53000,0,0,0,0,0,0,0,0,0,0,0,-8700,0,0,0,-2900,-1450,0,0,0,0,580006642500011814,265000,0,0,0,25000,0,0,0,0,510,510
580006584997021153,Order,2025/08/15,2025/08/25,VND,69421,115700,115700,130000,-14300,0,0,0,-46279,-5785,-12148,0,-40000,40000,0,0,0,0,0,0,-23140,-23140,0,0,0,0,0,0,0,0,0,0,0,-3471,0,0,0,-1157,-578,0,0,0,0,580006584997021153,115700,0,0,0,0,0,0,0,0,210,210
580006620069069906,Order,2025/08/15,2025/08/25,VND,408995,580000,580000,700000,-120000,0,0,0,-171005,-28505,-60900,0,-35100,20000,15100,0,0,0,0,0,0,0,0,-55500,0,0,0,0,0,0,0,0,0,-17400,0,0,0,-5800,-2900,0,0,0,0,580006620069069906,570100,0,0,0,25000,0,0,0,0,1000,1000
580005056526714387,Order,2025/08/15,2025/08/25,VND,55000,95000,95000,95000,0,0,0,0,-40000,-6750,-9975,0,-40000,0,40000,0,0,0,0,0,-19000,-19000,0,0,0,0,0,0,0,0,0,0,0,-2850,0,0,0,-950,-475,0,0,0,0,580005056526714387,135000,0,0,0,0,0,0,0,0,110,110
580003995226048136,Order,2025/08/15,2025/08/25,VND,50485,85000,85000,95000,-10000,0,0,0,-34515,-4765,-8925,0,-30300,20000,10300,0,0,0,0,0,-17000,-17000,0,0,0,0,0,0,0,0,0,0,0,-2550,0,0,0,-850,-425,0,0,0,0,580003995226048136,95300,0,0,0,0,0,0,0,0,110,110
580003126780527746,Order,2025/08/15,2025/08/25,VND,80231,115700,115700,130000,-14300,0,0,0,-35469,-6545,-12148,0,-35200,20000,15200,0,0,0,0,0,0,0,0,-11570,0,0,0,0,0,0,0,0,0,-3471,0,0,0,-1157,-578,0,0,0,0,580003126780527746,130900,0,0,0,0,0,0,0,0,210,210
580002358536668647,Order,2025/08/15,2025/08/25,VND,69421,115700,115700,130000,-14300,0,0,0,-46279,-5785,-12148,0,-30300,30300,0,0,0,0,0,0,-23140,-23140,0,0,0,0,0,0,0,0,0,0,0,-3471,0,0,0,-1157,-578,0,0,0,0,580002358536668647,115700,0,0,0,0,0,0,0,0,200,200
580001902686078285,Order,2025/08/15,2025/08/25,VND,68921,115700,115700,130000,-14300,0,0,0,-46779,-6285,-12148,0,-40000,30000,10000,0,0,0,0,0,-23140,-23140,0,0,0,0,0,0,0,0,0,0,0,-3471,0,0,0,-1157,-578,0,0,0,0,580001902686078285,125700,0,0,0,0,0,0,0,0,210,210
580000668923823736,Order,2025/08/15,2025/08/25,VND,68921,115700,115700,130000,-14300,0,0,0,-46779,-6285,-12148,0,-40000,30000,10000,0,0,0,0,0,-23140,-23140,0,0,0,0,0,0,0,0,0,0,0,-3471,0,0,0,-1157,-578,0,0,0,0,580000668923823736,125700,0,0,0,0,0,0,0,0,210,210
580000698578732877,Order,2025/08/15,2025/08/25,VND,68921,115700,115700,130000,-14300,0,0,0,-46779,-6285,-12148,0,-40000,30000,10000,0,0,0,0,0,-23140,-23140,0,0,0,0,0,0,0,0,0,0,0,-3471,0,0,0,-1157,-578,0,0,0,0,580000698578732877,125700,0,0,0,0,0,0,0,0,210,210
580000096836355547,Order,2025/08/15,2025/08/25,VND,59000,85000,85000,95000,-10000,0,0,0,-26000,-4750,-8925,0,-40000,30000,10000,0,0,0,0,0,0,0,0,-8500,0,0,0,0,0,0,0,0,0,-2550,0,0,0,-850,-425,0,0,0,0,580000096836355547,95000,0,0,0,0,0,0,0,0,110,110
579999444645807131,Order,2025/08/15,2025/08/25,VND,68921,115700,115700,130000,-14300,0,0,0,-46779,-6285,-12148,0,-40000,30000,10000,0,0,0,0,0,-23140,-23140,0,0,0,0,0,0,0,0,0,0,0,-3471,0,0,0,-1157,-578,0,0,0,0,579999444645807131,125700,0,0,0,0,0,0,0,0,210,210
579999321925650003,Order,2025/08/15,2025/08/25,VND,69421,115700,115700,130000,-14300,0,0,0,-46279,-5785,-12148,0,-40000,40000,0,0,0,0,0,0,-23140,-23140,0,0,0,0,0,0,0,0,0,0,0,-3471,0,0,0,-1157,-578,0,0,0,0,579999321925650003,115700,0,0,0,0,0,0,0,0,210,210
579996690057692919,Order,2025/08/14,2025/08/25,VND,59485,85000,85000,95000,-10000,0,0,0,-25515,-4265,-8925,0,-30300,30000,300,0,0,0,0,0,0,0,0,-8500,0,0,0,0,0,0,0,0,0,-2550,0,0,0,-850,-425,0,0,0,0,579996690057692919,85300,0,0,0,0,0,0,0,0,110,110
579996363031479977,Order,2025/08/14,2025/08/25,VND,203000,290000,290000,350000,-60000,0,0,0,-87000,-14500,-30450,0,-47600,47600,0,0,0,0,0,0,0,0,0,-29000,0,0,0,0,0,0,0,0,0,-8700,0,0,0,-2900,-1450,0,0,0,0,579996363031479977,290000,0,0,0,0,0,0,0,0,510,510
579995935118755674,Order,2025/08/14,2025/08/25,VND,70671,115700,115700,130000,-14300,0,0,0,-45029,-5535,-12148,0,-40000,40000,0,0,0,0,0,0,-22140,-22140,0,0,0,0,0,0,0,0,0,0,0,-3471,0,0,0,-1157,-578,0,0,0,0,579995935118755674,110700,0,0,0,5000,0,0,0,0,210,210
579995853106611339,Order,2025/08/14,2025/08/25,VND,59485,85000,85000,95000,-10000,0,0,0,-25515,-4265,-8925,0,-30300,30000,300,0,0,0,0,0,0,0,0,-8500,0,0,0,0,0,0,0,0,0,-2550,0,0,0,-850,-425,0,0,0,0,579995853106611339,85300,0,0,0,0,0,0,0,0,110,110
579995097222252473,Order,2025/08/14,2025/08/25,VND,69421,115700,115700,130000,-14300,0,0,0,-46279,-5785,-12148,0,-40000,40000,0,0,0,0,0,0,-23140,-23140,0,0,0,0,0,0,0,0,0,0,0,-3471,0,0,0,-1157,-578,0,0,0,0,579995097222252473,115700,0,0,0,0,0,0,0,0,210,210
579994938607241118,Order,2025/08/14,2025/08/25,VND,69421,115700,115700,130000,-14300,0,0,0,-46279,-5785,-12148,0,-35200,35200,0,0,0,0,0,0,-23140,-23140,0,0,0,0,0,0,0,0,0,0,0,-3471,0,0,0,-1157,-578,0,0,0,0,579994938607241118,115700,0,0,0,0,0,0,0,0,210,210
579994865537025989,Order,2025/08/14,2025/08/25,VND,68921,115700,115700,130000,-14300,0,0,0,-46779,-6285,-12148,0,-40000,30000,10000,0,0,0,0,0,-23140,-23140,0,0,0,0,0,0,0,0,0,0,0,-3471,0,0,0,-1157,-578,0,0,0,0,579994865537025989,125700,0,0,0,0,0,0,0,0,210,210
579994731424679208,Order,2025/08/14,2025/08/25,VND,180250,290000,290000,350000,-60000,0,0,0,-109750,-13250,-30450,0,-47600,47600,0,0,0,0,0,0,-53000,-53000,0,0,0,0,0,0,0,0,0,0,0,-8700,0,0,0,-2900,-1450,0,0,0,0,579994731424679208,265000,0,0,0,25000,0,0,0,0,510,510
579994771311658280,Order,2025/08/14,2025/08/25,VND,50500,85000,85000,95000,-10000,0,0,0,-34500,-4750,-8925,0,-40000,30000,10000,0,0,0,0,0,-17000,-17000,0,0,0,0,0,0,0,0,0,0,0,-2550,0,0,0,-850,-425,0,0,0,0,579994771311658280,95000,0,0,0,0,0,0,0,0,110,110
579994694229460405,Order,2025/08/14,2025/08/25,VND,68921,115700,115700,130000,-14300,0,0,0,-46779,-6285,-12148,0,-40000,30000,10000,0,0,0,0,0,-23140,-23140,0,0,0,0,0,0,0,0,0,0,0,-3471,0,0,0,-1157,-578,0,0,0,0,579994694229460405,125700,0,0,0,0,0,0,0,0,210,210
579984681158477207,Order,2025/08/13,2025/08/25,VND,53050,85000,85000,95000,-10000,0,0,0,-31950,-4750,-8925,0,-40000,30000,10000,0,0,0,0,0,-17000,-17000,0,0,0,0,0,0,0,0,0,0,0,0,0,0,0,-850,-425,0,0,0,0,579984681158477207,95000,0,0,0,0,0,0,0,0,110,110
579971834777797670,Order,2025/08/12,2025/08/25,VND,94400,130000,130000,130000,0,0,0,0,-35600,-7000,-13650,0,-40000,30000,10000,0,0,0,0,0,0,0,0,-13000,0,0,0,0,0,0,0,0,0,0,0,0,0,-1300,-650,0,0,0,0,579971834777797670,140000,0,0,0,0,0,0,0,0,210,210
580009320400258252,Order,2025/08/15,2025/08/24,VND,69406,115700,115700,130000,-14300,0,0,0,-46294,-5800,-12148,0,-30300,30000,300,0,0,0,0,0,-23140,-23140,0,0,0,0,0,0,0,0,0,0,0,-3471,0,0,0,-1157,-578,0,0,0,0,580009320400258252,116000,0,0,0,0,0,0,0,0,210,210
580005284317398274,Order,2025/08/15,2025/08/24,VND,66500,95000,95000,95000,0,0,0,0,-28500,-4750,-9975,0,-19700,19700,0,0,0,0,0,0,0,0,0,-9500,0,0,0,0,0,0,0,0,0,-2850,0,0,0,-950,-475,0,0,0,0,580005284317398274,95000,0,0,0,0,0,0,0,0,110,110
580003248119121826,Order,2025/08/15,2025/08/24,VND,102000,170000,170000,190000,-20000,0,0,0,-68000,-8500,-17850,0,-30300,30300,0,0,0,0,0,0,-34000,-34000,0,0,0,0,0,0,0,0,0,0,0,-5100,0,0,0,-1700,-850,0,0,0,0,580003248119121826,170000,0,0,0,0,0,0,0,0,230,230
580001037623067841,Order,2025/08/15,2025/08/24,VND,59485,85000,85000,95000,-10000,0,0,0,-25515,-4265,-8925,0,-30300,30000,300,0,0,0,0,0,0,0,0,-8500,0,0,0,0,0,0,0,0,0,-2550,0,0,0,-850,-425,0,0,0,0,580001037623067841,85300,0,0,0,0,0,0,0,0,110,110
579996605524051192,Order,2025/08/14,2025/08/24,VND,59485,85000,85000,95000,-10000,0,0,0,-25515,-4265,-8925,0,-30300,30000,300,0,0,0,0,0,0,0,0,-8500,0,0,0,0,0,0,0,0,0,-2550,0,0,0,-850,-425,0,0,0,0,579996605524051192,85300,0,0,0,0,0,0,0,0,110,110
579985814659957794,Order,2025/08/14,2025/08/24,VND,53050,85000,85000,95000,-10000,0,0,0,-31950,-4750,-8925,0,-40000,30000,10000,0,0,0,0,0,-17000,-17000,0,0,0,0,0,0,0,0,0,0,0,0,0,0,0,-850,-425,0,0,0,0,579985814659957794,95000,0,0,0,0,0,0,0,0,110,110
579983509193197431,Order,2025/08/13,2025/08/24,VND,61550,85000,85000,95000,-10000,0,0,0,-23450,-4750,-8925,0,-40000,30000,10000,0,0,0,0,0,0,0,0,-8500,0,0,0,0,0,0,0,0,0,0,0,0,0,-850,-425,0,0,0,0,579983509193197431,95000,0,0,0,0,0,0,0,0,110,110
579983461471192519,Order,2025/08/13,2025/08/24,VND,53050,85000,85000,95000,-10000,0,0,0,-31950,-4750,-8925,0,-40000,30000,10000,0,0,0,0,0,-17000,-17000,0,0,0,0,0,0,0,0,0,0,0,0,0,0,0,-850,-425,0,0,0,0,579983461471192519,95000,0,0,0,0,0,0,0,0,110,110
579983420594685950,Order,2025/08/13,2025/08/24,VND,84202,115700,115700,130000,-14300,0,0,0,-31498,-6045,-12148,0,-35200,30000,5200,0,0,0,0,0,0,0,0,-11570,0,0,0,0,0,0,0,0,0,0,0,0,0,-1157,-578,0,0,0,0,579983420594685950,120900,0,0,0,0,0,0,0,0,210,210
579983382278604354,Order,2025/08/13,2025/08/24,VND,61550,85000,85000,95000,-10000,0,0,0,-23450,-4750,-8925,0,-40000,30000,10000,0,0,0,0,0,0,0,0,-8500,0,0,0,0,0,0,0,0,0,0,0,0,0,-850,-425,0,0,0,0,579983382278604354,95000,0,0,0,0,0,0,0,0,110,110
579983321719670421,Order,2025/08/13,2025/08/24,VND,53050,85000,85000,95000,-10000,0,0,0,-31950,-4750,-8925,0,-40000,30000,10000,0,0,0,0,0,-17000,-17000,0,0,0,0,0,0,0,0,0,0,0,0,0,0,0,-850,-425,0,0,0,0,579983321719670421,95000,0,0,0,0,0,0,0,0,110,110
579983310870382528,Order,2025/08/13,2025/08/24,VND,211700,290000,290000,350000,-60000,0,0,0,-78300,-14500,-30450,0,-47600,47600,0,0,0,0,0,0,0,0,0,-29000,0,0,0,0,0,0,0,0,0,0,0,0,0,-2900,-1450,0,0,0,0,579983310870382528,290000,0,0,0,0,0,0,0,0,510,510
579983308992840770,Order,2025/08/13,2025/08/24,VND,72892,115700,115700,130000,-14300,0,0,0,-42808,-5785,-12148,0,-30300,30300,0,0,0,0,0,0,-23140,-23140,0,0,0,0,0,0,0,0,0,0,0,0,0,0,0,-1157,-578,0,0,0,0,579983308992840770,115700,0,0,0,0,0,0,0,0,210,210
579983245446121131,Order,2025/08/13,2025/08/24,VND,53050,85000,85000,95000,-10000,0,0,0,-31950,-4750,-8925,0,-40000,30000,10000,0,0,0,0,0,-17000,-17000,0,0,0,0,0,0,0,0,0,0,0,0,0,0,0,-850,-425,0,0,0,0,579983245446121131,95000,0,0,0,0,0,0,0,0,110,110
579983189973174066,Order,2025/08/13,2025/08/24,VND,53050,85000,85000,95000,-10000,0,0,0,-31950,-4750,-8925,0,-40000,30000,10000,0,0,0,0,0,-17000,-17000,0,0,0,0,0,0,0,0,0,0,0,0,0,0,0,-850,-425,0,0,0,0,579983189973174066,95000,0,0,0,0,0,0,0,0,110,110
579983007580129163,Order,2025/08/13,2025/08/24,VND,83962,115700,115700,130000,-14300,0,0,0,-31738,-6285,-12148,0,-40000,30000,10000,0,0,0,0,0,0,0,0,-11570,0,0,0,0,0,0,0,0,0,0,0,0,0,-1157,-578,0,0,0,0,579983007580129163,125700,0,0,0,0,0,0,0,0,210,210
579982907557578635,Order,2025/08/13,2025/08/24,VND,123600,170000,170000,190000,-20000,0,0,0,-46400,-9000,-17850,0,-40000,30000,10000,0,0,0,0,0,0,0,0,-17000,0,0,0,0,0,0,0,0,0,0,0,0,0,-1700,-850,0,0,0,0,579982907557578635,180000,0,0,0,0,0,0,0,0,230,230
579982733845039037,Order,2025/08/13,2025/08/24,VND,61790,85000,85000,95000,-10000,0,0,0,-23210,-4510,-8925,0,-35200,30000,5200,0,0,0,0,0,0,0,0,-8500,0,0,0,0,0,0,0,0,0,0,0,0,0,-850,-425,0,0,0,0,579982733845039037,90200,0,0,0,0,0,0,0,0,110,110
579982549879129417,Order,2025/08/13,2025/08/24,VND,188950,290000,290000,350000,-60000,0,0,0,-101050,-13250,-30450,0,-47600,47600,0,0,0,0,0,0,-53000,-53000,0,0,0,0,0,0,0,0,0,0,0,0,0,0,0,-2900,-1450,0,0,0,0,579982549879129417,265000,0,0,0,25000,0,0,0,0,510,510
579981988142351826,Order,2025/08/13,2025/08/24,VND,59850,95000,95000,95000,0,0,0,0,-35150,-4750,-9975,0,-40000,40000,0,0,0,0,0,0,-19000,-19000,0,0,0,0,0,0,0,0,0,0,0,0,0,0,0,-950,-475,0,0,0,0,579981988142351826,95000,0,0,0,0,0,0,0,0,110,110
579976359122470699,Order,2025/08/13,2025/08/24,VND,409500,650000,650000,650000,0,0,0,0,-240500,-32500,-68250,0,-39400,39400,0,0,0,0,0,0,-130000,-130000,0,0,0,0,0,0,0,0,0,0,0,0,0,0,0,-6500,-3250,0,0,0,0,579976359122470699,650000,0,0,0,0,0,0,0,0,1030,1030
579972115690391093,Order,2025/08/12,2025/08/24,VND,163800,260000,260000,260000,0,0,0,0,-96200,-13000,-27300,0,-26200,26200,0,0,0,0,0,0,-52000,-52000,0,0,0,0,0,0,0,0,0,0,0,0,0,0,0,-2600,-1300,0,0,0,0,579972115690391093,260000,0,0,0,0,0,0,0,0,430,430
579971964009350314,Order,2025/08/12,2025/08/24,VND,364458,578500,578500,650000,-71500,0,0,0,-214042,-28925,-60742,0,-39400,39400,0,0,0,0,0,0,-115700,-115700,0,0,0,0,0,0,0,0,0,0,0,0,0,0,0,-5785,-2890,0,0,0,0,579971964009350314,578500,0,0,0,0,0,0,0,0,1030,1030
579970866201068926,Order,2025/08/12,2025/08/24,VND,373400,580000,580000,700000,-120000,0,0,0,-206600,-27400,-60900,0,-39400,39400,0,0,0,0,0,0,-109600,-109600,0,0,0,0,0,0,0,0,0,0,0,0,0,0,0,-5800,-2900,0,0,0,0,579970866201068926,548000,0,0,0,32000,0,0,0,0,1030,1030
579956380980315744,Order,2025/08/11,2025/08/24,VND,59850,95000,95000,95000,0,0,0,0,-35150,-4750,-9975,0,-30300,30300,0,0,0,0,0,0,-19000,-19000,0,0,0,0,0,0,0,0,0,0,0,0,0,0,0,-950,-475,0,0,0,0,579956380980315744,95000,0,0,0,0,0,0,0,0,110,110
579988194958279690,Order,2025/08/14,2025/08/23,VND,365400,580000,580000,700000,-120000,0,0,0,-214600,-29000,-60900,0,-39400,39400,0,0,0,0,0,0,-116000,-116000,0,0,0,0,0,0,0,0,0,0,0,0,0,0,0,-5800,-2900,0,0,0,0,579988194958279690,580000,0,0,0,0,0,0,0,0,1030,1030
579982818022753917,Order,2025/08/13,2025/08/23,VND,385700,580000,580000,700000,-120000,0,0,0,-194300,-24940,-60900,0,-55400,55400,0,0,0,0,0,0,-99760,-99760,0,0,0,0,0,0,0,0,0,0,0,0,0,0,0,-5800,-2900,0,0,0,0,579982818022753917,498800,0,0,0,81200,0,0,0,0,1030,1030
579978008806590300,Order,2025/08/13,2025/08/23,VND,68850,95000,95000,95000,0,0,0,0,-26150,-5250,-9975,0,-40000,30000,10000,0,0,0,0,0,0,0,0,-9500,0,0,0,0,0,0,0,0,0,0,0,0,0,-950,-475,0,0,0,0,579978008806590300,105000,0,0,0,0,0,0,0,0,110,110
579977279804245967,Order,2025/08/13,2025/08/23,VND,81640,130000,130000,130000,0,0,0,0,-48360,-6760,-13650,0,-35200,30000,5200,0,0,0,0,0,-26000,-26000,0,0,0,0,0,0,0,0,0,0,0,0,0,0,0,-1300,-650,0,0,0,0,579977279804245967,135200,0,0,0,0,0,0,0,0,210,210
579975167662261299,Order,2025/08/13,2025/08/23,VND,259700,350000,350000,350000,0,0,0,0,-90300,-16100,-36750,0,-47600,47600,0,0,0,0,0,0,0,0,0,-32200,0,0,0,0,0,0,0,0,0,0,0,0,0,-3500,-1750,0,0,0,0,579975167662261299,322000,0,0,0,28000,0,0,0,0,510,510
579973289155462672,Order,2025/08/12,2025/08/23,VND,81400,130000,130000,130000,0,0,0,0,-48600,-7000,-13650,0,-40000,30000,10000,0,0,0,0,0,-26000,-26000,0,0,0,0,0,0,0,0,0,0,0,0,0,0,0,-1300,-650,0,0,0,0,579973289155462672,140000,0,0,0,0,0,0,0,0,210,210
579971752575599675,Order,2025/08/12,2025/08/23,VND,72392,115700,115700,130000,-14300,0,0,0,-43308,-6285,-12148,0,-40000,30000,10000,0,0,0,0,0,-23140,-23140,0,0,0,0,0,0,0,0,0,0,0,0,0,0,0,-1157,-578,0,0,0,0,579971752575599675,125700,0,0,0,0,0,0,0,0,210,210
579971710226236577,Order,2025/08/12,2025/08/23,VND,72892,115700,115700,130000,-14300,0,0,0,-42808,-5785,-12148,0,-40000,40000,0,0,0,0,0,0,-23140,-23140,0,0,0,0,0,0,0,0,0,0,0,0,0,0,0,-1157,-578,0,0,0,0,579971710226236577,115700,0,0,0,0,0,0,0,0,210,210
579971458562098936,Order,2025/08/12,2025/08/23,VND,94400,130000,130000,130000,0,0,0,0,-35600,-7000,-13650,0,-40000,30000,10000,0,0,0,0,0,0,0,0,-13000,0,0,0,0,0,0,0,0,0,0,0,0,0,-1300,-650,0,0,0,0,579971458562098936,140000,0,0,0,0,0,0,0,0,210,210
579971171437020353,Order,2025/08/12,2025/08/23,VND,94400,130000,130000,130000,0,0,0,0,-35600,-7000,-13650,0,-40000,30000,10000,0,0,0,0,0,0,0,0,-13000,0,0,0,0,0,0,0,0,0,0,0,0,0,-1300,-650,0,0,0,0,579971171437020353,140000,0,0,0,0,0,0,0,0,210,210
579971138056127854,Order,2025/08/12,2025/08/23,VND,61550,85000,85000,95000,-10000,0,0,0,-23450,-4750,-8925,0,-40000,30000,10000,0,0,0,0,0,0,0,0,-8500,0,0,0,0,0,0,0,0,0,0,0,0,0,-850,-425,0,0,0,0,579971138056127854,95000,0,0,0,0,0,0,0,0,110,110
579970812168996330,Order,2025/08/12,2025/08/23,VND,84462,115700,115700,130000,-14300,0,0,0,-31238,-5785,-12148,0,-30300,30300,0,0,0,0,0,0,0,0,0,-11570,0,0,0,0,0,0,0,0,0,0,0,0,0,-1157,-578,0,0,0,0,579970812168996330,115700,0,0,0,0,0,0,0,0,210,210
579970763013326793,Order,2025/08/12,2025/08/23,VND,53050,85000,85000,95000,-10000,0,0,0,-31950,-4750,-8925,0,-40000,30000,10000,0,0,0,0,0,-17000,-17000,0,0,0,0,0,0,0,0,0,0,0,0,0,0,0,-850,-425,0,0,0,0,579970763013326793,95000,0,0,0,0,0,0,0,0,110,110
579970740953188037,Order,2025/08/12,2025/08/23,VND,84462,115700,115700,130000,-14300,0,0,0,-31238,-5785,-12148,0,-40000,40000,0,0,0,0,0,0,0,0,0,-11570,0,0,0,0,0,0,0,0,0,0,0,0,0,-1157,-578,0,0,0,0,579970740953188037,115700,0,0,0,0,0,0,0,0,210,210
579970627798796215,Order,2025/08/12,2025/08/23,VND,53550,85000,85000,95000,-10000,0,0,0,-31450,-4250,-8925,0,-26200,26200,0,0,0,0,0,0,-17000,-17000,0,0,0,0,0,0,0,0,0,0,0,0,0,0,0,-850,-425,0,0,0,0,579970627798796215,85000,0,0,0,0,0,0,0,0,110,110
579969839478572272,Order,2025/08/12,2025/08/23,VND,59850,95000,95000,95000,0,0,0,0,-35150,-4750,-9975,0,-35200,35200,0,0,0,0,0,0,-19000,-19000,0,0,0,0,0,0,0,0,0,0,0,0,0,0,0,-950,-475,0,0,0,0,579969839478572272,95000,0,0,0,0,0,0,0,0,110,110
579969529419171260,Order,2025/08/12,2025/08/23,VND,59850,95000,95000,95000,0,0,0,0,-35150,-4750,-9975,0,-35200,35200,0,0,0,0,0,0,-19000,-19000,0,0,0,0,0,0,0,0,0,0,0,0,0,0,0,-950,-475,0,0,0,0,579969529419171260,95000,0,0,0,0,0,0,0,0,110,110
579965994074343242,Order,2025/08/12,2025/08/23,VND,59590,95000,95000,95000,0,0,0,0,-35410,-5010,-9975,0,-35200,30000,5200,0,0,0,0,0,-19000,-19000,0,0,0,0,0,0,0,0,0,0,0,0,0,0,0,-950,-475,0,0,0,0,579965994074343242,100200,0,0,0,0,0,0,0,0,110,110
579965563767326084,Order,2025/08/12,2025/08/23,VND,59850,95000,95000,95000,0,0,0,0,-35150,-4750,-9975,0,-35200,35200,0,0,0,0,0,0,-19000,-19000,0,0,0,0,0,0,0,0,0,0,0,0,0,0,0,-950,-475,0,0,0,0,579965563767326084,95000,0,0,0,0,0,0,0,0,110,110
579965121363674844,Order,2025/08/12,2025/08/23,VND,228375,350000,350000,350000,0,0,0,0,-121625,-15925,-36750,0,-47600,47600,0,0,0,0,0,0,-63700,-63700,0,0,0,0,0,0,0,0,0,0,0,0,0,0,0,-3500,-1750,0,0,0,0,579965121363674844,318500,0,0,0,31500,0,0,0,0,510,510
579959617819477716,Order,2025/08/11,2025/08/23,VND,85475,130000,130000,130000,0,0,0,0,-44525,-5785,-13650,0,-26200,26200,0,0,0,0,0,0,-23140,-23140,0,0,0,0,0,0,0,0,0,0,0,0,0,0,0,-1300,-650,0,0,0,0,579959617819477716,115700,0,0,0,14300,0,0,0,0,210,210
579946637077284111,Order,2025/08/10,2025/08/23,VND,81390,130000,130000,130000,0,0,0,0,-48610,-7010,-13650,0,-35200,25000,10200,0,0,0,0,0,-26000,-26000,0,0,0,0,0,0,0,0,0,0,0,0,0,0,0,-1300,-650,0,0,0,0,579946637077284111,140200,0,0,0,0,0,0,0,0,210,210
579934063232845618,Order,2025/08/09,2025/08/23,VND,170574,270750,270750,285000,-14250,0,0,0,-100176,-13538,-28429,0,-30300,30300,0,0,0,0,0,0,-54150,-54150,0,0,0,0,0,0,0,0,0,0,0,0,0,0,0,-2706,-1353,0,0,0,0,579934063232845618,270750,0,0,0,0,0,0,0,0,330,330
579970758408766762,Order,2025/08/12,2025/08/22,VND,72892,115700,115700,130000,-14300,0,0,0,-42808,-5785,-12148,0,-26200,26200,0,0,0,0,0,0,-23140,-23140,0,0,0,0,0,0,0,0,0,0,0,0,0,0,0,-1157,-578,0,0,0,0,579970758408766762,115700,0,0,0,0,0,0,0,0,210,210
579959505555654395,Order,2025/08/11,2025/08/22,VND,53535,85000,85000,95000,-10000,0,0,0,-31465,-4265,-8925,0,-30300,30000,300,0,0,0,0,0,-17000,-17000,0,0,0,0,0,0,0,0,0,0,0,0,0,0,0,-850,-425,0,0,0,0,579959505555654395,85300,0,0,0,0,0,0,0,0,110,110
579955940146513414,Order,2025/08/11,2025/08/22,VND,220500,350000,350000,350000,0,0,0,0,-129500,-17500,-36750,0,-47600,47600,0,0,0,0,0,0,-70000,-70000,0,0,0,0,0,0,0,0,0,0,0,0,0,0,0,-3500,-1750,0,0,0,0,579955940146513414,350000,0,0,0,0,0,0,0,0,510,510
579940772506272918,Order,2025/08/10,2025/08/22,VND,84400,130000,130000,130000,0,0,0,0,-45600,-6000,-13650,0,-30300,30300,0,0,0,0,0,0,-24000,-24000,0,0,0,0,0,0,0,0,0,0,0,0,0,0,0,-1300,-650,0,0,0,0,579940772506272918,120000,0,0,0,10000,0,0,0,0,210,210
579954150401606908,Order,2025/08/11,2025/08/21,VND,81900,130000,130000,130000,0,0,0,0,-48100,-6500,-13650,0,-40000,40000,0,0,0,0,0,0,-26000,-26000,0,0,0,0,0,0,0,0,0,0,0,0,0,0,0,-1300,-650,0,0,0,0,579954150401606908,130000,0,0,0,0,0,0,0,0,210,210
579947901083485907,Order,2025/08/10,2025/08/21,VND,83202,115700,115700,130000,-14300,0,0,0,-32498,-7045,-12148,0,-35200,10000,25200,0,0,0,0,0,0,0,0,-11570,0,0,0,0,0,0,0,0,0,0,0,0,0,-1157,-578,0,0,0,0,579947901083485907,140900,0,0,0,0,0,0,0,0,210,210
579947451496498326,Order,2025/08/10,2025/08/21,VND,188200,290000,290000,350000,-60000,0,0,0,-101800,-13400,-30450,0,-47600,47600,0,0,0,0,0,0,-53600,-53600,0,0,0,0,0,0,0,0,0,0,0,0,0,0,0,-2900,-1450,0,0,0,0,579947451496498326,268000,0,0,0,22000,0,0,0,0,510,510
579947301585192057,Order,2025/08/10,2025/08/21,VND,72392,115700,115700,130000,-14300,0,0,0,-43308,-6285,-12148,0,-40000,30000,10000,0,0,0,0,0,-23140,-23140,0,0,0,0,0,0,0,0,0,0,0,0,0,0,0,-1157,-578,0,0,0,0,579947301585192057,125700,0,0,0,0,0,0,0,0,210,210
579947385808258480,Order,2025/08/10,2025/08/21,VND,620500,850000,850000,950000,-100000,0,0,0,-229500,-42500,-89250,0,-39400,39400,0,0,0,0,0,0,0,0,0,-85000,0,0,0,0,0,0,0,0,0,0,0,0,0,-8500,-4250,0,0,0,0,579947385808258480,850000,0,0,0,0,0,0,0,0,1030,1030
579947073746928919,Order,2025/08/10,2025/08/21,VND,84202,115700,115700,130000,-14300,0,0,0,-31498,-6045,-12148,0,-35200,30000,5200,0,0,0,0,0,0,0,0,-11570,0,0,0,0,0,0,0,0,0,0,0,0,0,-1157,-578,0,0,0,0,579947073746928919,120900,0,0,0,0,0,0,0,0,210,210
579947041965311118,Order,2025/08/10,2025/08/21,VND,83462,115700,115700,130000,-14300,0,0,0,-32238,-6785,-12148,0,-40000,20000,20000,0,0,0,0,0,0,0,0,-11570,0,0,0,0,0,0,0,0,0,0,0,0,0,-1157,-578,0,0,0,0,579947041965311118,135700,0,0,0,0,0,0,0,0,210,210
579947015279445048,Order,2025/08/10,2025/08/21,VND,61050,85000,85000,95000,-10000,0,0,0,-23950,-5250,-8925,0,-40000,20000,20000,0,0,0,0,0,0,0,0,-8500,0,0,0,0,0,0,0,0,0,0,0,0,0,-850,-425,0,0,0,0,579947015279445048,105000,0,0,0,0,0,0,0,0,110,110
579946970488145080,Order,2025/08/10,2025/08/21,VND,188200,290000,290000,350000,-60000,0,0,0,-101800,-13400,-30450,0,-35100,35100,0,0,0,0,0,0,-53600,-53600,0,0,0,0,0,0,0,0,0,0,0,0,0,0,0,-2900,-1450,0,0,0,0,579946970488145080,268000,0,0,0,22000,0,0,0,0,510,510
579946773712634921,Order,2025/08/10,2025/08/21,VND,188200,290000,290000,350000,-60000,0,0,0,-101800,-13400,-30450,0,-47600,47600,0,0,0,0,0,0,-53600,-53600,0,0,0,0,0,0,0,0,0,0,0,0,0,0,0,-2900,-1450,0,0,0,0,579946773712634921,268000,0,0,0,22000,0,0,0,0,510,510
579946642549933503,Order,2025/08/10,2025/08/21,VND,75213,115700,115700,130000,-14300,0,0,0,-40487,-6009,-12148,0,-26200,9000,17200,0,0,0,0,0,-20595,-20595,0,0,0,0,0,0,0,0,0,0,0,0,0,0,0,-1157,-578,0,0,0,0,579946642549933503,120173,0,0,0,12727,0,0,0,0,210,210
"5,79944E+17",Order,2025/08/10,2025/08/21,VND,81400,130000,130000,130000,0,0,0,0,-48600,-7000,-13650,0,-40000,30000,10000,0,0,0,0,0,-26000,-26000,0,0,0,0,0,0,0,0,0,0,0,0,0,0,0,-1300,-650,0,0,0,0,"5,79944E+17",140000,0,0,0,0,0,0,0,0,210,210
579942929551098912,Order,2025/08/10,2025/08/21,VND,81885,130000,130000,130000,0,0,0,0,-48115,-6515,-13650,0,-30300,30000,300,0,0,0,0,0,-26000,-26000,0,0,0,0,0,0,0,0,0,0,0,0,0,0,0,-1300,-650,0,0,0,0,579942929551098912,130300,0,0,0,0,0,0,0,0,210,210
579940934094718318,Order,2025/08/10,2025/08/21,VND,81840,130000,130000,130000,0,0,0,0,-48160,-6560,-13650,0,-26200,25000,1200,0,0,0,0,0,-26000,-26000,0,0,0,0,0,0,0,0,0,0,0,0,0,0,0,-1300,-650,0,0,0,0,579940934094718318,131200,0,0,0,0,0,0,0,0,210,210
579935565938329220,Order,2025/08/09,2025/08/21,VND,72392,115700,115700,130000,-14300,0,0,0,-43308,-6285,-12148,0,-40000,30000,10000,0,0,0,0,0,-23140,-23140,0,0,0,0,0,0,0,0,0,0,0,0,0,0,0,-1157,-578,0,0,0,0,579935565938329220,125700,0,0,0,0,0,0,0,0,210,210
579935515042875011,Order,2025/08/09,2025/08/21,VND,53050,85000,85000,95000,-10000,0,0,0,-31950,-4750,-8925,0,-40000,30000,10000,0,0,0,0,0,-17000,-17000,0,0,0,0,0,0,0,0,0,0,0,0,0,0,0,-850,-425,0,0,0,0,579935515042875011,95000,0,0,0,0,0,0,0,0,110,110
579935327014913235,Order,2025/08/09,2025/08/21,VND,72392,115700,115700,130000,-14300,0,0,0,-43308,-6285,-12148,0,-40000,30000,10000,0,0,0,0,0,-23140,-23140,0,0,0,0,0,0,0,0,0,0,0,0,0,0,0,-1157,-578,0,0,0,0,579935327014913235,125700,0,0,0,0,0,0,0,0,210,210
579935245952517996,Order,2025/08/09,2025/08/21,VND,53550,85000,85000,95000,-10000,0,0,0,-31450,-4250,-8925,0,-35200,35200,0,0,0,0,0,0,-17000,-17000,0,0,0,0,0,0,0,0,0,0,0,0,0,0,0,-850,-425,0,0,0,0,579935245952517996,85000,0,0,0,0,0,0,0,0,110,110
579935141477778743,Order,2025/08/09,2025/08/21,VND,75573,115700,115700,130000,-14300,0,0,0,-40127,-5649,-12148,0,-40000,30000,10000,0,0,0,0,0,-20595,-20595,0,0,0,0,0,0,0,0,0,0,0,0,0,0,0,-1157,-578,0,0,0,0,579935141477778743,112973,0,0,0,12727,0,0,0,0,210,210
579935031419045721,Order,2025/08/09,2025/08/21,VND,188500,290000,290000,350000,-60000,0,0,0,-101500,-13340,-30450,0,-47600,47600,0,0,0,0,0,0,-53360,-53360,0,0,0,0,0,0,0,0,0,0,0,0,0,0,0,-2900,-1450,0,0,0,0,579935031419045721,266800,0,0,0,23200,0,0,0,0,510,510
579934845963896649,Order,2025/08/09,2025/08/21,VND,188845,290000,290000,350000,-60000,0,0,0,-101155,-13575,-30450,0,-47600,40000,7600,0,0,0,0,0,-52780,-52780,0,0,0,0,0,0,0,0,0,0,0,0,0,0,0,-2900,-1450,0,0,0,0,579934845963896649,271500,0,0,0,26100,0,0,0,0,510,510
579934780763375051,Order,2025/08/09,2025/08/21,VND,74813,115700,115700,130000,-14300,0,0,0,-40887,-6409,-12148,0,-35200,10000,25200,0,0,0,0,0,-20595,-20595,0,0,0,0,0,0,0,0,0,0,0,0,0,0,0,-1157,-578,0,0,0,0,579934780763375051,128173,0,0,0,12727,0,0,0,0,210,210
579932078234436644,Order,2025/08/09,2025/08/21,VND,56859,90250,90250,95000,-4750,0,0,0,-33391,-4512,-9476,0,-40000,40000,0,0,0,0,0,0,-18050,-18050,0,0,0,0,0,0,0,0,0,0,0,0,0,0,0,-902,-451,0,0,0,0,579932078234436644,90250,0,0,0,0,0,0,0,0,110,110
579947004791784544,Order,2025/08/10,2025/08/20,VND,72892,115700,115700,130000,-14300,0,0,0,-42808,-5785,-12148,0,-26200,26200,0,0,0,0,0,0,-23140,-23140,0,0,0,0,0,0,0,0,0,0,0,0,0,0,0,-1157,-578,0,0,0,0,579947004791784544,115700,0,0,0,0,0,0,0,0,210,210
579953488242444141,Order,2025/08/11,2025/08/19,VND,84400,130000,130000,130000,0,0,0,0,-45600,-6000,-13650,0,-14000,14000,0,0,0,0,0,0,-24000,-24000,0,0,0,0,0,0,0,0,0,0,0,0,0,0,0,-1300,-650,0,0,0,0,579953488242444141,120000,0,0,0,10000,0,0,0,0,210,210
579930803581782006,Order,2025/08/09,2025/08/19,VND,89654,123500,123500,130000,-6500,0,0,0,-33846,-6675,-12968,0,-40000,30000,10000,0,0,0,0,0,0,0,0,-12350,0,0,0,0,0,0,0,0,0,0,0,0,0,-1235,-618,0,0,0,0,579930803581782006,133500,0,0,0,0,0,0,0,0,210,210
579924486554616869,Order,2025/08/08,2025/08/19,VND,89894,123500,123500,130000,-6500,0,0,0,-33606,-6435,-12968,0,-35200,30000,5200,0,0,0,0,0,0,0,0,-12350,0,0,0,0,0,0,0,0,0,0,0,0,0,-1235,-618,0,0,0,0,579924486554616869,128700,0,0,0,0,0,0,0,0,210,210
579924407691937055,Order,2025/08/08,2025/08/19,VND,145783,231400,231400,260000,-28600,0,0,0,-85617,-11570,-24297,0,-30300,30300,0,0,0,0,0,0,-46280,-46280,0,0,0,0,0,0,0,0,0,0,0,0,0,0,0,-2314,-1156,0,0,0,0,579924407691937055,231400,0,0,0,0,0,0,0,0,430,430
579924098007336829,Order,2025/08/08,2025/08/19,VND,216294,347100,347100,390000,-42900,0,0,0,-130806,-19735,-36446,0,-47600,0,47600,0,0,0,0,0,-69420,-69420,0,0,0,0,0,0,0,0,0,0,0,0,0,0,0,-3471,-1734,0,0,0,0,579924098007336829,394700,0,0,0,0,0,0,0,0,630,630
579923674112165498,Order,2025/08/08,2025/08/19,VND,77304,123500,123500,130000,-6500,0,0,0,-46196,-6675,-12968,0,-40000,30000,10000,0,0,0,0,0,-24700,-24700,0,0,0,0,0,0,0,0,0,0,0,0,0,0,0,-1235,-618,0,0,0,0,579923674112165498,133500,0,0,0,0,0,0,0,0,210,210
579922356761102248,Order,2025/08/08,2025/08/19,VND,53550,85000,85000,95000,-10000,0,0,0,-31450,-4250,-8925,0,-30300,30300,0,0,0,0,0,0,-17000,-17000,0,0,0,0,0,0,0,0,0,0,0,0,0,0,0,-850,-425,0,0,0,0,579922356761102248,85000,0,0,0,0,0,0,0,0,110,110
579922236678833899,Order,2025/08/08,2025/08/19,VND,76073,115700,115700,130000,-14300,0,0,0,-39627,-5149,-12148,0,-40000,40000,0,0,0,0,0,0,-20595,-20595,0,0,0,0,0,0,0,0,0,0,0,0,0,0,0,-1157,-578,0,0,0,0,579922236678833899,102973,0,0,0,12727,0,0,0,0,210,210
579922095245920005,Order,2025/08/08,2025/08/19,VND,75573,115700,115700,130000,-14300,0,0,0,-40127,-5649,-12148,0,-40000,30000,10000,0,0,0,0,0,-20595,-20595,0,0,0,0,0,0,0,0,0,0,0,0,0,0,0,-1157,-578,0,0,0,0,579922095245920005,112973,0,0,0,12727,0,0,0,0,210,210
579910091309876887,Order,2025/08/07,2025/08/19,VND,365400,580000,580000,700000,-120000,0,0,0,-214600,-29000,-60900,0,-39400,39400,0,0,0,0,0,0,-116000,-116000,0,0,0,0,0,0,0,0,0,0,0,0,0,0,0,-5800,-2900,0,0,0,0,579910091309876887,580000,0,0,0,0,0,0,0,0,1030,1030
579907641557812533,Order,2025/08/07,2025/08/19,VND,77804,123500,123500,130000,-6500,0,0,0,-45696,-6175,-12968,0,-30300,30300,0,0,0,0,0,0,-24700,-24700,0,0,0,0,0,0,0,0,0,0,0,0,0,0,0,-1235,-618,0,0,0,0,579907641557812533,123500,0,0,0,0,0,0,0,0,210,210
579930753809679829,Order,2025/08/09,2025/08/18,VND,56859,90250,90250,95000,-4750,0,0,0,-33391,-4512,-9476,0,-30300,30300,0,0,0,0,0,0,-18050,-18050,0,0,0,0,0,0,0,0,0,0,0,0,0,0,0,-902,-451,0,0,0,0,579930753809679829,90250,0,0,0,0,0,0,0,0,110,110
579924017368303238,Order,2025/08/08,2025/08/18,VND,187775,290000,290000,350000,-60000,0,0,0,-102225,-13485,-30450,0,-47600,47600,0,0,0,0,0,0,-53940,-53940,0,0,0,0,0,0,0,0,0,0,0,0,0,0,0,-2900,-1450,0,0,0,0,579924017368303238,269700,0,0,0,20300,0,0,0,0,510,510
579924006086084374,Order,2025/08/08,2025/08/18,VND,53050,85000,85000,95000,-10000,0,0,0,-31950,-4750,-8925,0,-40000,30000,10000,0,0,0,0,0,-17000,-17000,0,0,0,0,0,0,0,0,0,0,0,0,0,0,0,-850,-425,0,0,0,0,579924006086084374,95000,0,0,0,0,0,0,0,0,110,110
579923320344774489,Order,2025/08/08,2025/08/18,VND,375400,580000,580000,700000,-120000,0,0,0,-204600,-27000,-60900,0,-55400,55400,0,0,0,0,0,0,-108000,-108000,0,0,0,0,0,0,0,0,0,0,0,0,0,0,0,-5800,-2900,0,0,0,0,579923320344774489,540000,0,0,0,40000,0,0,0,0,1030,1030
579922950180341126,Order,2025/08/08,2025/08/18,VND,72877,115700,115700,130000,-14300,0,0,0,-42823,-5800,-12148,0,-30300,30000,300,0,0,0,0,0,-23140,-23140,0,0,0,0,0,0,0,0,0,0,0,0,0,0,0,-1157,-578,0,0,0,0,579922950180341126,116000,0,0,0,0,0,0,0,0,210,210
579922685784393212,Order,2025/08/08,2025/08/18,VND,89654,123500,123500,130000,-6500,0,0,0,-33846,-6675,-12968,0,-40000,30000,10000,0,0,0,0,0,0,0,0,-12350,0,0,0,0,0,0,0,0,0,0,0,0,0,-1235,-618,0,0,0,0,579922685784393212,133500,0,0,0,0,0,0,0,0,210,210
579922485926659212,Order,2025/08/08,2025/08/18,VND,76073,115700,115700,130000,-14300,0,0,0,-39627,-5149,-12148,0,-40000,40000,0,0,0,0,0,0,-20595,-20595,0,0,0,0,0,0,0,0,0,0,0,0,0,0,0,-1157,-578,0,0,0,0,579922485926659212,102973,0,0,0,12727,0,0,0,0,210,210
579922263359981404,Order,2025/08/08,2025/08/18,VND,75573,115700,115700,130000,-14300,0,0,0,-40127,-5649,-12148,0,-40000,30000,10000,0,0,0,0,0,-20595,-20595,0,0,0,0,0,0,0,0,0,0,0,0,0,0,0,-1157,-578,0,0,0,0,579922263359981404,112973,0,0,0,12727,0,0,0,0,210,210
579922196463584399,Order,2025/08/08,2025/08/18,VND,76073,115700,115700,130000,-14300,0,0,0,-39627,-5149,-12148,0,-40000,40000,0,0,0,0,0,0,-20595,-20595,0,0,0,0,0,0,0,0,0,0,0,0,0,0,0,-1157,-578,0,0,0,0,579922196463584399,102973,0,0,0,12727,0,0,0,0,210,210
579922107716110115,Order,2025/08/08,2025/08/18,VND,149018,231400,231400,260000,-28600,0,0,0,-82382,-10935,-24297,0,-30300,30000,300,0,0,0,0,0,-43680,-43680,0,0,0,0,0,0,0,0,0,0,0,0,0,0,0,-2314,-1156,0,0,0,0,579922107716110115,218700,0,0,0,13000,0,0,0,0,430,430
579922094563952377,Order,2025/08/08,2025/08/18,VND,76073,115700,115700,130000,-14300,0,0,0,-39627,-5149,-12148,0,-40000,40000,0,0,0,0,0,0,-20595,-20595,0,0,0,0,0,0,0,0,0,0,0,0,0,0,0,-1157,-578,0,0,0,0,579922094563952377,102973,0,0,0,12727,0,0,0,0,210,210
579921655666410515,Order,2025/08/08,2025/08/18,VND,77304,123500,123500,130000,-6500,0,0,0,-46196,-6675,-12968,0,-40000,30000,10000,0,0,0,0,0,-24700,-24700,0,0,0,0,0,0,0,0,0,0,0,0,0,0,0,-1235,-618,0,0,0,0,579921655666410515,133500,0,0,0,0,0,0,0,0,210,210
579918866628052237,Order,2025/08/08,2025/08/18,VND,77789,123500,123500,130000,-6500,0,0,0,-45711,-6190,-12968,0,-30300,30000,300,0,0,0,0,0,-24700,-24700,0,0,0,0,0,0,0,0,0,0,0,0,0,0,0,-1235,-618,0,0,0,0,579918866628052237,123800,0,0,0,0,0,0,0,0,210,210
579917693121758834,Order,2025/08/08,2025/08/18,VND,213166,322525,322525,350000,-27475,0,0,0,-109359,-14131,-33865,0,-47600,47600,0,0,0,0,0,0,-56525,-56525,0,0,0,0,0,0,0,0,0,0,0,0,0,0,0,-3225,-1613,0,0,0,0,579917693121758834,282625,0,-9975,0,39900,0,39900,0,0,510,510
579917700292249026,Order,2025/08/08,2025/08/18,VND,79804,123500,123500,130000,-6500,0,0,0,-43696,-6175,-12968,0,-40000,30000,10000,0,0,0,0,0,-22700,-22700,0,0,0,0,0,0,0,0,0,0,0,0,0,0,0,-1235,-618,0,0,0,0,579917700292249026,123500,0,0,0,10000,0,0,0,0,210,210
579917283348612346,Order,2025/08/08,2025/08/18,VND,59326,90250,90250,95000,-4750,0,0,0,-30924,-4031,-9476,0,-30300,30000,300,0,0,0,0,0,-16064,-16064,0,0,0,0,0,0,0,0,0,0,0,0,0,0,0,-902,-451,0,0,0,0,579917283348612346,80622,0,0,0,9928,0,0,0,0,110,110
579915449695241643,Order,2025/08/08,2025/08/18,VND,72909,90250,90250,95000,-4750,0,0,0,-17341,-6512,-9476,0,-40000,0,40000,0,0,0,0,0,0,0,0,0,0,0,0,0,0,0,0,0,0,0,0,0,0,-902,-451,0,0,0,0,579915449695241643,130250,0,0,0,0,0,0,0,0,110,110
579910665061238664,Order,2025/08/07,2025/08/18,VND,187050,290000,290000,350000,-60000,0,0,0,-102950,-13630,-30450,0,-47600,47600,0,0,0,0,0,0,-54520,-54520,0,0,0,0,0,0,0,0,0,0,0,0,0,0,0,-2900,-1450,0,0,0,0,579910665061238664,272600,0,0,0,17400,0,0,0,0,510,510
579909174598010806,Order,2025/08/07,2025/08/18,VND,187775,290000,290000,350000,-60000,0,0,0,-102225,-13485,-30450,0,-47600,47600,0,0,0,0,0,0,-53940,-53940,0,0,0,0,0,0,0,0,0,0,0,0,0,0,0,-2900,-1450,0,0,0,0,579909174598010806,269700,0,0,0,20300,0,0,0,0,510,510
579908565947221004,Order,2025/08/07,2025/08/18,VND,61550,85000,85000,95000,-10000,0,0,0,-23450,-4750,-8925,0,-40000,30000,10000,0,0,0,0,0,0,0,0,-8500,0,0,0,0,0,0,0,0,0,0,0,0,0,-850,-425,0,0,0,0,579908565947221004,95000,0,0,0,0,0,0,0,0,110,110
579908374197666975,Order,2025/08/07,2025/08/18,VND,61050,85000,85000,95000,-10000,0,0,0,-23950,-5250,-8925,0,-40000,20000,20000,0,0,0,0,0,0,0,0,-8500,0,0,0,0,0,0,0,0,0,0,0,0,0,-850,-425,0,0,0,0,579908374197666975,105000,0,0,0,0,0,0,0,0,110,110
579908384552617563,Order,2025/08/07,2025/08/18,VND,62035,85000,85000,95000,-10000,0,0,0,-22965,-4265,-8925,0,-30300,30000,300,0,0,0,0,0,0,0,0,-8500,0,0,0,0,0,0,0,0,0,0,0,0,0,-850,-425,0,0,0,0,579908384552617563,85300,0,0,0,0,0,0,0,0,110,110
579908037615388233,Order,2025/08/07,2025/08/18,VND,53550,85000,85000,95000,-10000,0,0,0,-31450,-4250,-8925,0,-40000,40000,0,0,0,0,0,0,-17000,-17000,0,0,0,0,0,0,0,0,0,0,0,0,0,0,0,-850,-425,0,0,0,0,579908037615388233,85000,0,0,0,0,0,0,0,0,110,110
579905772674713502,Order,2025/08/07,2025/08/18,VND,56599,90250,90250,95000,-4750,0,0,0,-33651,-4772,-9476,0,-35200,30000,5200,0,0,0,0,0,-18050,-18050,0,0,0,0,0,0,0,0,0,0,0,0,0,0,0,-902,-451,0,0,0,0,579905772674713502,95450,0,0,0,0,0,0,0,0,110,110
579897487936554127,Order,2025/08/06,2025/08/18,VND,182700,290000,290000,350000,-60000,0,0,0,-107300,-14500,-30450,0,-35100,35100,0,0,0,0,0,0,-58000,-58000,0,0,0,0,0,0,0,0,0,0,0,0,0,0,0,-2900,-1450,0,0,0,0,579897487936554127,290000,0,0,0,0,0,0,0,0,510,510
579896944515647253,Order,2025/08/06,2025/08/18,VND,72892,115700,115700,130000,-14300,0,0,0,-42808,-5785,-12148,0,-30300,30300,0,0,0,0,0,0,-23140,-23140,0,0,0,0,0,0,0,0,0,0,0,0,0,0,0,-1157,-578,0,0,0,0,579896944515647253,115700,0,0,0,0,0,0,0,0,210,210
579896859102906035,Order,2025/08/06,2025/08/18,VND,248201,390000,390000,390000,0,0,0,0,-141799,-19000,-40950,0,-29700,29700,0,0,0,0,0,0,-75999,-75999,0,0,0,0,0,0,0,0,0,0,0,0,0,0,0,-3900,-1950,0,0,0,0,579896859102906035,380000,0,0,0,10000,0,0,0,0,630,630
579883602258265214,Order,2025/08/05,2025/08/18,VND,989185,1487500,1487500,1750000,-262500,0,0,0,-498315,-63962,-156188,0,-68500,68500,0,0,0,0,0,0,-255850,-255850,0,0,0,0,0,0,0,0,0,0,0,0,0,0,0,-14875,-7440,0,0,0,0,579883602258265214,1279250,0,0,0,208250,0,0,0,0,2530,2530
579916205336856015,Order,2025/08/08,2025/08/17,VND,53550,85000,85000,95000,-10000,0,0,0,-31450,-4250,-8925,0,-26200,26200,0,0,0,0,0,0,-17000,-17000,0,0,0,0,0,0,0,0,0,0,0,0,0,0,0,-850,-425,0,0,0,0,579916205336856015,85000,0,0,0,0,0,0,0,0,110,110
579909352378632108,Order,2025/08/07,2025/08/17,VND,189225,290000,290000,350000,-60000,0,0,0,-100775,-13195,-30450,0,-35100,35100,0,0,0,0,0,0,-52780,-52780,0,0,0,0,0,0,0,0,0,0,0,0,0,0,0,-2900,-1450,0,0,0,0,579909352378632108,263900,0,0,0,26100,0,0,0,0,510,510
579908075637933169,Order,2025/08/07,2025/08/17,VND,107085,170000,170000,190000,-20000,0,0,0,-62915,-8515,-17850,0,-30300,30000,300,0,0,0,0,0,-34000,-34000,0,0,0,0,0,0,0,0,0,0,0,0,0,0,0,-1700,-850,0,0,0,0,579908075637933169,170300,0,0,0,0,0,0,0,0,230,230
579903566133429365,Order,2025/08/07,2025/08/17,VND,214463,332500,332500,350000,-17500,0,0,0,-118037,-15628,-34912,0,-35100,35100,0,0,0,0,0,0,-62510,-62510,0,0,0,0,0,0,0,0,0,0,0,0,0,0,0,-3325,-1662,0,0,0,0,579903566133429365,312550,0,0,0,19950,0,0,0,0,510,510
579900539470382990,Order,2025/08/07,2025/08/17,VND,89894,123500,123500,130000,-6500,0,0,0,-33606,-6435,-12968,0,-35200,30000,5200,0,0,0,0,0,0,0,0,-12350,0,0,0,0,0,0,0,0,0,0,0,0,0,-1235,-618,0,0,0,0,579900539470382990,128700,0,0,0,0,0,0,0,0,210,210
579898076541518995,Order,2025/08/06,2025/08/17,VND,72892,115700,115700,130000,-14300,0,0,0,-42808,-5785,-12148,0,-40000,40000,0,0,0,0,0,0,-23140,-23140,0,0,0,0,0,0,0,0,0,0,0,0,0,0,0,-1157,-578,0,0,0,0,579898076541518995,115700,0,0,0,0,0,0,0,0,210,210
579897992549533359,Order,2025/08/06,2025/08/17,VND,81400,130000,130000,130000,0,0,0,0,-48600,-7000,-13650,0,-40000,30000,10000,0,0,0,0,0,-26000,-26000,0,0,0,0,0,0,0,0,0,0,0,0,0,0,0,-1300,-650,0,0,0,0,579897992549533359,140000,0,0,0,0,0,0,0,0,210,210
579897754921567397,Order,2025/08/06,2025/08/17,VND,818420,1300000,1300000,1300000,0,0,0,0,-481580,-65580,-136500,0,-41600,30000,11600,0,0,0,0,0,-260000,-260000,0,0,0,0,0,0,0,0,0,0,0,0,0,0,0,-13000,-6500,0,0,0,0,579897754921567397,1311600,0,0,0,0,0,0,0,0,2030,2030
579897704517175094,Order,2025/08/06,2025/08/17,VND,59850,95000,95000,95000,0,0,0,0,-35150,-4750,-9975,0,-26200,26200,0,0,0,0,0,0,-19000,-19000,0,0,0,0,0,0,0,0,0,0,0,0,0,0,0,-950,-475,0,0,0,0,579897704517175094,95000,0,0,0,0,0,0,0,0,110,110
579897559878043176,Order,2025/08/06,2025/08/17,VND,260750,350000,350000,350000,0,0,0,0,-89250,-15750,-36750,0,-47600,47600,0,0,0,0,0,0,0,0,0,-31500,0,0,0,0,0,0,0,0,0,0,0,0,0,-3500,-1750,0,0,0,0,579897559878043176,315000,0,0,0,35000,0,0,0,0,510,510
579896773363729939,Order,2025/08/06,2025/08/17,VND,59850,95000,95000,95000,0,0,0,0,-35150,-4750,-9975,0,-26200,26200,0,0,0,0,0,0,-19000,-19000,0,0,0,0,0,0,0,0,0,0,0,0,0,0,0,-950,-475,0,0,0,0,579896773363729939,95000,0,0,0,0,0,0,0,0,110,110
579896627739854789,Order,2025/08/06,2025/08/17,VND,187775,290000,290000,350000,-60000,0,0,0,-102225,-13485,-30450,0,-47600,47600,0,0,0,0,0,0,-53940,-53940,0,0,0,0,0,0,0,0,0,0,0,0,0,0,0,-2900,-1450,0,0,0,0,579896627739854789,269700,0,0,0,20300,0,0,0,0,510,510
579896385242892260,Order,2025/08/06,2025/08/17,VND,62050,85000,85000,95000,-10000,0,0,0,-22950,-4250,-8925,0,-40000,40000,0,0,0,0,0,0,0,0,0,-8500,0,0,0,0,0,0,0,0,0,0,0,0,0,-850,-425,0,0,0,0,579896385242892260,85000,0,0,0,0,0,0,0,0,110,110
579896402657510592,Order,2025/08/06,2025/08/17,VND,53050,85000,85000,95000,-10000,0,0,0,-31950,-4750,-8925,0,-40000,30000,10000,0,0,0,0,0,-17000,-17000,0,0,0,0,0,0,0,0,0,0,0,0,0,0,0,-850,-425,0,0,0,0,579896402657510592,95000,0,0,0,0,0,0,0,0,110,110
579896175852356920,Order,2025/08/06,2025/08/17,VND,213875,290000,290000,350000,-60000,0,0,0,-76125,-13775,-30450,0,-47600,47600,0,0,0,0,0,0,0,0,0,-27550,0,0,0,0,0,0,0,0,0,0,0,0,0,-2900,-1450,0,0,0,0,579896175852356920,275500,0,0,0,14500,0,0,0,0,510,510
579896173328041840,Order,2025/08/06,2025/08/17,VND,84462,115700,115700,130000,-14300,0,0,0,-31238,-5785,-12148,0,-40000,40000,0,0,0,0,0,0,0,0,0,-11570,0,0,0,0,0,0,0,0,0,0,0,0,0,-1157,-578,0,0,0,0,579896173328041840,115700,0,0,0,0,0,0,0,0,210,210
579895959947215940,Order,2025/08/06,2025/08/17,VND,72392,115700,115700,130000,-14300,0,0,0,-43308,-6285,-12148,0,-40000,30000,10000,0,0,0,0,0,-23140,-23140,0,0,0,0,0,0,0,0,0,0,0,0,0,0,0,-1157,-578,0,0,0,0,579895959947215940,125700,0,0,0,0,0,0,0,0,210,210
579895941096375939,Order,2025/08/06,2025/08/17,VND,72632,115700,115700,130000,-14300,0,0,0,-43068,-6045,-12148,0,-35200,30000,5200,0,0,0,0,0,-23140,-23140,0,0,0,0,0,0,0,0,0,0,0,0,0,0,0,-1157,-578,0,0,0,0,579895941096375939,120900,0,0,0,0,0,0,0,0,210,210
579895860655588959,Order,2025/08/06,2025/08/17,VND,72892,115700,115700,130000,-14300,0,0,0,-42808,-5785,-12148,0,-40000,40000,0,0,0,0,0,0,-23140,-23140,0,0,0,0,0,0,0,0,0,0,0,0,0,0,0,-1157,-578,0,0,0,0,579895860655588959,115700,0,0,0,0,0,0,0,0,210,210
579889593651332299,Order,2025/08/06,2025/08/17,VND,163800,260000,260000,260000,0,0,0,0,-96200,-13000,-27300,0,-30300,30300,0,0,0,0,0,0,-52000,-52000,0,0,0,0,0,0,0,0,0,0,0,0,0,0,0,-2600,-1300,0,0,0,0,579889593651332299,260000,0,0,0,0,0,0,0,0,430,430
579885013930706528,Order,2025/08/05,2025/08/17,VND,59850,95000,95000,95000,0,0,0,0,-35150,-4750,-9975,0,-30300,30300,0,0,0,0,0,0,-19000,-19000,0,0,0,0,0,0,0,0,0,0,0,0,0,0,0,-950,-475,0,0,0,0,579885013930706528,95000,0,0,0,0,0,0,0,0,110,110
579884324012590700,Order,2025/08/05,2025/08/17,VND,365200,580000,580000,700000,-120000,0,0,0,-214800,-29200,-60900,0,-34000,30000,4000,0,0,0,0,0,-116000,-116000,0,0,0,0,0,0,0,0,0,0,0,0,0,0,0,-5800,-2900,0,0,0,0,579884324012590700,584000,0,0,0,0,0,0,0,0,1030,1030
579883651621619234,Order,2025/08/05,2025/08/17,VND,145768,231400,231400,260000,-28600,0,0,0,-85632,-11585,-24297,0,-30300,30000,300,0,0,0,0,0,-46280,-46280,0,0,0,0,0,0,0,0,0,0,0,0,0,0,0,-2314,-1156,0,0,0,0,579883651621619234,231700,0,0,0,0,0,0,0,0,430,430
579892238099974113,Order,2025/08/06,2025/08/16,VND,81400,130000,130000,130000,0,0,0,0,-48600,-7000,-13650,0,-40000,30000,10000,0,0,0,0,0,-26000,-26000,0,0,0,0,0,0,0,0,0,0,0,0,0,0,0,-1300,-650,0,0,0,0,579892238099974113,140000,0,0,0,0,0,0,0,0,210,210
579890852675946194,Order,2025/08/06,2025/08/16,VND,81400,130000,130000,130000,0,0,0,0,-48600,-7000,-13650,0,-40000,30000,10000,0,0,0,0,0,-26000,-26000,0,0,0,0,0,0,0,0,0,0,0,0,0,0,0,-1300,-650,0,0,0,0,579890852675946194,140000,0,0,0,0,0,0,0,0,210,210
579889529425331432,Order,2025/08/06,2025/08/16,VND,59350,95000,95000,95000,0,0,0,0,-35650,-5250,-9975,0,-40000,30000,10000,0,0,0,0,0,-19000,-19000,0,0,0,0,0,0,0,0,0,0,0,0,0,0,0,-950,-475,0,0,0,0,579889529425331432,105000,0,0,0,0,0,0,0,0,110,110
579884629986411905,Order,2025/08/05,2025/08/16,VND,72627,115700,115700,130000,-14300,0,0,0,-43073,-6050,-12148,0,-30300,25000,5300,0,0,0,0,0,-23140,-23140,0,0,0,0,0,0,0,0,0,0,0,0,0,0,0,-1157,-578,0,0,0,0,579884629986411905,121000,0,0,0,0,0,0,0,0,210,210
579884237778879642,Order,2025/08/05,2025/08/16,VND,72632,115700,115700,130000,-14300,0,0,0,-43068,-6045,-12148,0,-35200,30000,5200,0,0,0,0,0,-23140,-23140,0,0,0,0,0,0,0,0,0,0,0,0,0,0,0,-1157,-578,0,0,0,0,579884237778879642,120900,0,0,0,0,0,0,0,0,210,210
579883786173777311,Order,2025/08/05,2025/08/16,VND,189820,290000,290000,350000,-60000,0,0,0,-100180,-13180,-30450,0,-47600,45000,2600,0,0,0,0,0,-52200,-52200,0,0,0,0,0,0,0,0,0,0,0,0,0,0,0,-2900,-1450,0,0,0,0,579883786173777311,263600,0,0,0,29000,0,0,0,0,510,510
579883626935256886,Order,2025/08/05,2025/08/16,VND,191887,297500,297500,350000,-52500,0,0,0,-105613,-13982,-31238,0,-47600,47600,0,0,0,0,0,0,-55930,-55930,0,0,0,0,0,0,0,0,0,0,0,0,0,0,0,-2975,-1488,0,0,0,0,579883626935256886,279650,0,0,0,17850,0,0,0,0,510,510
579883563909547926,Order,2025/08/05,2025/08/16,VND,61550,85000,85000,95000,-10000,0,0,0,-23450,-4750,-8925,0,-40000,30000,10000,0,0,0,0,0,0,0,0,-8500,0,0,0,0,0,0,0,0,0,0,0,0,0,-850,-425,0,0,0,0,579883563909547926,95000,0,0,0,0,0,0,0,0,110,110
579883296085542531,Order,2025/08/05,2025/08/16,VND,72632,115700,115700,130000,-14300,0,0,0,-43068,-6045,-12148,0,-35200,30000,5200,0,0,0,0,0,-23140,-23140,0,0,0,0,0,0,0,0,0,0,0,0,0,0,0,-1157,-578,0,0,0,0,579883296085542531,120900,0,0,0,0,0,0,0,0,210,210
579843775340054524,Order,2025/08/02,2025/08/16,VND,59850,95000,95000,95000,0,0,0,0,-35150,-4750,-9975,0,-35200,35200,0,0,0,0,0,0,-19000,-19000,0,0,0,0,0,0,0,0,0,0,0,0,0,0,0,-950,-475,0,0,0,0,579843775340054524,95000,0,0,0,0,0,0,0,0,110,110
579883933266248892,Order,2025/08/05,2025/08/15,VND,72877,115700,115700,130000,-14300,0,0,0,-42823,-5800,-12148,0,-30300,30000,300,0,0,0,0,0,-23140,-23140,0,0,0,0,0,0,0,0,0,0,0,0,0,0,0,-1157,-578,0,0,0,0,579883933266248892,116000,0,0,0,0,0,0,0,0,210,210
579883740507047380,Order,2025/08/05,2025/08/15,VND,84447,115700,115700,130000,-14300,0,0,0,-31253,-5800,-12148,0,-30300,30000,300,0,0,0,0,0,0,0,0,-11570,0,0,0,0,0,0,0,0,0,0,0,0,0,-1157,-578,0,0,0,0,579883740507047380,116000,0,0,0,0,0,0,0,0,210,210
579883388210874177,Order,2025/08/05,2025/08/15,VND,72877,115700,115700,130000,-14300,0,0,0,-42823,-5800,-12148,0,-30300,30000,300,0,0,0,0,0,-23140,-23140,0,0,0,0,0,0,0,0,0,0,0,0,0,0,0,-1157,-578,0,0,0,0,579883388210874177,116000,0,0,0,0,0,0,0,0,210,210
579883305704981788,Order,2025/08/05,2025/08/15,VND,937122,1487500,1487500,1750000,-262500,0,0,0,-550378,-74375,-156188,0,-68500,68500,0,0,0,0,0,0,-297500,-297500,0,0,0,0,0,0,0,0,0,0,0,0,0,0,0,-14875,-7440,0,0,0,0,579883305704981788,1487500,0,0,0,0,0,0,0,0,2530,2530
579874665287615835,Order,2025/08/05,2025/08/15,VND,69090,95000,95000,95000,0,0,0,0,-25910,-5010,-9975,0,-35200,30000,5200,0,0,0,0,0,0,0,0,-9500,0,0,0,0,0,0,0,0,0,0,0,0,0,-950,-475,0,0,0,0,579874665287615835,100200,0,0,0,0,0,0,0,0,110,110
579872543267325832,Order,2025/08/04,2025/08/15,VND,53550,85000,85000,95000,-10000,0,0,0,-31450,-4250,-8925,0,-35200,35200,0,0,0,0,0,0,-17000,-17000,0,0,0,0,0,0,0,0,0,0,0,0,0,0,0,-850,-425,0,0,0,0,579872543267325832,85000,0,0,0,0,0,0,0,0,110,110
579871724168054745,Order,2025/08/04,2025/08/15,VND,194861,297500,297500,350000,-52500,0,0,0,-102639,-13388,-31238,0,-47600,47600,0,0,0,0,0,0,-53550,-53550,0,0,0,0,0,0,0,0,0,0,0,0,0,0,0,-2975,-1488,0,0,0,0,579871724168054745,267750,0,0,0,29750,0,0,0,0,510,510
579871557197399710,Order,2025/08/04,2025/08/15,VND,191143,297500,297500,350000,-52500,0,0,0,-106357,-14131,-31238,0,-35100,35100,0,0,0,0,0,0,-56525,-56525,0,0,0,0,0,0,0,0,0,0,0,0,0,0,0,-2975,-1488,0,0,0,0,579871557197399710,282625,0,0,0,14875,0,0,0,0,510,510
579862058795173870,Order,2025/08/03,2025/08/15,VND,220500,350000,350000,350000,0,0,0,0,-129500,-17500,-36750,0,-47600,47600,0,0,0,0,0,0,-70000,-70000,0,0,0,0,0,0,0,0,0,0,0,0,0,0,0,-3500,-1750,0,0,0,0,579862058795173870,350000,0,0,0,0,0,0,0,0,510,510
579859357012624881,Order,2025/08/03,2025/08/15,VND,75613,115700,115700,130000,-14300,0,0,0,-40087,-5841,-12148,0,-40000,25000,15000,0,0,0,0,0,-20363,-20363,0,0,0,0,0,0,0,0,0,0,0,0,0,0,0,-1157,-578,0,0,0,0,579859357012624881,116816,0,0,0,13884,0,0,0,0,210,210
579859300569614220,Order,2025/08/03,2025/08/15,VND,195424,297500,297500,350000,-52500,0,0,0,-102076,-13275,-31238,0,-35100,35100,0,0,0,0,0,0,-53100,-53100,0,0,0,0,0,0,0,0,0,0,0,0,0,0,0,-2975,-1488,0,0,0,0,579859300569614220,265500,0,0,0,32000,0,0,0,0,510,510
579849676153456406,Order,2025/08/02,2025/08/15,VND,94900,130000,130000,130000,0,0,0,0,-35100,-6500,-13650,0,-35200,35200,0,0,0,0,0,0,0,0,0,-13000,0,0,0,0,0,0,0,0,0,0,0,0,0,-1300,-650,0,0,0,0,579849676153456406,130000,0,0,0,0,0,0,0,0,210,210
579848573881845521,Order,2025/08/02,2025/08/15,VND,81900,130000,130000,130000,0,0,0,0,-48100,-6500,-13650,0,-30300,30300,0,0,0,0,0,0,-26000,-26000,0,0,0,0,0,0,0,0,0,0,0,0,0,0,0,-1300,-650,0,0,0,0,579848573881845521,130000,0,0,0,0,0,0,0,0,210,210
579848433404708790,Order,2025/08/02,2025/08/15,VND,107100,170000,170000,190000,-20000,0,0,0,-62900,-8500,-17850,0,-40000,40000,0,0,0,0,0,0,-34000,-34000,0,0,0,0,0,0,0,0,0,0,0,0,0,0,0,-1700,-850,0,0,0,0,579848433404708790,170000,0,0,0,0,0,0,0,0,230,230
579848300479677476,Order,2025/08/02,2025/08/15,VND,187424,297500,297500,350000,-52500,0,0,0,-110076,-14875,-31238,0,-29700,29700,0,0,0,0,0,0,-59500,-59500,0,0,0,0,0,0,0,0,0,0,0,0,0,0,0,-2975,-1488,0,0,0,0,579848300479677476,297500,0,0,0,0,0,0,0,0,510,510
579847837035431311,Order,2025/08/02,2025/08/15,VND,374849,595000,595000,700000,-105000,0,0,0,-220151,-29750,-62475,0,-34000,34000,0,0,0,0,0,0,-119000,-119000,0,0,0,0,0,0,0,0,0,0,0,0,0,0,0,-5950,-2976,0,0,0,0,579847837035431311,595000,0,0,0,0,0,0,0,0,1030,1030
579874719532353040,Order,2025/08/05,2025/08/14,VND,69350,95000,95000,95000,0,0,0,0,-25650,-4750,-9975,0,-40000,40000,0,0,0,0,0,0,0,0,0,-9500,0,0,0,0,0,0,0,0,0,0,0,0,0,-950,-475,0,0,0,0,579874719532353040,95000,0,0,0,0,0,0,0,0,110,110
579874659227698520,Order,2025/08/05,2025/08/14,VND,94900,130000,130000,130000,0,0,0,0,-35100,-6500,-13650,0,-26200,26200,0,0,0,0,0,0,0,0,0,-13000,0,0,0,0,0,0,0,0,0,0,0,0,0,-1300,-650,0,0,0,0,579874659227698520,130000,0,0,0,0,0,0,0,0,210,210
579874639693055313,Order,2025/08/05,2025/08/14,VND,68850,95000,95000,95000,0,0,0,0,-26150,-5250,-9975,0,-40000,30000,10000,0,0,0,0,0,0,0,0,-9500,0,0,0,0,0,0,0,0,0,0,0,0,0,-950,-475,0,0,0,0,579874639693055313,105000,0,0,0,0,0,0,0,0,110,110
579874269966075596,Order,2025/08/04,2025/08/14,VND,94900,130000,130000,130000,0,0,0,0,-35100,-6500,-13650,0,-35200,35200,0,0,0,0,0,0,0,0,0,-13000,0,0,0,0,0,0,0,0,0,0,0,0,0,-1300,-650,0,0,0,0,579874269966075596,130000,0,0,0,0,0,0,0,0,210,210
579873303906715471,Order,2025/08/04,2025/08/14,VND,81900,130000,130000,130000,0,0,0,0,-48100,-6500,-13650,0,-30300,30300,0,0,0,0,0,0,-26000,-26000,0,0,0,0,0,0,0,0,0,0,0,0,0,0,0,-1300,-650,0,0,0,0,579873303906715471,130000,0,0,0,0,0,0,0,0,210,210
579873050078578215,Order,2025/08/04,2025/08/14,VND,53050,85000,85000,95000,-10000,0,0,0,-31950,-4750,-8925,0,-40000,30000,10000,0,0,0,0,0,-17000,-17000,0,0,0,0,0,0,0,0,0,0,0,0,0,0,0,-850,-425,0,0,0,0,579873050078578215,95000,0,0,0,0,0,0,0,0,110,110
579872850765120601,Order,2025/08/04,2025/08/14,VND,187424,297500,297500,350000,-52500,0,0,0,-110076,-14875,-31238,0,-35100,35100,0,0,0,0,0,0,-59500,-59500,0,0,0,0,0,0,0,0,0,0,0,0,0,0,0,-2975,-1488,0,0,0,0,579872850765120601,297500,0,0,0,0,0,0,0,0,510,510
579872320394921175,Order,2025/08/04,2025/08/14,VND,75377,115700,115700,130000,-14300,0,0,0,-40323,-5300,-12148,0,-30300,30000,300,0,0,0,0,0,-21140,-21140,0,0,0,0,0,0,0,0,0,0,0,0,0,0,0,-1157,-578,0,0,0,0,579872320394921175,106000,0,0,0,10000,0,0,0,0,210,210
579872137144731309,Order,2025/08/04,2025/08/14,VND,107100,170000,170000,190000,-20000,0,0,0,-62900,-8500,-17850,0,-30300,30300,0,0,0,0,0,0,-34000,-34000,0,0,0,0,0,0,0,0,0,0,0,0,0,0,0,-1700,-850,0,0,0,0,579872137144731309,170000,0,0,0,0,0,0,0,0,230,230
579871954761843825,Order,2025/08/04,2025/08/14,VND,53550,85000,85000,95000,-10000,0,0,0,-31450,-4250,-8925,0,-35200,35200,0,0,0,0,0,0,-17000,-17000,0,0,0,0,0,0,0,0,0,0,0,0,0,0,0,-850,-425,0,0,0,0,579871954761843825,85000,0,0,0,0,0,0,0,0,110,110
579871648168511461,Order,2025/08/04,2025/08/14,VND,187424,297500,297500,350000,-52500,0,0,0,-110076,-14875,-31238,0,-41400,41400,0,0,0,0,0,0,-59500,-59500,0,0,0,0,0,0,0,0,0,0,0,0,0,0,0,-2975,-1488,0,0,0,0,579871648168511461,297500,0,0,0,0,0,0,0,0,510,510
579871569101030911,Order,2025/08/04,2025/08/14,VND,194861,297500,297500,350000,-52500,0,0,0,-102639,-13388,-31238,0,-47600,47600,0,0,0,0,0,0,-53550,-53550,0,0,0,0,0,0,0,0,0,0,0,0,0,0,0,-2975,-1488,0,0,0,0,579871569101030911,267750,0,0,0,29750,0,0,0,0,510,510
579871526369002605,Order,2025/08/04,2025/08/14,VND,72392,115700,115700,130000,-14300,0,0,0,-43308,-6285,-12148,0,-40000,30000,10000,0,0,0,0,0,-23140,-23140,0,0,0,0,0,0,0,0,0,0,0,0,0,0,0,-1157,-578,0,0,0,0,579871526369002605,125700,0,0,0,0,0,0,0,0,210,210
579871501378946978,Order,2025/08/04,2025/08/14,VND,198580,297500,297500,350000,-52500,0,0,0,-98920,-12644,-31238,0,-47600,47600,0,0,0,0,0,0,-50575,-50575,0,0,0,0,0,0,0,0,0,0,0,0,0,0,0,-2975,-1488,0,0,0,0,579871501378946978,252875,0,0,0,44625,0,0,0,0,510,510
579871284376339755,Order,2025/08/04,2025/08/14,VND,192630,297500,297500,350000,-52500,0,0,0,-104870,-13834,-31238,0,-47600,47600,0,0,0,0,0,0,-55335,-55335,0,0,0,0,0,0,0,0,0,0,0,0,0,0,0,-2975,-1488,0,0,0,0,579871284376339755,276675,0,0,0,20825,0,0,0,0,510,510
579867769083495799,Order,2025/08/04,2025/08/14,VND,94900,130000,130000,130000,0,0,0,0,-35100,-6500,-13650,0,-40000,40000,0,0,0,0,0,0,0,0,0,-13000,0,0,0,0,0,0,0,0,0,0,0,0,0,-1300,-650,0,0,0,0,579867769083495799,130000,0,0,0,0,0,0,0,0,210,210
579866208496027375,Order,2025/08/04,2025/08/14,VND,59850,95000,95000,95000,0,0,0,0,-35150,-4750,-9975,0,-40000,40000,0,0,0,0,0,0,-19000,-19000,0,0,0,0,0,0,0,0,0,0,0,0,0,0,0,-950,-475,0,0,0,0,579866208496027375,95000,0,0,0,0,0,0,0,0,110,110
579863966925948726,Order,2025/08/04,2025/08/14,VND,228375,350000,350000,350000,0,0,0,0,-121625,-15925,-36750,0,-47600,47600,0,0,0,0,0,0,-63700,-63700,0,0,0,0,0,0,0,0,0,0,0,0,0,0,0,-3500,-1750,0,0,0,0,579863966925948726,318500,0,0,0,31500,0,0,0,0,510,510
579861282277196879,Order,2025/08/03,2025/08/14,VND,59350,95000,95000,95000,0,0,0,0,-35650,-5250,-9975,0,-40000,30000,10000,0,0,0,0,0,-19000,-19000,0,0,0,0,0,0,0,0,0,0,0,0,0,0,0,-950,-475,0,0,0,0,579861282277196879,105000,0,0,0,0,0,0,0,0,110,110
579860037224597374,Order,2025/08/03,2025/08/14,VND,53290,85000,85000,95000,-10000,0,0,0,-31710,-4510,-8925,0,-35200,30000,5200,0,0,0,0,0,-17000,-17000,0,0,0,0,0,0,0,0,0,0,0,0,0,0,0,-850,-425,0,0,0,0,579860037224597374,90200,0,0,0,0,0,0,0,0,110,110
579859669520123688,Order,2025/08/03,2025/08/14,VND,72632,115700,115700,130000,-14300,0,0,0,-43068,-6045,-12148,0,-35200,30000,5200,0,0,0,0,0,-23140,-23140,0,0,0,0,0,0,0,0,0,0,0,0,0,0,0,-1157,-578,0,0,0,0,579859669520123688,120900,0,0,0,0,0,0,0,0,210,210
579859468976883701,Order,2025/08/03,2025/08/14,VND,192630,297500,297500,350000,-52500,0,0,0,-104870,-13834,-31238,0,-35100,35100,0,0,0,0,0,0,-55335,-55335,0,0,0,0,0,0,0,0,0,0,0,0,0,0,0,-2975,-1488,0,0,0,0,579859468976883701,276675,0,0,0,20825,0,0,0,0,510,510
579859463274529979,Order,2025/08/03,2025/08/14,VND,53290,85000,85000,95000,-10000,0,0,0,-31710,-4510,-8925,0,-35200,30000,5200,0,0,0,0,0,-17000,-17000,0,0,0,0,0,0,0,0,0,0,0,0,0,0,0,-850,-425,0,0,0,0,579859463274529979,90200,0,0,0,0,0,0,0,0,110,110
579859282117297459,Order,2025/08/03,2025/08/14,VND,81900,130000,130000,130000,0,0,0,0,-48100,-6500,-13650,0,-40000,40000,0,0,0,0,0,0,-26000,-26000,0,0,0,0,0,0,0,0,0,0,0,0,0,0,0,-1300,-650,0,0,0,0,579859282117297459,130000,0,0,0,0,0,0,0,0,210,210
579857997260490582,Order,2025/08/03,2025/08/14,VND,68850,95000,95000,95000,0,0,0,0,-26150,-5250,-9975,0,-40000,30000,10000,0,0,0,0,0,0,0,0,-9500,0,0,0,0,0,0,0,0,0,0,0,0,0,-950,-475,0,0,0,0,579857997260490582,105000,0,0,0,0,0,0,0,0,110,110
579856332170495855,Order,2025/08/03,2025/08/14,VND,81900,130000,130000,130000,0,0,0,0,-48100,-6500,-13650,0,-40000,40000,0,0,0,0,0,0,-26000,-26000,0,0,0,0,0,0,0,0,0,0,0,0,0,0,0,-1300,-650,0,0,0,0,579856332170495855,130000,0,0,0,0,0,0,0,0,210,210
579854858641507973,Order,2025/08/03,2025/08/14,VND,61965,95000,95000,95000,0,0,0,0,-33035,-4535,-9975,0,-35200,30000,5200,0,0,0,0,0,-17100,-17100,0,0,0,0,0,0,0,0,0,0,0,0,0,0,0,-950,-475,0,0,0,0,579854858641507973,90700,0,0,0,9500,0,0,0,0,110,110
579854764780783471,Order,2025/08/03,2025/08/14,VND,119700,190000,190000,190000,0,0,0,0,-70300,-9500,-19950,0,-40000,40000,0,0,0,0,0,0,-38000,-38000,0,0,0,0,0,0,0,0,0,0,0,0,0,0,0,-1900,-950,0,0,0,0,579854764780783471,190000,0,0,0,0,0,0,0,0,230,230
579851747223831682,Order,2025/08/03,2025/08/14,VND,72377,115700,115700,130000,-14300,0,0,0,-43323,-6300,-12148,0,-30300,20000,10300,0,0,0,0,0,-23140,-23140,0,0,0,0,0,0,0,0,0,0,0,0,0,0,0,-1157,-578,0,0,0,0,579851747223831682,126000,0,0,0,0,0,0,0,0,210,210
579851021057492383,Order,2025/08/03,2025/08/14,VND,69040,95000,95000,95000,0,0,0,0,-25960,-5060,-9975,0,-26200,20000,6200,0,0,0,0,0,0,0,0,-9500,0,0,0,0,0,0,0,0,0,0,0,0,0,-950,-475,0,0,0,0,579851021057492383,101200,0,0,0,0,0,0,0,0,110,110
579850921611134624,Order,2025/08/03,2025/08/14,VND,68850,95000,95000,95000,0,0,0,0,-26150,-5250,-9975,0,-40000,30000,10000,0,0,0,0,0,0,0,0,-9500,0,0,0,0,0,0,0,0,0,0,0,0,0,-950,-475,0,0,0,0,579850921611134624,105000,0,0,0,0,0,0,0,0,110,110
579850005245560109,Order,2025/08/03,2025/08/14,VND,68350,95000,95000,95000,0,0,0,0,-26650,-5750,-9975,0,-40000,20000,20000,0,0,0,0,0,0,0,0,-9500,0,0,0,0,0,0,0,0,0,0,0,0,0,-950,-475,0,0,0,0,579850005245560109,115000,0,0,0,0,0,0,0,0,110,110
579848935873414984,Order,2025/08/02,2025/08/14,VND,52800,85000,85000,95000,-10000,0,0,0,-32200,-5000,-8925,0,-40000,25000,15000,0,0,0,0,0,-17000,-17000,0,0,0,0,0,0,0,0,0,0,0,0,0,0,0,-850,-425,0,0,0,0,579848935873414984,100000,0,0,0,0,0,0,0,0,110,110
579848756013139570,Order,2025/08/02,2025/08/14,VND,72892,115700,115700,130000,-14300,0,0,0,-42808,-5785,-12148,0,-40000,40000,0,0,0,0,0,0,-23140,-23140,0,0,0,0,0,0,0,0,0,0,0,0,0,0,0,-1157,-578,0,0,0,0,579848756013139570,115700,0,0,0,0,0,0,0,0,210,210
579848612234691754,Order,2025/08/02,2025/08/14,VND,187424,297500,297500,350000,-52500,0,0,0,-110076,-14875,-31238,0,-47600,47600,0,0,0,0,0,0,-59500,-59500,0,0,0,0,0,0,0,0,0,0,0,0,0,0,0,-2975,-1488,0,0,0,0,579848612234691754,297500,0,0,0,0,0,0,0,0,510,510
579848289860421214,Order,2025/08/02,2025/08/14,VND,187424,297500,297500,350000,-52500,0,0,0,-110076,-14875,-31238,0,-47600,47600,0,0,0,0,0,0,-59500,-59500,0,0,0,0,0,0,0,0,0,0,0,0,0,0,0,-2975,-1488,0,0,0,0,579848289860421214,297500,0,0,0,0,0,0,0,0,510,510
579847935872828419,Order,2025/08/02,2025/08/14,VND,59850,95000,95000,95000,0,0,0,0,-35150,-4750,-9975,0,-26200,26200,0,0,0,0,0,0,-19000,-19000,0,0,0,0,0,0,0,0,0,0,0,0,0,0,0,-950,-475,0,0,0,0,579847935872828419,95000,0,0,0,0,0,0,0,0,110,110
579847854749746908,Order,2025/08/02,2025/08/14,VND,72892,115700,115700,130000,-14300,0,0,0,-42808,-5785,-12148,0,-40000,40000,0,0,0,0,0,0,-23140,-23140,0,0,0,0,0,0,0,0,0,0,0,0,0,0,0,-1157,-578,0,0,0,0,579847854749746908,115700,0,0,0,0,0,0,0,0,210,210
579847464397080276,Order,2025/08/02,2025/08/14,VND,84650,130000,130000,130000,0,0,0,0,-45350,-5950,-13650,0,-30300,30300,0,0,0,0,0,0,-23800,-23800,0,0,0,0,0,0,0,0,0,0,0,0,0,0,0,-1300,-650,0,0,0,0,579847464397080276,119000,0,0,0,11000,0,0,0,0,210,210
579847309834225481,Order,2025/08/02,2025/08/14,VND,72392,115700,115700,130000,-14300,0,0,0,-43308,-6285,-12148,0,-40000,30000,10000,0,0,0,0,0,-23140,-23140,0,0,0,0,0,0,0,0,0,0,0,0,0,0,0,-1157,-578,0,0,0,0,579847309834225481,125700,0,0,0,0,0,0,0,0,210,210
579847162939802935,Order,2025/08/02,2025/08/14,VND,72892,115700,115700,130000,-14300,0,0,0,-42808,-5785,-12148,0,-35200,35200,0,0,0,0,0,0,-23140,-23140,0,0,0,0,0,0,0,0,0,0,0,0,0,0,0,-1157,-578,0,0,0,0,579847162939802935,115700,0,0,0,0,0,0,0,0,210,210
579847193027707948,Order,2025/08/02,2025/08/14,VND,81900,130000,130000,130000,0,0,0,0,-48100,-6500,-13650,0,-40000,40000,0,0,0,0,0,0,-26000,-26000,0,0,0,0,0,0,0,0,0,0,0,0,0,0,0,-1300,-650,0,0,0,0,579847193027707948,130000,0,0,0,0,0,0,0,0,210,210
579847134727538354,Order,2025/08/02,2025/08/14,VND,53550,85000,85000,95000,-10000,0,0,0,-31450,-4250,-8925,0,-40000,40000,0,0,0,0,0,0,-17000,-17000,0,0,0,0,0,0,0,0,0,0,0,0,0,0,0,-850,-425,0,0,0,0,579847134727538354,85000,0,0,0,0,0,0,0,0,110,110
579847123680462792,Order,2025/08/02,2025/08/14,VND,72392,115700,115700,130000,-14300,0,0,0,-43308,-6285,-12148,0,-40000,30000,10000,0,0,0,0,0,-23140,-23140,0,0,0,0,0,0,0,0,0,0,0,0,0,0,0,-1157,-578,0,0,0,0,579847123680462792,125700,0,0,0,0,0,0,0,0,210,210
579846992024667562,Order,2025/08/02,2025/08/14,VND,72892,115700,115700,130000,-14300,0,0,0,-42808,-5785,-12148,0,-40000,40000,0,0,0,0,0,0,-23140,-23140,0,0,0,0,0,0,0,0,0,0,0,0,0,0,0,-1157,-578,0,0,0,0,579846992024667562,115700,0,0,0,0,0,0,0,0,210,210
579846938896860211,Order,2025/08/02,2025/08/14,VND,187424,297500,297500,350000,-52500,0,0,0,-110076,-14875,-31238,0,-47600,47600,0,0,0,0,0,0,-59500,-59500,0,0,0,0,0,0,0,0,0,0,0,0,0,0,0,-2975,-1488,0,0,0,0,579846938896860211,297500,0,0,0,0,0,0,0,0,510,510
579846937667209045,Order,2025/08/02,2025/08/14,VND,187424,297500,297500,350000,-52500,0,0,0,-110076,-14875,-31238,0,-47600,47600,0,0,0,0,0,0,-59500,-59500,0,0,0,0,0,0,0,0,0,0,0,0,0,0,0,-2975,-1488,0,0,0,0,579846937667209045,297500,0,0,0,0,0,0,0,0,510,510
579846860536776020,Order,2025/08/02,2025/08/14,VND,72892,115700,115700,130000,-14300,0,0,0,-42808,-5785,-12148,0,-40000,40000,0,0,0,0,0,0,-23140,-23140,0,0,0,0,0,0,0,0,0,0,0,0,0,0,0,-1157,-578,0,0,0,0,579846860536776020,115700,0,0,0,0,0,0,0,0,210,210
579874407915554284,Order,2025/08/04,2025/08/13,VND,94900,130000,130000,130000,0,0,0,0,-35100,-6500,-13650,0,-26200,26200,0,0,0,0,0,0,0,0,0,-13000,0,0,0,0,0,0,0,0,0,0,0,0,0,-1300,-650,0,0,0,0,579874407915554284,130000,0,0,0,0,0,0,0,0,210,210
579847413319567043,Order,2025/08/02,2025/08/13,VND,72892,115700,115700,130000,-14300,0,0,0,-42808,-5785,-12148,0,-30300,30300,0,0,0,0,0,0,-23140,-23140,0,0,0,0,0,0,0,0,0,0,0,0,0,0,0,-1157,-578,0,0,0,0,579847413319567043,115700,0,0,0,0,0,0,0,0,210,210
579835745307166400,Order,2025/08/01,2025/08/13,VND,80304,123500,123500,130000,-6500,0,0,0,-43196,-5675,-12968,0,-40000,40000,0,0,0,0,0,0,-22700,-22700,0,0,0,0,0,0,0,0,0,0,0,0,0,0,0,-1235,-618,0,0,0,0,579835745307166400,113500,0,0,0,10000,0,0,0,0,210,210
579835014667405052,Order,2025/08/01,2025/08/13,VND,194118,297500,297500,350000,-52500,0,0,0,-103382,-13536,-31238,0,-35100,35100,0,0,0,0,0,0,-54145,-54145,0,0,0,0,0,0,0,0,0,0,0,0,0,0,0,-2975,-1488,0,0,0,0,579835014667405052,270725,0,0,0,26775,0,0,0,0,510,510
579834848427148785,Order,2025/08/01,2025/08/13,VND,194118,297500,297500,350000,-52500,0,0,0,-103382,-13536,-31238,0,-29700,29700,0,0,0,0,0,0,-54145,-54145,0,0,0,0,0,0,0,0,0,0,0,0,0,0,0,-2975,-1488,0,0,0,0,579834848427148785,270725,0,0,0,26775,0,0,0,0,510,510
579842734081672398,Order,2025/08/02,2025/08/12,VND,84650,130000,130000,130000,0,0,0,0,-45350,-5950,-13650,0,-26200,26200,0,0,0,0,0,0,-23800,-23800,0,0,0,0,0,0,0,0,0,0,0,0,0,0,0,-1300,-650,0,0,0,0,579842734081672398,119000,0,0,0,11000,0,0,0,0,210,210
579840973578864523,Order,2025/08/02,2025/08/12,VND,231000,350000,350000,350000,0,0,0,0,-119000,-15400,-36750,0,-47600,47600,0,0,0,0,0,0,-61600,-61600,0,0,0,0,0,0,0,0,0,0,0,0,0,0,0,-3500,-1750,0,0,0,0,579840973578864523,308000,0,0,0,42000,0,0,0,0,510,510
579836842799236507,Order,2025/08/01,2025/08/12,VND,53050,85000,85000,95000,-10000,0,0,0,-31950,-4750,-8925,0,-40000,30000,10000,0,0,0,0,0,-17000,-17000,0,0,0,0,0,0,0,0,0,0,0,0,0,0,0,-850,-425,0,0,0,0,579836842799236507,95000,0,0,0,0,0,0,0,0,110,110
579836857396921681,Order,2025/08/01,2025/08/12,VND,72892,115700,115700,130000,-14300,0,0,0,-42808,-5785,-12148,0,-40000,40000,0,0,0,0,0,0,-23140,-23140,0,0,0,0,0,0,0,0,0,0,0,0,0,0,0,-1157,-578,0,0,0,0,579836857396921681,115700,0,0,0,0,0,0,0,0,210,210
579836784209528568,Order,2025/08/01,2025/08/12,VND,72392,115700,115700,130000,-14300,0,0,0,-43308,-6285,-12148,0,-40000,30000,10000,0,0,0,0,0,-23140,-23140,0,0,0,0,0,0,0,0,0,0,0,0,0,0,0,-1157,-578,0,0,0,0,579836784209528568,125700,0,0,0,0,0,0,0,0,210,210
579836636362015804,Order,2025/08/01,2025/08/12,VND,53550,85000,85000,95000,-10000,0,0,0,-31450,-4250,-8925,0,-40000,40000,0,0,0,0,0,0,-17000,-17000,0,0,0,0,0,0,0,0,0,0,0,0,0,0,0,-850,-425,0,0,0,0,579836636362015804,85000,0,0,0,0,0,0,0,0,110,110
579836510729176124,Order,2025/08/01,2025/08/12,VND,55812,85000,85000,95000,-10000,0,0,0,-29188,-4198,-8925,0,-40000,30000,10000,0,0,0,0,0,-14790,-14790,0,0,0,0,0,0,0,0,0,0,0,0,0,0,0,-850,-425,0,0,0,0,579836510729176124,83950,0,0,0,11050,0,0,0,0,110,110
579836360416593026,Order,2025/08/01,2025/08/12,VND,291566,462800,462800,520000,-57200,0,0,0,-171234,-23140,-48594,0,-47600,47600,0,0,0,0,0,0,-92560,-92560,0,0,0,0,0,0,0,0,0,0,0,0,0,0,0,-4628,-2312,0,0,0,0,579836360416593026,462800,0,0,0,0,0,0,0,0,830,830
579836308358923992,Order,2025/08/01,2025/08/12,VND,77804,123500,123500,130000,-6500,0,0,0,-45696,-6175,-12968,0,-30300,30300,0,0,0,0,0,0,-24700,-24700,0,0,0,0,0,0,0,0,0,0,0,0,0,0,0,-1235,-618,0,0,0,0,579836308358923992,123500,0,0,0,0,0,0,0,0,210,210
579836301066536733,Order,2025/08/01,2025/08/12,VND,191174,297500,297500,350000,-52500,0,0,0,-106326,-14125,-31238,0,-35100,35100,0,0,0,0,0,0,-56500,-56500,0,0,0,0,0,0,0,0,0,0,0,0,0,0,0,-2975,-1488,0,0,0,0,579836301066536733,282500,0,0,0,15000,0,0,0,0,510,510
579836175865185774,Order,2025/08/01,2025/08/12,VND,77544,123500,123500,130000,-6500,0,0,0,-45956,-6435,-12968,0,-35200,30000,5200,0,0,0,0,0,-24700,-24700,0,0,0,0,0,0,0,0,0,0,0,0,0,0,0,-1235,-618,0,0,0,0,579836175865185774,128700,0,0,0,0,0,0,0,0,210,210
579836018530223933,Order,2025/08/01,2025/08/12,VND,191174,297500,297500,350000,-52500,0,0,0,-106326,-14125,-31238,0,-41400,41400,0,0,0,0,0,0,-56500,-56500,0,0,0,0,0,0,0,0,0,0,0,0,0,0,0,-2975,-1488,0,0,0,0,579836018530223933,282500,0,0,0,15000,0,0,0,0,510,510
579835962093307666,Order,2025/08/01,2025/08/12,VND,72877,115700,115700,130000,-14300,0,0,0,-42823,-5800,-12148,0,-30300,30000,300,0,0,0,0,0,-23140,-23140,0,0,0,0,0,0,0,0,0,0,0,0,0,0,0,-1157,-578,0,0,0,0,579835962093307666,116000,0,0,0,0,0,0,0,0,210,210
579835968691144526,Order,2025/08/01,2025/08/12,VND,53550,85000,85000,95000,-10000,0,0,0,-31450,-4250,-8925,0,-40000,40000,0,0,0,0,0,0,-17000,-17000,0,0,0,0,0,0,0,0,0,0,0,0,0,0,0,-850,-425,0,0,0,0,579835968691144526,85000,0,0,0,0,0,0,0,0,110,110
579835751703021207,Order,2025/08/01,2025/08/12,VND,191104,297500,297500,350000,-52500,0,0,0,-106396,-14195,-31238,0,-41400,40000,1400,0,0,0,0,0,-56500,-56500,0,0,0,0,0,0,0,0,0,0,0,0,0,0,0,-2975,-1488,0,0,0,0,579835751703021207,283900,0,0,0,15000,0,0,0,0,510,510
579835730000447357,Order,2025/08/01,2025/08/12,VND,191174,297500,297500,350000,-52500,0,0,0,-106326,-14125,-31238,0,-47600,47600,0,0,0,0,0,0,-56500,-56500,0,0,0,0,0,0,0,0,0,0,0,0,0,0,0,-2975,-1488,0,0,0,0,579835730000447357,282500,0,0,0,15000,0,0,0,0,510,510
579835627491329534,Order,2025/08/01,2025/08/12,VND,53290,85000,85000,95000,-10000,0,0,0,-31710,-4510,-8925,0,-35200,30000,5200,0,0,0,0,0,-17000,-17000,0,0,0,0,0,0,0,0,0,0,0,0,0,0,0,-850,-425,0,0,0,0,579835627491329534,90200,0,0,0,0,0,0,0,0,110,110
579835592257406610,Order,2025/08/01,2025/08/12,VND,72392,115700,115700,130000,-14300,0,0,0,-43308,-6285,-12148,0,-40000,30000,10000,0,0,0,0,0,-23140,-23140,0,0,0,0,0,0,0,0,0,0,0,0,0,0,0,-1157,-578,0,0,0,0,579835592257406610,125700,0,0,0,0,0,0,0,0,210,210
579835268444030091,Order,2025/08/01,2025/08/12,VND,71892,115700,115700,130000,-14300,0,0,0,-43808,-6785,-12148,0,-40000,20000,20000,0,0,0,0,0,-23140,-23140,0,0,0,0,0,0,0,0,0,0,0,0,0,0,0,-1157,-578,0,0,0,0,579835268444030091,135700,0,0,0,0,0,0,0,0,210,210
579835137859749192,Order,2025/08/01,2025/08/12,VND,191174,297500,297500,350000,-52500,0,0,0,-106326,-14125,-31238,0,-47600,47600,0,0,0,0,0,0,-56500,-56500,0,0,0,0,0,0,0,0,0,0,0,0,0,0,0,-2975,-1488,0,0,0,0,579835137859749192,282500,0,0,0,15000,0,0,0,0,510,510
579835078743065857,Order,2025/08/01,2025/08/12,VND,72892,115700,115700,130000,-14300,0,0,0,-42808,-5785,-12148,0,-35200,35200,0,0,0,0,0,0,-23140,-23140,0,0,0,0,0,0,0,0,0,0,0,0,0,0,0,-1157,-578,0,0,0,0,579835078743065857,115700,0,0,0,0,0,0,0,0,210,210
579834851697853960,Order,2025/08/01,2025/08/12,VND,196349,297500,297500,350000,-52500,0,0,0,-101151,-13090,-31238,0,-47600,47600,0,0,0,0,0,0,-52360,-52360,0,0,0,0,0,0,0,0,0,0,0,0,0,0,0,-2975,-1488,0,0,0,0,579834851697853960,261800,0,0,0,35700,0,0,0,0,510,510
579830518386558496,Order,2025/08/01,2025/08/12,VND,80385,130000,130000,130000,0,0,0,0,-49615,-8015,-13650,0,-30300,0,30300,0,0,0,0,0,-26000,-26000,0,0,0,0,0,0,0,0,0,0,0,0,0,0,0,-1300,-650,0,0,0,0,579830518386558496,160300,0,0,0,0,0,0,0,0,210,210
579836336096839297,Order,2025/08/01,2025/08/11,VND,53550,85000,85000,95000,-10000,0,0,0,-31450,-4250,-8925,0,-19700,19700,0,0,0,0,0,0,-17000,-17000,0,0,0,0,0,0,0,0,0,0,0,0,0,0,0,-850,-425,0,0,0,0,579836336096839297,85000,0,0,0,0,0,0,0,0,110,110
579834885615551929,Order,2025/08/01,2025/08/11,VND,88392,115700,115700,130000,-14300,0,0,0,-27308,-2685,-12148,0,-30300,30300,0,0,0,0,0,0,-10740,-10740,0,0,0,0,0,0,0,0,0,0,0,0,0,0,0,-1157,-578,0,0,0,0,579834885615551929,53700,0,0,0,62000,0,0,0,0,210,210